
################################################################################

 PACKMOL - Packing optimization for the automated generation of
 starting configurations for molecular dynamics simulations.
 
                                                             Version 21.0.1 

################################################################################

  Packmol must be run with: packmol < inputfile.inp 

  Userguide at: http://m3g.iqm.unicamp.br/packmol 

  Reading input file... (Control-C aborts)
  Types of coordinate files specified: xyz
  Periodic boundary condition activated: 
    Minimum coordinates:     0.00    0.00    0.00
    Maximum coordinates:    34.03   34.38   38.00
  Seed for random number generator:     20261006
  Output file: packed.xyz
  Reading coordinate file: graphene.xyz
  Reading coordinate file: polymer.xyz
  Reading coordinate file: solvent.xyz
  Number of independent structures:            3
  The structures are: 
  Structure            1 :Properties=species:S:1:pos:R:3 pbc="F F F"(         448  atoms)
  Structure            2 :Properties=species:S:1:pos:R:3 pbc="F F F"(          65  atoms)
  Structure            3 :Properties=species:S:1:pos:R:3:energies:R:1:forces:R:3:charge:R:1 energy=-628.942036384709 free_energy=-628.942036384709 dipole="0.14250206458350717 -0.257476029564728 0.01635780902099993" pbc="F F F"(          16  atoms)
  Maximum number of GENCAN loops for all molecule packing:          500
  Distance tolerance:    2.0000000000000000     
  Number of molecules of type            1 :            1
  Number of molecules of type            2 :            1
  Number of molecules of type            3 :          216
  Total number of restrictions:            2
  Total number of atoms:         3969
  Molecule Properties=species:S:1:pos:R:3 pbc="F F F"(           1 ) will be fixed.
  Molecule Properties=species:S:1:pos:R:3 pbc="F F F"(           2 ) will be fixed.
  Total number of molecules:          218
  Number of fixed molecules:            2
  Number of free molecules:          216
  Number of variables:         1296
  Total number of fixed atoms:          513
  PBC on: Constraint automatically added to non-fixed atoms:
  -> inside box     0.00    0.00    0.00   34.03   34.38   38.00
  Updated total number of restrictions:            3
  Maximum internal distance of type            1 :    7.0709055932298712     
  All atoms must be within these coordinates: 
   x: [   -993.60000000000002      ,    1006.4000000000000       ] 
   y: [   -996.17876313597037      ,    1003.8212368640296       ] 
   z: [   -999.34362743150325      ,    1000.6563725684967       ] 
  If the system is larger than this, increase the sidemax parameter. 

################################################################################

  Building initial approximation ... 

################################################################################

  Adjusting initial point to fit the constraints 

--------------------------------------------------------------------------------

--------------------------------------------------------------------------------

  Molecules of type:            3

  Packing:|0                                                        100%|
          |************************************************

  Restraint-only function value:    1.1062140489881024E-002
  Maximum violation of the restraints:    8.6874032363441506E-003

--------------------------------------------------------------------------------

  Rescaling maximum and minimum coordinates... 
  Mininum and maximum coordinates after constraint fitting: 
   x: [   -2.0178200349761630E-002 ,    34.036458624483878       ] 
   y: [   -1.0761275029622293E-002 ,    34.412360914365379       ] 
   z: [   -9.3206240329412229E-002 ,    38.023242446168148       ] 
  Computing size of patches... 
  Number of cells in each direction and cell sides: 
   x:           15  cells of size    2.2687999999999997     
   y:           15  cells of size    2.2923115087999997     
   z:           17  cells of size    2.2352941176470589     
  Cell-system length:   34.03200  34.38467  38.00000
  Add fixed molecules to permanent arrays... 
  Reseting center of mass... 

--------------------------------------------------------------------------------

  Setting initial trial coordinates ... 

--------------------------------------------------------------------------------

--------------------------------------------------------------------------------

  Molecules of type:            3
  Adjusting random positions to fit the constraints. 
  Packing:|0                                                        100%|
          |*********
  Restraint-only function value:    0.0000000000000000     
  Maximum violation of the restraints:    0.0000000000000000     

################################################################################

  Objective function at initial point:    25978.074895735681     

################################################################################

  Packing molecules of type:            3

################################################################################


--------------------------------------------------------------------------------

  Starting GENCAN loop:            0
  Scaling radii by:    1.1000000000000001     

  Packing:|0                                                        100%|
          |*************************************************************|

  Function value from last GENCAN loop: f = .68678E+03
  Best function value before: f = .25978E+05
  Improvement from best function value:    97.36 %
  Improvement from last loop:    97.36 %
  Maximum violation of target distance:     3.546387
  Maximum violation of the constraints: .22162E+01
  All-type function value: .68678E+03

--------------------------------------------------------------------------------


--------------------------------------------------------------------------------

  Starting GENCAN loop:            1
  Scaling radii by:    1.1000000000000001     

  Packing:|0                                                        100%|
          |*************************************************************|

  Function value from last GENCAN loop: f = .18327E+03
  Best function value before: f = .68678E+03
  Improvement from best function value:    73.31 %
  Improvement from last loop:    73.31 %
  Maximum violation of target distance:     3.125516
  Maximum violation of the constraints: .25668E+01
  All-type function value: .18327E+03

--------------------------------------------------------------------------------


--------------------------------------------------------------------------------

  Starting GENCAN loop:            2
  Scaling radii by:    1.1000000000000001     

  Packing:|0                                                        100%|
          |*************************************************************|

  Function value from last GENCAN loop: f = .16505E+03
  Best function value before: f = .18327E+03
  Improvement from best function value:     9.94 %
  Improvement from last loop:     9.94 %
  Maximum violation of target distance:     3.045891
  Maximum violation of the constraints: .10734E+01
  All-type function value: .16505E+03

--------------------------------------------------------------------------------


--------------------------------------------------------------------------------

  Starting GENCAN loop:            3
  Scaling radii by:    1.1000000000000001     

  Packing:|0                                                        100%|
          |*************************************************************|

  Function value from last GENCAN loop: f = .16055E+03
  Best function value before: f = .16505E+03
  Improvement from best function value:     2.73 %
  Improvement from last loop:     2.73 %
  Maximum violation of target distance:     3.046479
  Maximum violation of the constraints: .22444E+00
  All-type function value: .16055E+03

--------------------------------------------------------------------------------


--------------------------------------------------------------------------------

  Starting GENCAN loop:            4
  Scaling radii by:    1.1000000000000001     

  Packing:|0                                                        100%|
          |*************************************************************|

  Function value from last GENCAN loop: f = .15976E+03
  Best function value before: f = .16055E+03
  Improvement from best function value:     0.49 %
  Improvement from last loop:     0.49 %
  Maximum violation of target distance:     3.042337
  Maximum violation of the constraints: .89748E-01
  All-type function value: .15976E+03

--------------------------------------------------------------------------------

  Moving worst molecules ... 
  Function value before moving molecules:   159.76402214453319     
  Type         1 molecules with non-zero contributions:    4.63%
  Moving         0 molecules of type         1
  New positions will be based on good molecules (movebadrandom is not set) 
   Moving:|0                                                        100%|
          ||
  Function value after moving molecules:   159.76402214453319     

--------------------------------------------------------------------------------

  Starting GENCAN loop:            5
  Scaling radii by:    1.0000000000000000     

  Packing:|0                                                        100%|
          |*************************************************************|

  Function value from last GENCAN loop: f = .13922E+03
  Best function value before: f = .15976E+03
  Improvement from best function value:    12.86 %
  Improvement from last loop:    12.86 %
  Maximum violation of target distance:     3.082562
  Maximum violation of the constraints: .14151E-10
  All-type function value: .13922E+03

--------------------------------------------------------------------------------


--------------------------------------------------------------------------------

  Starting GENCAN loop:            6
  Scaling radii by:    1.0000000000000000     

  Packing:|0                                                        100%|
          |************

  Function value from last GENCAN loop: f = .13922E+03
  Best function value before: f = .13922E+03
  Improvement from best function value:     0.00 %
  Improvement from last loop:     0.00 %
  Maximum violation of target distance:     3.082562
  Maximum violation of the constraints: .00000E+00
  All-type function value: .13922E+03

--------------------------------------------------------------------------------

  Moving worst molecules ... 
  Function value before moving molecules:   139.22355145635544     
  Type         1 molecules with non-zero contributions:    2.78%
  Moving         0 molecules of type         1
  New positions will be based on good molecules (movebadrandom is not set) 
   Moving:|0                                                        100%|
          ||
  Function value after moving molecules:   139.22355145635544     

--------------------------------------------------------------------------------

  Starting GENCAN loop:            7
  Scaling radii by:    1.0000000000000000     

  Packing:|0                                                        100%|
          |

  Function value from last GENCAN loop: f = .13922E+03
  Best function value before: f = .13922E+03
  Improvement from best function value:    -0.00 %
  Improvement from last loop:    -0.00 %
  Maximum violation of target distance:     3.082562
  Maximum violation of the constraints: .00000E+00
  All-type function value: .13922E+03

--------------------------------------------------------------------------------

  Moving worst molecules ... 
  Function value before moving molecules:   139.22355145635544     
  Type         1 molecules with non-zero contributions:    2.78%
  Moving         0 molecules of type         1
  New positions will be based on good molecules (movebadrandom is not set) 
   Moving:|0                                                        100%|
          ||
  Function value after moving molecules:   139.22355145635544     

--------------------------------------------------------------------------------

  Starting GENCAN loop:            8
  Scaling radii by:    1.0000000000000000     

  Packing:|0                                                        100%|
          |

  Function value from last GENCAN loop: f = .13922E+03
  Best function value before: f = .13922E+03
  Improvement from best function value:    -0.00 %
  Improvement from last loop:    -0.00 %
  Maximum violation of target distance:     3.082562
  Maximum violation of the constraints: .00000E+00
  All-type function value: .13922E+03

--------------------------------------------------------------------------------

  Moving worst molecules ... 
  Function value before moving molecules:   139.22355145635544     
  Type         1 molecules with non-zero contributions:    2.78%
  Moving         0 molecules of type         1
  New positions will be based on good molecules (movebadrandom is not set) 
   Moving:|0                                                        100%|
          ||
  Function value after moving molecules:   139.22355145635544     

--------------------------------------------------------------------------------

  Starting GENCAN loop:            9
  Scaling radii by:    1.0000000000000000     

  Packing:|0                                                        100%|
          |

  Function value from last GENCAN loop: f = .13922E+03
  Best function value before: f = .13922E+03
  Improvement from best function value:    -0.00 %
  Improvement from last loop:    -0.00 %
  Maximum violation of target distance:     3.082562
  Maximum violation of the constraints: .00000E+00
  All-type function value: .13922E+03

--------------------------------------------------------------------------------

  Current solution written to file: packed.xyz
  Moving worst molecules ... 
  Function value before moving molecules:   139.22355145635544     
  Type         1 molecules with non-zero contributions:    2.78%
  Moving         0 molecules of type         1
  New positions will be based on good molecules (movebadrandom is not set) 
   Moving:|0                                                        100%|
          ||
  Function value after moving molecules:   139.22355145635544     

--------------------------------------------------------------------------------

  Starting GENCAN loop:           10
  Scaling radii by:    1.0000000000000000     

  Packing:|0                                                        100%|
          |

  Function value from last GENCAN loop: f = .13922E+03
  Best function value before: f = .13922E+03
  Improvement from best function value:    -0.00 %
  Improvement from last loop:    -0.00 %
  Maximum violation of target distance:     3.082562
  Maximum violation of the constraints: .00000E+00
  All-type function value: .13922E+03

--------------------------------------------------------------------------------

  Moving worst molecules ... 
  Function value before moving molecules:   139.22355145635544     
  Type         1 molecules with non-zero contributions:    2.78%
  Moving         0 molecules of type         1
  New positions will be based on good molecules (movebadrandom is not set) 
   Moving:|0                                                        100%|
          ||
  Function value after moving molecules:   139.22355145635544     

--------------------------------------------------------------------------------

  Starting GENCAN loop:           11
  Scaling radii by:    1.0000000000000000     

  Packing:|0                                                        100%|
          |

  Function value from last GENCAN loop: f = .13922E+03
  Best function value before: f = .13922E+03
  Improvement from best function value:    -0.00 %
  Improvement from last loop:    -0.00 %
  Maximum violation of target distance:     3.082562
  Maximum violation of the constraints: .00000E+00
  All-type function value: .13922E+03

--------------------------------------------------------------------------------

  Moving worst molecules ... 
  Function value before moving molecules:   139.22355145635544     
  Type         1 molecules with non-zero contributions:    2.78%
  Moving         0 molecules of type         1
  New positions will be based on good molecules (movebadrandom is not set) 
   Moving:|0                                                        100%|
          ||
  Function value after moving molecules:   139.22355145635544     

--------------------------------------------------------------------------------

  Starting GENCAN loop:           12
  Scaling radii by:    1.0000000000000000     

  Packing:|0                                                        100%|
          |

  Function value from last GENCAN loop: f = .13922E+03
  Best function value before: f = .13922E+03
  Improvement from best function value:    -0.00 %
  Improvement from last loop:    -0.00 %
  Maximum violation of target distance:     3.082562
  Maximum violation of the constraints: .00000E+00
  All-type function value: .13922E+03

--------------------------------------------------------------------------------

  Moving worst molecules ... 
  Function value before moving molecules:   139.22355145635544     
  Type         1 molecules with non-zero contributions:    2.78%
  Moving         0 molecules of type         1
  New positions will be based on good molecules (movebadrandom is not set) 
   Moving:|0                                                        100%|
          ||
  Function value after moving molecules:   139.22355145635544     

--------------------------------------------------------------------------------

  Starting GENCAN loop:           13
  Scaling radii by:    1.0000000000000000     

  Packing:|0                                                        100%|
          |

  Function value from last GENCAN loop: f = .13922E+03
  Best function value before: f = .13922E+03
  Improvement from best function value:    -0.00 %
  Improvement from last loop:    -0.00 %
  Maximum violation of target distance:     3.082562
  Maximum violation of the constraints: .00000E+00
  All-type function value: .13922E+03

--------------------------------------------------------------------------------

  Moving worst molecules ... 
  Function value before moving molecules:   139.22355145635544     
  Type         1 molecules with non-zero contributions:    2.78%
  Moving         0 molecules of type         1
  New positions will be based on good molecules (movebadrandom is not set) 
   Moving:|0                                                        100%|
          ||
  Function value after moving molecules:   139.22355145635544     

--------------------------------------------------------------------------------

  Starting GENCAN loop:           14
  Scaling radii by:    1.0000000000000000     

  Packing:|0                                                        100%|
          |

  Function value from last GENCAN loop: f = .13922E+03
  Best function value before: f = .13922E+03
  Improvement from best function value:    -0.00 %
  Improvement from last loop:    -0.00 %
  Maximum violation of target distance:     3.082562
  Maximum violation of the constraints: .00000E+00
  All-type function value: .13922E+03

--------------------------------------------------------------------------------

  Moving worst molecules ... 
  Function value before moving molecules:   139.22355145635544     
  Type         1 molecules with non-zero contributions:    2.78%
  Moving         0 molecules of type         1
  New positions will be based on good molecules (movebadrandom is not set) 
   Moving:|0                                                        100%|
          ||
  Function value after moving molecules:   139.22355145635544     

--------------------------------------------------------------------------------

  Starting GENCAN loop:           15
  Scaling radii by:    1.0000000000000000     

  Packing:|0                                                        100%|
          |

  Function value from last GENCAN loop: f = .13922E+03
  Best function value before: f = .13922E+03
  Improvement from best function value:    -0.00 %
  Improvement from last loop:    -0.00 %
  Maximum violation of target distance:     3.082562
  Maximum violation of the constraints: .00000E+00
  All-type function value: .13922E+03

--------------------------------------------------------------------------------

  Moving worst molecules ... 
  Function value before moving molecules:   139.22355145635544     
  Type         1 molecules with non-zero contributions:    2.78%
  Moving         0 molecules of type         1
  New positions will be based on good molecules (movebadrandom is not set) 
   Moving:|0                                                        100%|
          ||
  Function value after moving molecules:   139.22355145635544     

--------------------------------------------------------------------------------

  Starting GENCAN loop:           16
  Scaling radii by:    1.0000000000000000     

  Packing:|0                                                        100%|
          |

  Function value from last GENCAN loop: f = .13922E+03
  Best function value before: f = .13922E+03
  Improvement from best function value:    -0.00 %
  Improvement from last loop:    -0.00 %
  Maximum violation of target distance:     3.082562
  Maximum violation of the constraints: .00000E+00
  All-type function value: .13922E+03

--------------------------------------------------------------------------------

  Moving worst molecules ... 
  Function value before moving molecules:   139.22355145635544     
  Type         1 molecules with non-zero contributions:    2.78%
  Moving         0 molecules of type         1
  New positions will be based on good molecules (movebadrandom is not set) 
   Moving:|0                                                        100%|
          ||
  Function value after moving molecules:   139.22355145635544     

--------------------------------------------------------------------------------

  Starting GENCAN loop:           17
  Scaling radii by:    1.0000000000000000     

  Packing:|0                                                        100%|
          |

  Function value from last GENCAN loop: f = .13922E+03
  Best function value before: f = .13922E+03
  Improvement from best function value:    -0.00 %
  Improvement from last loop:    -0.00 %
  Maximum violation of target distance:     3.082562
  Maximum violation of the constraints: .00000E+00
  All-type function value: .13922E+03

--------------------------------------------------------------------------------

  Moving worst molecules ... 
  Function value before moving molecules:   139.22355145635544     
  Type         1 molecules with non-zero contributions:    2.78%
  Moving         0 molecules of type         1
  New positions will be based on good molecules (movebadrandom is not set) 
   Moving:|0                                                        100%|
          ||
  Function value after moving molecules:   139.22355145635544     

--------------------------------------------------------------------------------

  Starting GENCAN loop:           18
  Scaling radii by:    1.0000000000000000     

  Packing:|0                                                        100%|
          |

  Function value from last GENCAN loop: f = .13922E+03
  Best function value before: f = .13922E+03
  Improvement from best function value:    -0.00 %
  Improvement from last loop:    -0.00 %
  Maximum violation of target distance:     3.082562
  Maximum violation of the constraints: .00000E+00
  All-type function value: .13922E+03

--------------------------------------------------------------------------------

  Moving worst molecules ... 
  Function value before moving molecules:   139.22355145635544     
  Type         1 molecules with non-zero contributions:    2.78%
  Moving         0 molecules of type         1
  New positions will be based on good molecules (movebadrandom is not set) 
   Moving:|0                                                        100%|
          ||
  Function value after moving molecules:   139.22355145635544     

--------------------------------------------------------------------------------

  Starting GENCAN loop:           19
  Scaling radii by:    1.0000000000000000     

  Packing:|0                                                        100%|
          |

  Function value from last GENCAN loop: f = .13922E+03
  Best function value before: f = .13922E+03
  Improvement from best function value:    -0.00 %
  Improvement from last loop:    -0.00 %
  Maximum violation of target distance:     3.082562
  Maximum violation of the constraints: .00000E+00
  All-type function value: .13922E+03

--------------------------------------------------------------------------------

  Moving worst molecules ... 
  Function value before moving molecules:   139.22355145635544     
  Type         1 molecules with non-zero contributions:    2.78%
  Moving         0 molecules of type         1
  New positions will be based on good molecules (movebadrandom is not set) 
   Moving:|0                                                        100%|
          ||
  Function value after moving molecules:   139.22355145635544     

--------------------------------------------------------------------------------

  Starting GENCAN loop:           20
  Scaling radii by:    1.0000000000000000     

  Packing:|0                                                        100%|
          |

  Function value from last GENCAN loop: f = .13922E+03
  Best function value before: f = .13922E+03
  Improvement from best function value:    -0.00 %
  Improvement from last loop:    -0.00 %
  Maximum violation of target distance:     3.082562
  Maximum violation of the constraints: .00000E+00
  All-type function value: .13922E+03

--------------------------------------------------------------------------------

  Moving worst molecules ... 
  Function value before moving molecules:   139.22355145635544     
  Type         1 molecules with non-zero contributions:    2.78%
  Moving         0 molecules of type         1
  New positions will be based on good molecules (movebadrandom is not set) 
   Moving:|0                                                        100%|
          ||
  Function value after moving molecules:   139.22355145635544     

--------------------------------------------------------------------------------

  Starting GENCAN loop:           21
  Scaling radii by:    1.0000000000000000     

  Packing:|0                                                        100%|
          |

  Function value from last GENCAN loop: f = .13922E+03
  Best function value before: f = .13922E+03
  Improvement from best function value:    -0.00 %
  Improvement from last loop:    -0.00 %
  Maximum violation of target distance:     3.082562
  Maximum violation of the constraints: .00000E+00
  All-type function value: .13922E+03

--------------------------------------------------------------------------------

  Moving worst molecules ... 
  Function value before moving molecules:   139.22355145635544     
  Type         1 molecules with non-zero contributions:    2.78%
  Moving         0 molecules of type         1
  New positions will be based on good molecules (movebadrandom is not set) 
   Moving:|0                                                        100%|
          ||
  Function value after moving molecules:   139.22355145635544     

--------------------------------------------------------------------------------

  Starting GENCAN loop:           22
  Scaling radii by:    1.0000000000000000     

  Packing:|0                                                        100%|
          |

  Function value from last GENCAN loop: f = .13922E+03
  Best function value before: f = .13922E+03
  Improvement from best function value:    -0.00 %
  Improvement from last loop:    -0.00 %
  Maximum violation of target distance:     3.082562
  Maximum violation of the constraints: .00000E+00
  All-type function value: .13922E+03

--------------------------------------------------------------------------------

  Moving worst molecules ... 
  Function value before moving molecules:   139.22355145635544     
  Type         1 molecules with non-zero contributions:    2.78%
  Moving         0 molecules of type         1
  New positions will be based on good molecules (movebadrandom is not set) 
   Moving:|0                                                        100%|
          ||
  Function value after moving molecules:   139.22355145635544     

--------------------------------------------------------------------------------

  Starting GENCAN loop:           23
  Scaling radii by:    1.0000000000000000     

  Packing:|0                                                        100%|
          |

  Function value from last GENCAN loop: f = .13922E+03
  Best function value before: f = .13922E+03
  Improvement from best function value:    -0.00 %
  Improvement from last loop:    -0.00 %
  Maximum violation of target distance:     3.082562
  Maximum violation of the constraints: .00000E+00
  All-type function value: .13922E+03

--------------------------------------------------------------------------------

  Moving worst molecules ... 
  Function value before moving molecules:   139.22355145635544     
  Type         1 molecules with non-zero contributions:    2.78%
  Moving         0 molecules of type         1
  New positions will be based on good molecules (movebadrandom is not set) 
   Moving:|0                                                        100%|
          ||
  Function value after moving molecules:   139.22355145635544     

--------------------------------------------------------------------------------

  Starting GENCAN loop:           24
  Scaling radii by:    1.0000000000000000     

  Packing:|0                                                        100%|
          |

  Function value from last GENCAN loop: f = .13922E+03
  Best function value before: f = .13922E+03
  Improvement from best function value:    -0.00 %
  Improvement from last loop:    -0.00 %
  Maximum violation of target distance:     3.082562
  Maximum violation of the constraints: .00000E+00
  All-type function value: .13922E+03

--------------------------------------------------------------------------------

  Moving worst molecules ... 
  Function value before moving molecules:   139.22355145635544     
  Type         1 molecules with non-zero contributions:    2.78%
  Moving         0 molecules of type         1
  New positions will be based on good molecules (movebadrandom is not set) 
   Moving:|0                                                        100%|
          ||
  Function value after moving molecules:   139.22355145635544     

--------------------------------------------------------------------------------

  Starting GENCAN loop:           25
  Scaling radii by:    1.0000000000000000     

  Packing:|0                                                        100%|
          |

  Function value from last GENCAN loop: f = .13922E+03
  Best function value before: f = .13922E+03
  Improvement from best function value:    -0.00 %
  Improvement from last loop:    -0.00 %
  Maximum violation of target distance:     3.082562
  Maximum violation of the constraints: .00000E+00
  All-type function value: .13922E+03

--------------------------------------------------------------------------------

  Moving worst molecules ... 
  Function value before moving molecules:   139.22355145635544     
  Type         1 molecules with non-zero contributions:    2.78%
  Moving         0 molecules of type         1
  New positions will be based on good molecules (movebadrandom is not set) 
   Moving:|0                                                        100%|
          ||
  Function value after moving molecules:   139.22355145635544     

--------------------------------------------------------------------------------

  Starting GENCAN loop:           26
  Scaling radii by:    1.0000000000000000     

  Packing:|0                                                        100%|
          |

  Function value from last GENCAN loop: f = .13922E+03
  Best function value before: f = .13922E+03
  Improvement from best function value:    -0.00 %
  Improvement from last loop:    -0.00 %
  Maximum violation of target distance:     3.082562
  Maximum violation of the constraints: .00000E+00
  All-type function value: .13922E+03

--------------------------------------------------------------------------------

  Moving worst molecules ... 
  Function value before moving molecules:   139.22355145635544     
  Type         1 molecules with non-zero contributions:    2.78%
  Moving         0 molecules of type         1
  New positions will be based on good molecules (movebadrandom is not set) 
   Moving:|0                                                        100%|
          ||
  Function value after moving molecules:   139.22355145635544     

--------------------------------------------------------------------------------

  Starting GENCAN loop:           27
  Scaling radii by:    1.0000000000000000     

  Packing:|0                                                        100%|
          |

  Function value from last GENCAN loop: f = .13922E+03
  Best function value before: f = .13922E+03
  Improvement from best function value:    -0.00 %
  Improvement from last loop:    -0.00 %
  Maximum violation of target distance:     3.082562
  Maximum violation of the constraints: .00000E+00
  All-type function value: .13922E+03

--------------------------------------------------------------------------------

  Moving worst molecules ... 
  Function value before moving molecules:   139.22355145635544     
  Type         1 molecules with non-zero contributions:    2.78%
  Moving         0 molecules of type         1
  New positions will be based on good molecules (movebadrandom is not set) 
   Moving:|0                                                        100%|
          ||
  Function value after moving molecules:   139.22355145635544     

--------------------------------------------------------------------------------

  Starting GENCAN loop:           28
  Scaling radii by:    1.0000000000000000     

  Packing:|0                                                        100%|
          |

  Function value from last GENCAN loop: f = .13922E+03
  Best function value before: f = .13922E+03
  Improvement from best function value:    -0.00 %
  Improvement from last loop:    -0.00 %
  Maximum violation of target distance:     3.082562
  Maximum violation of the constraints: .00000E+00
  All-type function value: .13922E+03

--------------------------------------------------------------------------------

  Moving worst molecules ... 
  Function value before moving molecules:   139.22355145635544     
  Type         1 molecules with non-zero contributions:    2.78%
  Moving         0 molecules of type         1
  New positions will be based on good molecules (movebadrandom is not set) 
   Moving:|0                                                        100%|
          ||
  Function value after moving molecules:   139.22355145635544     

--------------------------------------------------------------------------------

  Starting GENCAN loop:           29
  Scaling radii by:    1.0000000000000000     

  Packing:|0                                                        100%|
          |

  Function value from last GENCAN loop: f = .13922E+03
  Best function value before: f = .13922E+03
  Improvement from best function value:    -0.00 %
  Improvement from last loop:    -0.00 %
  Maximum violation of target distance:     3.082562
  Maximum violation of the constraints: .00000E+00
  All-type function value: .13922E+03

--------------------------------------------------------------------------------

  Moving worst molecules ... 
  Function value before moving molecules:   139.22355145635544     
  Type         1 molecules with non-zero contributions:    2.78%
  Moving         0 molecules of type         1
  New positions will be based on good molecules (movebadrandom is not set) 
   Moving:|0                                                        100%|
          ||
  Function value after moving molecules:   139.22355145635544     

--------------------------------------------------------------------------------

  Starting GENCAN loop:           30
  Scaling radii by:    1.0000000000000000     

  Packing:|0                                                        100%|
          |

  Function value from last GENCAN loop: f = .13922E+03
  Best function value before: f = .13922E+03
  Improvement from best function value:    -0.00 %
  Improvement from last loop:    -0.00 %
  Maximum violation of target distance:     3.082562
  Maximum violation of the constraints: .00000E+00
  All-type function value: .13922E+03

--------------------------------------------------------------------------------

  Moving worst molecules ... 
  Function value before moving molecules:   139.22355145635544     
  Type         1 molecules with non-zero contributions:    2.78%
  Moving         0 molecules of type         1
  New positions will be based on good molecules (movebadrandom is not set) 
   Moving:|0                                                        100%|
          ||
  Function value after moving molecules:   139.22355145635544     

--------------------------------------------------------------------------------

  Starting GENCAN loop:           31
  Scaling radii by:    1.0000000000000000     

  Packing:|0                                                        100%|
          |

  Function value from last GENCAN loop: f = .13922E+03
  Best function value before: f = .13922E+03
  Improvement from best function value:    -0.00 %
  Improvement from last loop:    -0.00 %
  Maximum violation of target distance:     3.082562
  Maximum violation of the constraints: .00000E+00
  All-type function value: .13922E+03

--------------------------------------------------------------------------------

  Moving worst molecules ... 
  Function value before moving molecules:   139.22355145635544     
  Type         1 molecules with non-zero contributions:    2.78%
  Moving         0 molecules of type         1
  New positions will be based on good molecules (movebadrandom is not set) 
   Moving:|0                                                        100%|
          ||
  Function value after moving molecules:   139.22355145635544     

--------------------------------------------------------------------------------

  Starting GENCAN loop:           32
  Scaling radii by:    1.0000000000000000     

  Packing:|0                                                        100%|
          |

  Function value from last GENCAN loop: f = .13922E+03
  Best function value before: f = .13922E+03
  Improvement from best function value:    -0.00 %
  Improvement from last loop:    -0.00 %
  Maximum violation of target distance:     3.082562
  Maximum violation of the constraints: .00000E+00
  All-type function value: .13922E+03

--------------------------------------------------------------------------------

  Moving worst molecules ... 
  Function value before moving molecules:   139.22355145635544     
  Type         1 molecules with non-zero contributions:    2.78%
  Moving         0 molecules of type         1
  New positions will be based on good molecules (movebadrandom is not set) 
   Moving:|0                                                        100%|
          ||
  Function value after moving molecules:   139.22355145635544     

--------------------------------------------------------------------------------

  Starting GENCAN loop:           33
  Scaling radii by:    1.0000000000000000     

  Packing:|0                                                        100%|
          |

  Function value from last GENCAN loop: f = .13922E+03
  Best function value before: f = .13922E+03
  Improvement from best function value:    -0.00 %
  Improvement from last loop:    -0.00 %
  Maximum violation of target distance:     3.082562
  Maximum violation of the constraints: .00000E+00
  All-type function value: .13922E+03

--------------------------------------------------------------------------------

  Moving worst molecules ... 
  Function value before moving molecules:   139.22355145635544     
  Type         1 molecules with non-zero contributions:    2.78%
  Moving         0 molecules of type         1
  New positions will be based on good molecules (movebadrandom is not set) 
   Moving:|0                                                        100%|
          ||
  Function value after moving molecules:   139.22355145635544     

--------------------------------------------------------------------------------

  Starting GENCAN loop:           34
  Scaling radii by:    1.0000000000000000     

  Packing:|0                                                        100%|
          |

  Function value from last GENCAN loop: f = .13922E+03
  Best function value before: f = .13922E+03
  Improvement from best function value:    -0.00 %
  Improvement from last loop:    -0.00 %
  Maximum violation of target distance:     3.082562
  Maximum violation of the constraints: .00000E+00
  All-type function value: .13922E+03

--------------------------------------------------------------------------------

  Moving worst molecules ... 
  Function value before moving molecules:   139.22355145635544     
  Type         1 molecules with non-zero contributions:    2.78%
  Moving         0 molecules of type         1
  New positions will be based on good molecules (movebadrandom is not set) 
   Moving:|0                                                        100%|
          ||
  Function value after moving molecules:   139.22355145635544     

--------------------------------------------------------------------------------

  Starting GENCAN loop:           35
  Scaling radii by:    1.0000000000000000     

  Packing:|0                                                        100%|
          |

  Function value from last GENCAN loop: f = .13922E+03
  Best function value before: f = .13922E+03
  Improvement from best function value:    -0.00 %
  Improvement from last loop:    -0.00 %
  Maximum violation of target distance:     3.082562
  Maximum violation of the constraints: .00000E+00
  All-type function value: .13922E+03

--------------------------------------------------------------------------------

  Moving worst molecules ... 
  Function value before moving molecules:   139.22355145635544     
  Type         1 molecules with non-zero contributions:    2.78%
  Moving         0 molecules of type         1
  New positions will be based on good molecules (movebadrandom is not set) 
   Moving:|0                                                        100%|
          ||
  Function value after moving molecules:   139.22355145635544     

--------------------------------------------------------------------------------

  Starting GENCAN loop:           36
  Scaling radii by:    1.0000000000000000     

  Packing:|0                                                        100%|
          |

  Function value from last GENCAN loop: f = .13922E+03
  Best function value before: f = .13922E+03
  Improvement from best function value:    -0.00 %
  Improvement from last loop:    -0.00 %
  Maximum violation of target distance:     3.082562
  Maximum violation of the constraints: .00000E+00
  All-type function value: .13922E+03

--------------------------------------------------------------------------------

  Moving worst molecules ... 
  Function value before moving molecules:   139.22355145635544     
  Type         1 molecules with non-zero contributions:    2.78%
  Moving         0 molecules of type         1
  New positions will be based on good molecules (movebadrandom is not set) 
   Moving:|0                                                        100%|
          ||
  Function value after moving molecules:   139.22355145635544     

--------------------------------------------------------------------------------

  Starting GENCAN loop:           37
  Scaling radii by:    1.0000000000000000     

  Packing:|0                                                        100%|
          |

  Function value from last GENCAN loop: f = .13922E+03
  Best function value before: f = .13922E+03
  Improvement from best function value:    -0.00 %
  Improvement from last loop:    -0.00 %
  Maximum violation of target distance:     3.082562
  Maximum violation of the constraints: .00000E+00
  All-type function value: .13922E+03

--------------------------------------------------------------------------------

  Moving worst molecules ... 
  Function value before moving molecules:   139.22355145635544     
  Type         1 molecules with non-zero contributions:    2.78%
  Moving         0 molecules of type         1
  New positions will be based on good molecules (movebadrandom is not set) 
   Moving:|0                                                        100%|
          ||
  Function value after moving molecules:   139.22355145635544     

--------------------------------------------------------------------------------

  Starting GENCAN loop:           38
  Scaling radii by:    1.0000000000000000     

  Packing:|0                                                        100%|
          |

  Function value from last GENCAN loop: f = .13922E+03
  Best function value before: f = .13922E+03
  Improvement from best function value:    -0.00 %
  Improvement from last loop:    -0.00 %
  Maximum violation of target distance:     3.082562
  Maximum violation of the constraints: .00000E+00
  All-type function value: .13922E+03

--------------------------------------------------------------------------------

  Moving worst molecules ... 
  Function value before moving molecules:   139.22355145635544     
  Type         1 molecules with non-zero contributions:    2.78%
  Moving         0 molecules of type         1
  New positions will be based on good molecules (movebadrandom is not set) 
   Moving:|0                                                        100%|
          ||
  Function value after moving molecules:   139.22355145635544     

--------------------------------------------------------------------------------

  Starting GENCAN loop:           39
  Scaling radii by:    1.0000000000000000     

  Packing:|0                                                        100%|
          |

  Function value from last GENCAN loop: f = .13922E+03
  Best function value before: f = .13922E+03
  Improvement from best function value:    -0.00 %
  Improvement from last loop:    -0.00 %
  Maximum violation of target distance:     3.082562
  Maximum violation of the constraints: .00000E+00
  All-type function value: .13922E+03

--------------------------------------------------------------------------------

  Moving worst molecules ... 
  Function value before moving molecules:   139.22355145635544     
  Type         1 molecules with non-zero contributions:    2.78%
  Moving         0 molecules of type         1
  New positions will be based on good molecules (movebadrandom is not set) 
   Moving:|0                                                        100%|
          ||
  Function value after moving molecules:   139.22355145635544     

--------------------------------------------------------------------------------

  Starting GENCAN loop:           40
  Scaling radii by:    1.0000000000000000     

  Packing:|0                                                        100%|
          |

  Function value from last GENCAN loop: f = .13922E+03
  Best function value before: f = .13922E+03
  Improvement from best function value:    -0.00 %
  Improvement from last loop:    -0.00 %
  Maximum violation of target distance:     3.082562
  Maximum violation of the constraints: .00000E+00
  All-type function value: .13922E+03

--------------------------------------------------------------------------------

  Moving worst molecules ... 
  Function value before moving molecules:   139.22355145635544     
  Type         1 molecules with non-zero contributions:    2.78%
  Moving         0 molecules of type         1
  New positions will be based on good molecules (movebadrandom is not set) 
   Moving:|0                                                        100%|
          ||
  Function value after moving molecules:   139.22355145635544     

--------------------------------------------------------------------------------

  Starting GENCAN loop:           41
  Scaling radii by:    1.0000000000000000     

  Packing:|0                                                        100%|
          |

  Function value from last GENCAN loop: f = .13922E+03
  Best function value before: f = .13922E+03
  Improvement from best function value:    -0.00 %
  Improvement from last loop:    -0.00 %
  Maximum violation of target distance:     3.082562
  Maximum violation of the constraints: .00000E+00
  All-type function value: .13922E+03

--------------------------------------------------------------------------------

  Moving worst molecules ... 
  Function value before moving molecules:   139.22355145635544     
  Type         1 molecules with non-zero contributions:    2.78%
  Moving         0 molecules of type         1
  New positions will be based on good molecules (movebadrandom is not set) 
   Moving:|0                                                        100%|
          ||
  Function value after moving molecules:   139.22355145635544     

--------------------------------------------------------------------------------

  Starting GENCAN loop:           42
  Scaling radii by:    1.0000000000000000     

  Packing:|0                                                        100%|
          |

  Function value from last GENCAN loop: f = .13922E+03
  Best function value before: f = .13922E+03
  Improvement from best function value:    -0.00 %
  Improvement from last loop:    -0.00 %
  Maximum violation of target distance:     3.082562
  Maximum violation of the constraints: .00000E+00
  All-type function value: .13922E+03

--------------------------------------------------------------------------------

  Moving worst molecules ... 
  Function value before moving molecules:   139.22355145635544     
  Type         1 molecules with non-zero contributions:    2.78%
  Moving         0 molecules of type         1
  New positions will be based on good molecules (movebadrandom is not set) 
   Moving:|0                                                        100%|
          ||
  Function value after moving molecules:   139.22355145635544     

--------------------------------------------------------------------------------

  Starting GENCAN loop:           43
  Scaling radii by:    1.0000000000000000     

  Packing:|0                                                        100%|
          |

  Function value from last GENCAN loop: f = .13922E+03
  Best function value before: f = .13922E+03
  Improvement from best function value:    -0.00 %
  Improvement from last loop:    -0.00 %
  Maximum violation of target distance:     3.082562
  Maximum violation of the constraints: .00000E+00
  All-type function value: .13922E+03

--------------------------------------------------------------------------------

  Moving worst molecules ... 
  Function value before moving molecules:   139.22355145635544     
  Type         1 molecules with non-zero contributions:    2.78%
  Moving         0 molecules of type         1
  New positions will be based on good molecules (movebadrandom is not set) 
   Moving:|0                                                        100%|
          ||
  Function value after moving molecules:   139.22355145635544     

--------------------------------------------------------------------------------

  Starting GENCAN loop:           44
  Scaling radii by:    1.0000000000000000     

  Packing:|0                                                        100%|
          |

  Function value from last GENCAN loop: f = .13922E+03
  Best function value before: f = .13922E+03
  Improvement from best function value:    -0.00 %
  Improvement from last loop:    -0.00 %
  Maximum violation of target distance:     3.082562
  Maximum violation of the constraints: .00000E+00
  All-type function value: .13922E+03

--------------------------------------------------------------------------------

  Moving worst molecules ... 
  Function value before moving molecules:   139.22355145635544     
  Type         1 molecules with non-zero contributions:    2.78%
  Moving         0 molecules of type         1
  New positions will be based on good molecules (movebadrandom is not set) 
   Moving:|0                                                        100%|
          ||
  Function value after moving molecules:   139.22355145635544     

--------------------------------------------------------------------------------

  Starting GENCAN loop:           45
  Scaling radii by:    1.0000000000000000     

  Packing:|0                                                        100%|
          |

  Function value from last GENCAN loop: f = .13922E+03
  Best function value before: f = .13922E+03
  Improvement from best function value:    -0.00 %
  Improvement from last loop:    -0.00 %
  Maximum violation of target distance:     3.082562
  Maximum violation of the constraints: .00000E+00
  All-type function value: .13922E+03

--------------------------------------------------------------------------------

  Moving worst molecules ... 
  Function value before moving molecules:   139.22355145635544     
  Type         1 molecules with non-zero contributions:    2.78%
  Moving         0 molecules of type         1
  New positions will be based on good molecules (movebadrandom is not set) 
   Moving:|0                                                        100%|
          ||
  Function value after moving molecules:   139.22355145635544     

--------------------------------------------------------------------------------

  Starting GENCAN loop:           46
  Scaling radii by:    1.0000000000000000     

  Packing:|0                                                        100%|
          |

  Function value from last GENCAN loop: f = .13922E+03
  Best function value before: f = .13922E+03
  Improvement from best function value:    -0.00 %
  Improvement from last loop:    -0.00 %
  Maximum violation of target distance:     3.082562
  Maximum violation of the constraints: .00000E+00
  All-type function value: .13922E+03

--------------------------------------------------------------------------------

  Moving worst molecules ... 
  Function value before moving molecules:   139.22355145635544     
  Type         1 molecules with non-zero contributions:    2.78%
  Moving         0 molecules of type         1
  New positions will be based on good molecules (movebadrandom is not set) 
   Moving:|0                                                        100%|
          ||
  Function value after moving molecules:   139.22355145635544     

--------------------------------------------------------------------------------

  Starting GENCAN loop:           47
  Scaling radii by:    1.0000000000000000     

  Packing:|0                                                        100%|
          |

  Function value from last GENCAN loop: f = .13922E+03
  Best function value before: f = .13922E+03
  Improvement from best function value:    -0.00 %
  Improvement from last loop:    -0.00 %
  Maximum violation of target distance:     3.082562
  Maximum violation of the constraints: .00000E+00
  All-type function value: .13922E+03

--------------------------------------------------------------------------------

  Moving worst molecules ... 
  Function value before moving molecules:   139.22355145635544     
  Type         1 molecules with non-zero contributions:    2.78%
  Moving         0 molecules of type         1
  New positions will be based on good molecules (movebadrandom is not set) 
   Moving:|0                                                        100%|
          ||
  Function value after moving molecules:   139.22355145635544     

--------------------------------------------------------------------------------

  Starting GENCAN loop:           48
  Scaling radii by:    1.0000000000000000     

  Packing:|0                                                        100%|
          |

  Function value from last GENCAN loop: f = .13922E+03
  Best function value before: f = .13922E+03
  Improvement from best function value:    -0.00 %
  Improvement from last loop:    -0.00 %
  Maximum violation of target distance:     3.082562
  Maximum violation of the constraints: .00000E+00
  All-type function value: .13922E+03

--------------------------------------------------------------------------------

  Moving worst molecules ... 
  Function value before moving molecules:   139.22355145635544     
  Type         1 molecules with non-zero contributions:    2.78%
  Moving         0 molecules of type         1
  New positions will be based on good molecules (movebadrandom is not set) 
   Moving:|0                                                        100%|
          ||
  Function value after moving molecules:   139.22355145635544     

--------------------------------------------------------------------------------

  Starting GENCAN loop:           49
  Scaling radii by:    1.0000000000000000     

  Packing:|0                                                        100%|
          |

  Function value from last GENCAN loop: f = .13922E+03
  Best function value before: f = .13922E+03
  Improvement from best function value:    -0.00 %
  Improvement from last loop:    -0.00 %
  Maximum violation of target distance:     3.082562
  Maximum violation of the constraints: .00000E+00
  All-type function value: .13922E+03

--------------------------------------------------------------------------------

  Moving worst molecules ... 
  Function value before moving molecules:   139.22355145635544     
  Type         1 molecules with non-zero contributions:    2.78%
  Moving         0 molecules of type         1
  New positions will be based on good molecules (movebadrandom is not set) 
   Moving:|0                                                        100%|
          ||
  Function value after moving molecules:   139.22355145635544     

--------------------------------------------------------------------------------

  Starting GENCAN loop:           50
  Scaling radii by:    1.0000000000000000     

  Packing:|0                                                        100%|
          |

  Function value from last GENCAN loop: f = .13922E+03
  Best function value before: f = .13922E+03
  Improvement from best function value:    -0.00 %
  Improvement from last loop:    -0.00 %
  Maximum violation of target distance:     3.082562
  Maximum violation of the constraints: .00000E+00
  All-type function value: .13922E+03

--------------------------------------------------------------------------------

  Moving worst molecules ... 
  Function value before moving molecules:   139.22355145635544     
  Type         1 molecules with non-zero contributions:    2.78%
  Moving         0 molecules of type         1
  New positions will be based on good molecules (movebadrandom is not set) 
   Moving:|0                                                        100%|
          ||
  Function value after moving molecules:   139.22355145635544     

--------------------------------------------------------------------------------

  Starting GENCAN loop:           51
  Scaling radii by:    1.0000000000000000     

  Packing:|0                                                        100%|
          |

  Function value from last GENCAN loop: f = .13922E+03
  Best function value before: f = .13922E+03
  Improvement from best function value:    -0.00 %
  Improvement from last loop:    -0.00 %
  Maximum violation of target distance:     3.082562
  Maximum violation of the constraints: .00000E+00
  All-type function value: .13922E+03

--------------------------------------------------------------------------------

  Moving worst molecules ... 
  Function value before moving molecules:   139.22355145635544     
  Type         1 molecules with non-zero contributions:    2.78%
  Moving         0 molecules of type         1
  New positions will be based on good molecules (movebadrandom is not set) 
   Moving:|0                                                        100%|
          ||
  Function value after moving molecules:   139.22355145635544     

--------------------------------------------------------------------------------

  Starting GENCAN loop:           52
  Scaling radii by:    1.0000000000000000     

  Packing:|0                                                        100%|
          |

  Function value from last GENCAN loop: f = .13922E+03
  Best function value before: f = .13922E+03
  Improvement from best function value:    -0.00 %
  Improvement from last loop:    -0.00 %
  Maximum violation of target distance:     3.082562
  Maximum violation of the constraints: .00000E+00
  All-type function value: .13922E+03

--------------------------------------------------------------------------------

  Moving worst molecules ... 
  Function value before moving molecules:   139.22355145635544     
  Type         1 molecules with non-zero contributions:    2.78%
  Moving         0 molecules of type         1
  New positions will be based on good molecules (movebadrandom is not set) 
   Moving:|0                                                        100%|
          ||
  Function value after moving molecules:   139.22355145635544     

--------------------------------------------------------------------------------

  Starting GENCAN loop:           53
  Scaling radii by:    1.0000000000000000     

  Packing:|0                                                        100%|
          |

  Function value from last GENCAN loop: f = .13922E+03
  Best function value before: f = .13922E+03
  Improvement from best function value:    -0.00 %
  Improvement from last loop:    -0.00 %
  Maximum violation of target distance:     3.082562
  Maximum violation of the constraints: .00000E+00
  All-type function value: .13922E+03

--------------------------------------------------------------------------------

  Moving worst molecules ... 
  Function value before moving molecules:   139.22355145635544     
  Type         1 molecules with non-zero contributions:    2.78%
  Moving         0 molecules of type         1
  New positions will be based on good molecules (movebadrandom is not set) 
   Moving:|0                                                        100%|
          ||
  Function value after moving molecules:   139.22355145635544     

--------------------------------------------------------------------------------

  Starting GENCAN loop:           54
  Scaling radii by:    1.0000000000000000     

  Packing:|0                                                        100%|
          |

  Function value from last GENCAN loop: f = .13922E+03
  Best function value before: f = .13922E+03
  Improvement from best function value:    -0.00 %
  Improvement from last loop:    -0.00 %
  Maximum violation of target distance:     3.082562
  Maximum violation of the constraints: .00000E+00
  All-type function value: .13922E+03

--------------------------------------------------------------------------------

  Moving worst molecules ... 
  Function value before moving molecules:   139.22355145635544     
  Type         1 molecules with non-zero contributions:    2.78%
  Moving         0 molecules of type         1
  New positions will be based on good molecules (movebadrandom is not set) 
   Moving:|0                                                        100%|
          ||
  Function value after moving molecules:   139.22355145635544     

--------------------------------------------------------------------------------

  Starting GENCAN loop:           55
  Scaling radii by:    1.0000000000000000     

  Packing:|0                                                        100%|
          |

  Function value from last GENCAN loop: f = .13922E+03
  Best function value before: f = .13922E+03
  Improvement from best function value:    -0.00 %
  Improvement from last loop:    -0.00 %
  Maximum violation of target distance:     3.082562
  Maximum violation of the constraints: .00000E+00
  All-type function value: .13922E+03

--------------------------------------------------------------------------------

  Moving worst molecules ... 
  Function value before moving molecules:   139.22355145635544     
  Type         1 molecules with non-zero contributions:    2.78%
  Moving         0 molecules of type         1
  New positions will be based on good molecules (movebadrandom is not set) 
   Moving:|0                                                        100%|
          ||
  Function value after moving molecules:   139.22355145635544     

--------------------------------------------------------------------------------

  Starting GENCAN loop:           56
  Scaling radii by:    1.0000000000000000     

  Packing:|0                                                        100%|
          |

  Function value from last GENCAN loop: f = .13922E+03
  Best function value before: f = .13922E+03
  Improvement from best function value:    -0.00 %
  Improvement from last loop:    -0.00 %
  Maximum violation of target distance:     3.082562
  Maximum violation of the constraints: .00000E+00
  All-type function value: .13922E+03

--------------------------------------------------------------------------------

  Moving worst molecules ... 
  Function value before moving molecules:   139.22355145635544     
  Type         1 molecules with non-zero contributions:    2.78%
  Moving         0 molecules of type         1
  New positions will be based on good molecules (movebadrandom is not set) 
   Moving:|0                                                        100%|
          ||
  Function value after moving molecules:   139.22355145635544     

--------------------------------------------------------------------------------

  Starting GENCAN loop:           57
  Scaling radii by:    1.0000000000000000     

  Packing:|0                                                        100%|
          |

  Function value from last GENCAN loop: f = .13922E+03
  Best function value before: f = .13922E+03
  Improvement from best function value:    -0.00 %
  Improvement from last loop:    -0.00 %
  Maximum violation of target distance:     3.082562
  Maximum violation of the constraints: .00000E+00
  All-type function value: .13922E+03

--------------------------------------------------------------------------------

  Moving worst molecules ... 
  Function value before moving molecules:   139.22355145635544     
  Type         1 molecules with non-zero contributions:    2.78%
  Moving         0 molecules of type         1
  New positions will be based on good molecules (movebadrandom is not set) 
   Moving:|0                                                        100%|
          ||
  Function value after moving molecules:   139.22355145635544     

--------------------------------------------------------------------------------

  Starting GENCAN loop:           58
  Scaling radii by:    1.0000000000000000     

  Packing:|0                                                        100%|
          |

  Function value from last GENCAN loop: f = .13922E+03
  Best function value before: f = .13922E+03
  Improvement from best function value:    -0.00 %
  Improvement from last loop:    -0.00 %
  Maximum violation of target distance:     3.082562
  Maximum violation of the constraints: .00000E+00
  All-type function value: .13922E+03

--------------------------------------------------------------------------------

  Moving worst molecules ... 
  Function value before moving molecules:   139.22355145635544     
  Type         1 molecules with non-zero contributions:    2.78%
  Moving         0 molecules of type         1
  New positions will be based on good molecules (movebadrandom is not set) 
   Moving:|0                                                        100%|
          ||
  Function value after moving molecules:   139.22355145635544     

--------------------------------------------------------------------------------

  Starting GENCAN loop:           59
  Scaling radii by:    1.0000000000000000     

  Packing:|0                                                        100%|
          |

  Function value from last GENCAN loop: f = .13922E+03
  Best function value before: f = .13922E+03
  Improvement from best function value:    -0.00 %
  Improvement from last loop:    -0.00 %
  Maximum violation of target distance:     3.082562
  Maximum violation of the constraints: .00000E+00
  All-type function value: .13922E+03

--------------------------------------------------------------------------------

  Moving worst molecules ... 
  Function value before moving molecules:   139.22355145635544     
  Type         1 molecules with non-zero contributions:    2.78%
  Moving         0 molecules of type         1
  New positions will be based on good molecules (movebadrandom is not set) 
   Moving:|0                                                        100%|
          ||
  Function value after moving molecules:   139.22355145635544     

--------------------------------------------------------------------------------

  Starting GENCAN loop:           60
  Scaling radii by:    1.0000000000000000     

  Packing:|0                                                        100%|
          |

  Function value from last GENCAN loop: f = .13922E+03
  Best function value before: f = .13922E+03
  Improvement from best function value:    -0.00 %
  Improvement from last loop:    -0.00 %
  Maximum violation of target distance:     3.082562
  Maximum violation of the constraints: .00000E+00
  All-type function value: .13922E+03

--------------------------------------------------------------------------------

  Moving worst molecules ... 
  Function value before moving molecules:   139.22355145635544     
  Type         1 molecules with non-zero contributions:    2.78%
  Moving         0 molecules of type         1
  New positions will be based on good molecules (movebadrandom is not set) 
   Moving:|0                                                        100%|
          ||
  Function value after moving molecules:   139.22355145635544     

--------------------------------------------------------------------------------

  Starting GENCAN loop:           61
  Scaling radii by:    1.0000000000000000     

  Packing:|0                                                        100%|
          |

  Function value from last GENCAN loop: f = .13922E+03
  Best function value before: f = .13922E+03
  Improvement from best function value:    -0.00 %
  Improvement from last loop:    -0.00 %
  Maximum violation of target distance:     3.082562
  Maximum violation of the constraints: .00000E+00
  All-type function value: .13922E+03

--------------------------------------------------------------------------------

  Moving worst molecules ... 
  Function value before moving molecules:   139.22355145635544     
  Type         1 molecules with non-zero contributions:    2.78%
  Moving         0 molecules of type         1
  New positions will be based on good molecules (movebadrandom is not set) 
   Moving:|0                                                        100%|
          ||
  Function value after moving molecules:   139.22355145635544     

--------------------------------------------------------------------------------

  Starting GENCAN loop:           62
  Scaling radii by:    1.0000000000000000     

  Packing:|0                                                        100%|
          |

  Function value from last GENCAN loop: f = .13922E+03
  Best function value before: f = .13922E+03
  Improvement from best function value:    -0.00 %
  Improvement from last loop:    -0.00 %
  Maximum violation of target distance:     3.082562
  Maximum violation of the constraints: .00000E+00
  All-type function value: .13922E+03

--------------------------------------------------------------------------------

  Moving worst molecules ... 
  Function value before moving molecules:   139.22355145635544     
  Type         1 molecules with non-zero contributions:    2.78%
  Moving         0 molecules of type         1
  New positions will be based on good molecules (movebadrandom is not set) 
   Moving:|0                                                        100%|
          ||
  Function value after moving molecules:   139.22355145635544     

--------------------------------------------------------------------------------

  Starting GENCAN loop:           63
  Scaling radii by:    1.0000000000000000     

  Packing:|0                                                        100%|
          |

  Function value from last GENCAN loop: f = .13922E+03
  Best function value before: f = .13922E+03
  Improvement from best function value:    -0.00 %
  Improvement from last loop:    -0.00 %
  Maximum violation of target distance:     3.082562
  Maximum violation of the constraints: .00000E+00
  All-type function value: .13922E+03

--------------------------------------------------------------------------------

  Moving worst molecules ... 
  Function value before moving molecules:   139.22355145635544     
  Type         1 molecules with non-zero contributions:    2.78%
  Moving         0 molecules of type         1
  New positions will be based on good molecules (movebadrandom is not set) 
   Moving:|0                                                        100%|
          ||
  Function value after moving molecules:   139.22355145635544     

--------------------------------------------------------------------------------

  Starting GENCAN loop:           64
  Scaling radii by:    1.0000000000000000     

  Packing:|0                                                        100%|
          |

  Function value from last GENCAN loop: f = .13922E+03
  Best function value before: f = .13922E+03
  Improvement from best function value:    -0.00 %
  Improvement from last loop:    -0.00 %
  Maximum violation of target distance:     3.082562
  Maximum violation of the constraints: .00000E+00
  All-type function value: .13922E+03

--------------------------------------------------------------------------------

  Moving worst molecules ... 
  Function value before moving molecules:   139.22355145635544     
  Type         1 molecules with non-zero contributions:    2.78%
  Moving         0 molecules of type         1
  New positions will be based on good molecules (movebadrandom is not set) 
   Moving:|0                                                        100%|
          ||
  Function value after moving molecules:   139.22355145635544     

--------------------------------------------------------------------------------

  Starting GENCAN loop:           65
  Scaling radii by:    1.0000000000000000     

  Packing:|0                                                        100%|
          |

  Function value from last GENCAN loop: f = .13922E+03
  Best function value before: f = .13922E+03
  Improvement from best function value:    -0.00 %
  Improvement from last loop:    -0.00 %
  Maximum violation of target distance:     3.082562
  Maximum violation of the constraints: .00000E+00
  All-type function value: .13922E+03

--------------------------------------------------------------------------------

  Moving worst molecules ... 
  Function value before moving molecules:   139.22355145635544     
  Type         1 molecules with non-zero contributions:    2.78%
  Moving         0 molecules of type         1
  New positions will be based on good molecules (movebadrandom is not set) 
   Moving:|0                                                        100%|
          ||
  Function value after moving molecules:   139.22355145635544     

--------------------------------------------------------------------------------

  Starting GENCAN loop:           66
  Scaling radii by:    1.0000000000000000     

  Packing:|0                                                        100%|
          |

  Function value from last GENCAN loop: f = .13922E+03
  Best function value before: f = .13922E+03
  Improvement from best function value:    -0.00 %
  Improvement from last loop:    -0.00 %
  Maximum violation of target distance:     3.082562
  Maximum violation of the constraints: .00000E+00
  All-type function value: .13922E+03

--------------------------------------------------------------------------------

  Moving worst molecules ... 
  Function value before moving molecules:   139.22355145635544     
  Type         1 molecules with non-zero contributions:    2.78%
  Moving         0 molecules of type         1
  New positions will be based on good molecules (movebadrandom is not set) 
   Moving:|0                                                        100%|
          ||
  Function value after moving molecules:   139.22355145635544     

--------------------------------------------------------------------------------

  Starting GENCAN loop:           67
  Scaling radii by:    1.0000000000000000     

  Packing:|0                                                        100%|
          |

  Function value from last GENCAN loop: f = .13922E+03
  Best function value before: f = .13922E+03
  Improvement from best function value:    -0.00 %
  Improvement from last loop:    -0.00 %
  Maximum violation of target distance:     3.082562
  Maximum violation of the constraints: .00000E+00
  All-type function value: .13922E+03

--------------------------------------------------------------------------------

  Moving worst molecules ... 
  Function value before moving molecules:   139.22355145635544     
  Type         1 molecules with non-zero contributions:    2.78%
  Moving         0 molecules of type         1
  New positions will be based on good molecules (movebadrandom is not set) 
   Moving:|0                                                        100%|
          ||
  Function value after moving molecules:   139.22355145635544     

--------------------------------------------------------------------------------

  Starting GENCAN loop:           68
  Scaling radii by:    1.0000000000000000     

  Packing:|0                                                        100%|
          |

  Function value from last GENCAN loop: f = .13922E+03
  Best function value before: f = .13922E+03
  Improvement from best function value:    -0.00 %
  Improvement from last loop:    -0.00 %
  Maximum violation of target distance:     3.082562
  Maximum violation of the constraints: .00000E+00
  All-type function value: .13922E+03

--------------------------------------------------------------------------------

  Moving worst molecules ... 
  Function value before moving molecules:   139.22355145635544     
  Type         1 molecules with non-zero contributions:    2.78%
  Moving         0 molecules of type         1
  New positions will be based on good molecules (movebadrandom is not set) 
   Moving:|0                                                        100%|
          ||
  Function value after moving molecules:   139.22355145635544     

--------------------------------------------------------------------------------

  Starting GENCAN loop:           69
  Scaling radii by:    1.0000000000000000     

  Packing:|0                                                        100%|
          |

  Function value from last GENCAN loop: f = .13922E+03
  Best function value before: f = .13922E+03
  Improvement from best function value:    -0.00 %
  Improvement from last loop:    -0.00 %
  Maximum violation of target distance:     3.082562
  Maximum violation of the constraints: .00000E+00
  All-type function value: .13922E+03

--------------------------------------------------------------------------------

  Moving worst molecules ... 
  Function value before moving molecules:   139.22355145635544     
  Type         1 molecules with non-zero contributions:    2.78%
  Moving         0 molecules of type         1
  New positions will be based on good molecules (movebadrandom is not set) 
   Moving:|0                                                        100%|
          ||
  Function value after moving molecules:   139.22355145635544     

--------------------------------------------------------------------------------

  Starting GENCAN loop:           70
  Scaling radii by:    1.0000000000000000     

  Packing:|0                                                        100%|
          |

  Function value from last GENCAN loop: f = .13922E+03
  Best function value before: f = .13922E+03
  Improvement from best function value:    -0.00 %
  Improvement from last loop:    -0.00 %
  Maximum violation of target distance:     3.082562
  Maximum violation of the constraints: .00000E+00
  All-type function value: .13922E+03

--------------------------------------------------------------------------------

  Moving worst molecules ... 
  Function value before moving molecules:   139.22355145635544     
  Type         1 molecules with non-zero contributions:    2.78%
  Moving         0 molecules of type         1
  New positions will be based on good molecules (movebadrandom is not set) 
   Moving:|0                                                        100%|
          ||
  Function value after moving molecules:   139.22355145635544     

--------------------------------------------------------------------------------

  Starting GENCAN loop:           71
  Scaling radii by:    1.0000000000000000     

  Packing:|0                                                        100%|
          |

  Function value from last GENCAN loop: f = .13922E+03
  Best function value before: f = .13922E+03
  Improvement from best function value:    -0.00 %
  Improvement from last loop:    -0.00 %
  Maximum violation of target distance:     3.082562
  Maximum violation of the constraints: .00000E+00
  All-type function value: .13922E+03

--------------------------------------------------------------------------------

  Moving worst molecules ... 
  Function value before moving molecules:   139.22355145635544     
  Type         1 molecules with non-zero contributions:    2.78%
  Moving         0 molecules of type         1
  New positions will be based on good molecules (movebadrandom is not set) 
   Moving:|0                                                        100%|
          ||
  Function value after moving molecules:   139.22355145635544     

--------------------------------------------------------------------------------

  Starting GENCAN loop:           72
  Scaling radii by:    1.0000000000000000     

  Packing:|0                                                        100%|
          |

  Function value from last GENCAN loop: f = .13922E+03
  Best function value before: f = .13922E+03
  Improvement from best function value:    -0.00 %
  Improvement from last loop:    -0.00 %
  Maximum violation of target distance:     3.082562
  Maximum violation of the constraints: .00000E+00
  All-type function value: .13922E+03

--------------------------------------------------------------------------------

  Moving worst molecules ... 
  Function value before moving molecules:   139.22355145635544     
  Type         1 molecules with non-zero contributions:    2.78%
  Moving         0 molecules of type         1
  New positions will be based on good molecules (movebadrandom is not set) 
   Moving:|0                                                        100%|
          ||
  Function value after moving molecules:   139.22355145635544     

--------------------------------------------------------------------------------

  Starting GENCAN loop:           73
  Scaling radii by:    1.0000000000000000     

  Packing:|0                                                        100%|
          |

  Function value from last GENCAN loop: f = .13922E+03
  Best function value before: f = .13922E+03
  Improvement from best function value:    -0.00 %
  Improvement from last loop:    -0.00 %
  Maximum violation of target distance:     3.082562
  Maximum violation of the constraints: .00000E+00
  All-type function value: .13922E+03

--------------------------------------------------------------------------------

  Moving worst molecules ... 
  Function value before moving molecules:   139.22355145635544     
  Type         1 molecules with non-zero contributions:    2.78%
  Moving         0 molecules of type         1
  New positions will be based on good molecules (movebadrandom is not set) 
   Moving:|0                                                        100%|
          ||
  Function value after moving molecules:   139.22355145635544     

--------------------------------------------------------------------------------

  Starting GENCAN loop:           74
  Scaling radii by:    1.0000000000000000     

  Packing:|0                                                        100%|
          |

  Function value from last GENCAN loop: f = .13922E+03
  Best function value before: f = .13922E+03
  Improvement from best function value:    -0.00 %
  Improvement from last loop:    -0.00 %
  Maximum violation of target distance:     3.082562
  Maximum violation of the constraints: .00000E+00
  All-type function value: .13922E+03

--------------------------------------------------------------------------------

  Moving worst molecules ... 
  Function value before moving molecules:   139.22355145635544     
  Type         1 molecules with non-zero contributions:    2.78%
  Moving         0 molecules of type         1
  New positions will be based on good molecules (movebadrandom is not set) 
   Moving:|0                                                        100%|
          ||
  Function value after moving molecules:   139.22355145635544     

--------------------------------------------------------------------------------

  Starting GENCAN loop:           75
  Scaling radii by:    1.0000000000000000     

  Packing:|0                                                        100%|
          |

  Function value from last GENCAN loop: f = .13922E+03
  Best function value before: f = .13922E+03
  Improvement from best function value:    -0.00 %
  Improvement from last loop:    -0.00 %
  Maximum violation of target distance:     3.082562
  Maximum violation of the constraints: .00000E+00
  All-type function value: .13922E+03

--------------------------------------------------------------------------------

  Moving worst molecules ... 
  Function value before moving molecules:   139.22355145635544     
  Type         1 molecules with non-zero contributions:    2.78%
  Moving         0 molecules of type         1
  New positions will be based on good molecules (movebadrandom is not set) 
   Moving:|0                                                        100%|
          ||
  Function value after moving molecules:   139.22355145635544     

--------------------------------------------------------------------------------

  Starting GENCAN loop:           76
  Scaling radii by:    1.0000000000000000     

  Packing:|0                                                        100%|
          |

  Function value from last GENCAN loop: f = .13922E+03
  Best function value before: f = .13922E+03
  Improvement from best function value:    -0.00 %
  Improvement from last loop:    -0.00 %
  Maximum violation of target distance:     3.082562
  Maximum violation of the constraints: .00000E+00
  All-type function value: .13922E+03

--------------------------------------------------------------------------------

  Moving worst molecules ... 
  Function value before moving molecules:   139.22355145635544     
  Type         1 molecules with non-zero contributions:    2.78%
  Moving         0 molecules of type         1
  New positions will be based on good molecules (movebadrandom is not set) 
   Moving:|0                                                        100%|
          ||
  Function value after moving molecules:   139.22355145635544     

--------------------------------------------------------------------------------

  Starting GENCAN loop:           77
  Scaling radii by:    1.0000000000000000     

  Packing:|0                                                        100%|
          |

  Function value from last GENCAN loop: f = .13922E+03
  Best function value before: f = .13922E+03
  Improvement from best function value:    -0.00 %
  Improvement from last loop:    -0.00 %
  Maximum violation of target distance:     3.082562
  Maximum violation of the constraints: .00000E+00
  All-type function value: .13922E+03

--------------------------------------------------------------------------------

  Moving worst molecules ... 
  Function value before moving molecules:   139.22355145635544     
  Type         1 molecules with non-zero contributions:    2.78%
  Moving         0 molecules of type         1
  New positions will be based on good molecules (movebadrandom is not set) 
   Moving:|0                                                        100%|
          ||
  Function value after moving molecules:   139.22355145635544     

--------------------------------------------------------------------------------

  Starting GENCAN loop:           78
  Scaling radii by:    1.0000000000000000     

  Packing:|0                                                        100%|
          |

  Function value from last GENCAN loop: f = .13922E+03
  Best function value before: f = .13922E+03
  Improvement from best function value:    -0.00 %
  Improvement from last loop:    -0.00 %
  Maximum violation of target distance:     3.082562
  Maximum violation of the constraints: .00000E+00
  All-type function value: .13922E+03

--------------------------------------------------------------------------------

  Moving worst molecules ... 
  Function value before moving molecules:   139.22355145635544     
  Type         1 molecules with non-zero contributions:    2.78%
  Moving         0 molecules of type         1
  New positions will be based on good molecules (movebadrandom is not set) 
   Moving:|0                                                        100%|
          ||
  Function value after moving molecules:   139.22355145635544     

--------------------------------------------------------------------------------

  Starting GENCAN loop:           79
  Scaling radii by:    1.0000000000000000     

  Packing:|0                                                        100%|
          |

  Function value from last GENCAN loop: f = .13922E+03
  Best function value before: f = .13922E+03
  Improvement from best function value:    -0.00 %
  Improvement from last loop:    -0.00 %
  Maximum violation of target distance:     3.082562
  Maximum violation of the constraints: .00000E+00
  All-type function value: .13922E+03

--------------------------------------------------------------------------------

  Moving worst molecules ... 
  Function value before moving molecules:   139.22355145635544     
  Type         1 molecules with non-zero contributions:    2.78%
  Moving         0 molecules of type         1
  New positions will be based on good molecules (movebadrandom is not set) 
   Moving:|0                                                        100%|
          ||
  Function value after moving molecules:   139.22355145635544     

--------------------------------------------------------------------------------

  Starting GENCAN loop:           80
  Scaling radii by:    1.0000000000000000     

  Packing:|0                                                        100%|
          |

  Function value from last GENCAN loop: f = .13922E+03
  Best function value before: f = .13922E+03
  Improvement from best function value:    -0.00 %
  Improvement from last loop:    -0.00 %
  Maximum violation of target distance:     3.082562
  Maximum violation of the constraints: .00000E+00
  All-type function value: .13922E+03

--------------------------------------------------------------------------------

  Moving worst molecules ... 
  Function value before moving molecules:   139.22355145635544     
  Type         1 molecules with non-zero contributions:    2.78%
  Moving         0 molecules of type         1
  New positions will be based on good molecules (movebadrandom is not set) 
   Moving:|0                                                        100%|
          ||
  Function value after moving molecules:   139.22355145635544     

--------------------------------------------------------------------------------

  Starting GENCAN loop:           81
  Scaling radii by:    1.0000000000000000     

  Packing:|0                                                        100%|
          |

  Function value from last GENCAN loop: f = .13922E+03
  Best function value before: f = .13922E+03
  Improvement from best function value:    -0.00 %
  Improvement from last loop:    -0.00 %
  Maximum violation of target distance:     3.082562
  Maximum violation of the constraints: .00000E+00
  All-type function value: .13922E+03

--------------------------------------------------------------------------------

  Moving worst molecules ... 
  Function value before moving molecules:   139.22355145635544     
  Type         1 molecules with non-zero contributions:    2.78%
  Moving         0 molecules of type         1
  New positions will be based on good molecules (movebadrandom is not set) 
   Moving:|0                                                        100%|
          ||
  Function value after moving molecules:   139.22355145635544     

--------------------------------------------------------------------------------

  Starting GENCAN loop:           82
  Scaling radii by:    1.0000000000000000     

  Packing:|0                                                        100%|
          |

  Function value from last GENCAN loop: f = .13922E+03
  Best function value before: f = .13922E+03
  Improvement from best function value:    -0.00 %
  Improvement from last loop:    -0.00 %
  Maximum violation of target distance:     3.082562
  Maximum violation of the constraints: .00000E+00
  All-type function value: .13922E+03

--------------------------------------------------------------------------------

  Moving worst molecules ... 
  Function value before moving molecules:   139.22355145635544     
  Type         1 molecules with non-zero contributions:    2.78%
  Moving         0 molecules of type         1
  New positions will be based on good molecules (movebadrandom is not set) 
   Moving:|0                                                        100%|
          ||
  Function value after moving molecules:   139.22355145635544     

--------------------------------------------------------------------------------

  Starting GENCAN loop:           83
  Scaling radii by:    1.0000000000000000     

  Packing:|0                                                        100%|
          |

  Function value from last GENCAN loop: f = .13922E+03
  Best function value before: f = .13922E+03
  Improvement from best function value:    -0.00 %
  Improvement from last loop:    -0.00 %
  Maximum violation of target distance:     3.082562
  Maximum violation of the constraints: .00000E+00
  All-type function value: .13922E+03

--------------------------------------------------------------------------------

  Moving worst molecules ... 
  Function value before moving molecules:   139.22355145635544     
  Type         1 molecules with non-zero contributions:    2.78%
  Moving         0 molecules of type         1
  New positions will be based on good molecules (movebadrandom is not set) 
   Moving:|0                                                        100%|
          ||
  Function value after moving molecules:   139.22355145635544     

--------------------------------------------------------------------------------

  Starting GENCAN loop:           84
  Scaling radii by:    1.0000000000000000     

  Packing:|0                                                        100%|
          |

  Function value from last GENCAN loop: f = .13922E+03
  Best function value before: f = .13922E+03
  Improvement from best function value:    -0.00 %
  Improvement from last loop:    -0.00 %
  Maximum violation of target distance:     3.082562
  Maximum violation of the constraints: .00000E+00
  All-type function value: .13922E+03

--------------------------------------------------------------------------------

  Moving worst molecules ... 
  Function value before moving molecules:   139.22355145635544     
  Type         1 molecules with non-zero contributions:    2.78%
  Moving         0 molecules of type         1
  New positions will be based on good molecules (movebadrandom is not set) 
   Moving:|0                                                        100%|
          ||
  Function value after moving molecules:   139.22355145635544     

--------------------------------------------------------------------------------

  Starting GENCAN loop:           85
  Scaling radii by:    1.0000000000000000     

  Packing:|0                                                        100%|
          |

  Function value from last GENCAN loop: f = .13922E+03
  Best function value before: f = .13922E+03
  Improvement from best function value:    -0.00 %
  Improvement from last loop:    -0.00 %
  Maximum violation of target distance:     3.082562
  Maximum violation of the constraints: .00000E+00
  All-type function value: .13922E+03

--------------------------------------------------------------------------------

  Moving worst molecules ... 
  Function value before moving molecules:   139.22355145635544     
  Type         1 molecules with non-zero contributions:    2.78%
  Moving         0 molecules of type         1
  New positions will be based on good molecules (movebadrandom is not set) 
   Moving:|0                                                        100%|
          ||
  Function value after moving molecules:   139.22355145635544     

--------------------------------------------------------------------------------

  Starting GENCAN loop:           86
  Scaling radii by:    1.0000000000000000     

  Packing:|0                                                        100%|
          |

  Function value from last GENCAN loop: f = .13922E+03
  Best function value before: f = .13922E+03
  Improvement from best function value:    -0.00 %
  Improvement from last loop:    -0.00 %
  Maximum violation of target distance:     3.082562
  Maximum violation of the constraints: .00000E+00
  All-type function value: .13922E+03

--------------------------------------------------------------------------------

  Moving worst molecules ... 
  Function value before moving molecules:   139.22355145635544     
  Type         1 molecules with non-zero contributions:    2.78%
  Moving         0 molecules of type         1
  New positions will be based on good molecules (movebadrandom is not set) 
   Moving:|0                                                        100%|
          ||
  Function value after moving molecules:   139.22355145635544     

--------------------------------------------------------------------------------

  Starting GENCAN loop:           87
  Scaling radii by:    1.0000000000000000     

  Packing:|0                                                        100%|
          |

  Function value from last GENCAN loop: f = .13922E+03
  Best function value before: f = .13922E+03
  Improvement from best function value:    -0.00 %
  Improvement from last loop:    -0.00 %
  Maximum violation of target distance:     3.082562
  Maximum violation of the constraints: .00000E+00
  All-type function value: .13922E+03

--------------------------------------------------------------------------------

  Moving worst molecules ... 
  Function value before moving molecules:   139.22355145635544     
  Type         1 molecules with non-zero contributions:    2.78%
  Moving         0 molecules of type         1
  New positions will be based on good molecules (movebadrandom is not set) 
   Moving:|0                                                        100%|
          ||
  Function value after moving molecules:   139.22355145635544     

--------------------------------------------------------------------------------

  Starting GENCAN loop:           88
  Scaling radii by:    1.0000000000000000     

  Packing:|0                                                        100%|
          |

  Function value from last GENCAN loop: f = .13922E+03
  Best function value before: f = .13922E+03
  Improvement from best function value:    -0.00 %
  Improvement from last loop:    -0.00 %
  Maximum violation of target distance:     3.082562
  Maximum violation of the constraints: .00000E+00
  All-type function value: .13922E+03

--------------------------------------------------------------------------------

  Moving worst molecules ... 
  Function value before moving molecules:   139.22355145635544     
  Type         1 molecules with non-zero contributions:    2.78%
  Moving         0 molecules of type         1
  New positions will be based on good molecules (movebadrandom is not set) 
   Moving:|0                                                        100%|
          ||
  Function value after moving molecules:   139.22355145635544     

--------------------------------------------------------------------------------

  Starting GENCAN loop:           89
  Scaling radii by:    1.0000000000000000     

  Packing:|0                                                        100%|
          |

  Function value from last GENCAN loop: f = .13922E+03
  Best function value before: f = .13922E+03
  Improvement from best function value:    -0.00 %
  Improvement from last loop:    -0.00 %
  Maximum violation of target distance:     3.082562
  Maximum violation of the constraints: .00000E+00
  All-type function value: .13922E+03

--------------------------------------------------------------------------------

  Moving worst molecules ... 
  Function value before moving molecules:   139.22355145635544     
  Type         1 molecules with non-zero contributions:    2.78%
  Moving         0 molecules of type         1
  New positions will be based on good molecules (movebadrandom is not set) 
   Moving:|0                                                        100%|
          ||
  Function value after moving molecules:   139.22355145635544     

--------------------------------------------------------------------------------

  Starting GENCAN loop:           90
  Scaling radii by:    1.0000000000000000     

  Packing:|0                                                        100%|
          |

  Function value from last GENCAN loop: f = .13922E+03
  Best function value before: f = .13922E+03
  Improvement from best function value:    -0.00 %
  Improvement from last loop:    -0.00 %
  Maximum violation of target distance:     3.082562
  Maximum violation of the constraints: .00000E+00
  All-type function value: .13922E+03

--------------------------------------------------------------------------------

  Moving worst molecules ... 
  Function value before moving molecules:   139.22355145635544     
  Type         1 molecules with non-zero contributions:    2.78%
  Moving         0 molecules of type         1
  New positions will be based on good molecules (movebadrandom is not set) 
   Moving:|0                                                        100%|
          ||
  Function value after moving molecules:   139.22355145635544     

--------------------------------------------------------------------------------

  Starting GENCAN loop:           91
  Scaling radii by:    1.0000000000000000     

  Packing:|0                                                        100%|
          |

  Function value from last GENCAN loop: f = .13922E+03
  Best function value before: f = .13922E+03
  Improvement from best function value:    -0.00 %
  Improvement from last loop:    -0.00 %
  Maximum violation of target distance:     3.082562
  Maximum violation of the constraints: .00000E+00
  All-type function value: .13922E+03

--------------------------------------------------------------------------------

  Moving worst molecules ... 
  Function value before moving molecules:   139.22355145635544     
  Type         1 molecules with non-zero contributions:    2.78%
  Moving         0 molecules of type         1
  New positions will be based on good molecules (movebadrandom is not set) 
   Moving:|0                                                        100%|
          ||
  Function value after moving molecules:   139.22355145635544     

--------------------------------------------------------------------------------

  Starting GENCAN loop:           92
  Scaling radii by:    1.0000000000000000     

  Packing:|0                                                        100%|
          |

  Function value from last GENCAN loop: f = .13922E+03
  Best function value before: f = .13922E+03
  Improvement from best function value:    -0.00 %
  Improvement from last loop:    -0.00 %
  Maximum violation of target distance:     3.082562
  Maximum violation of the constraints: .00000E+00
  All-type function value: .13922E+03

--------------------------------------------------------------------------------

  Moving worst molecules ... 
  Function value before moving molecules:   139.22355145635544     
  Type         1 molecules with non-zero contributions:    2.78%
  Moving         0 molecules of type         1
  New positions will be based on good molecules (movebadrandom is not set) 
   Moving:|0                                                        100%|
          ||
  Function value after moving molecules:   139.22355145635544     

--------------------------------------------------------------------------------

  Starting GENCAN loop:           93
  Scaling radii by:    1.0000000000000000     

  Packing:|0                                                        100%|
          |

  Function value from last GENCAN loop: f = .13922E+03
  Best function value before: f = .13922E+03
  Improvement from best function value:    -0.00 %
  Improvement from last loop:    -0.00 %
  Maximum violation of target distance:     3.082562
  Maximum violation of the constraints: .00000E+00
  All-type function value: .13922E+03

--------------------------------------------------------------------------------

  Moving worst molecules ... 
  Function value before moving molecules:   139.22355145635544     
  Type         1 molecules with non-zero contributions:    2.78%
  Moving         0 molecules of type         1
  New positions will be based on good molecules (movebadrandom is not set) 
   Moving:|0                                                        100%|
          ||
  Function value after moving molecules:   139.22355145635544     

--------------------------------------------------------------------------------

  Starting GENCAN loop:           94
  Scaling radii by:    1.0000000000000000     

  Packing:|0                                                        100%|
          |

  Function value from last GENCAN loop: f = .13922E+03
  Best function value before: f = .13922E+03
  Improvement from best function value:    -0.00 %
  Improvement from last loop:    -0.00 %
  Maximum violation of target distance:     3.082562
  Maximum violation of the constraints: .00000E+00
  All-type function value: .13922E+03

--------------------------------------------------------------------------------

  Moving worst molecules ... 
  Function value before moving molecules:   139.22355145635544     
  Type         1 molecules with non-zero contributions:    2.78%
  Moving         0 molecules of type         1
  New positions will be based on good molecules (movebadrandom is not set) 
   Moving:|0                                                        100%|
          ||
  Function value after moving molecules:   139.22355145635544     

--------------------------------------------------------------------------------

  Starting GENCAN loop:           95
  Scaling radii by:    1.0000000000000000     

  Packing:|0                                                        100%|
          |

  Function value from last GENCAN loop: f = .13922E+03
  Best function value before: f = .13922E+03
  Improvement from best function value:    -0.00 %
  Improvement from last loop:    -0.00 %
  Maximum violation of target distance:     3.082562
  Maximum violation of the constraints: .00000E+00
  All-type function value: .13922E+03

--------------------------------------------------------------------------------

  Moving worst molecules ... 
  Function value before moving molecules:   139.22355145635544     
  Type         1 molecules with non-zero contributions:    2.78%
  Moving         0 molecules of type         1
  New positions will be based on good molecules (movebadrandom is not set) 
   Moving:|0                                                        100%|
          ||
  Function value after moving molecules:   139.22355145635544     

--------------------------------------------------------------------------------

  Starting GENCAN loop:           96
  Scaling radii by:    1.0000000000000000     

  Packing:|0                                                        100%|
          |

  Function value from last GENCAN loop: f = .13922E+03
  Best function value before: f = .13922E+03
  Improvement from best function value:    -0.00 %
  Improvement from last loop:    -0.00 %
  Maximum violation of target distance:     3.082562
  Maximum violation of the constraints: .00000E+00
  All-type function value: .13922E+03

--------------------------------------------------------------------------------

  Moving worst molecules ... 
  Function value before moving molecules:   139.22355145635544     
  Type         1 molecules with non-zero contributions:    2.78%
  Moving         0 molecules of type         1
  New positions will be based on good molecules (movebadrandom is not set) 
   Moving:|0                                                        100%|
          ||
  Function value after moving molecules:   139.22355145635544     

--------------------------------------------------------------------------------

  Starting GENCAN loop:           97
  Scaling radii by:    1.0000000000000000     

  Packing:|0                                                        100%|
          |

  Function value from last GENCAN loop: f = .13922E+03
  Best function value before: f = .13922E+03
  Improvement from best function value:    -0.00 %
  Improvement from last loop:    -0.00 %
  Maximum violation of target distance:     3.082562
  Maximum violation of the constraints: .00000E+00
  All-type function value: .13922E+03

--------------------------------------------------------------------------------

  Moving worst molecules ... 
  Function value before moving molecules:   139.22355145635544     
  Type         1 molecules with non-zero contributions:    2.78%
  Moving         0 molecules of type         1
  New positions will be based on good molecules (movebadrandom is not set) 
   Moving:|0                                                        100%|
          ||
  Function value after moving molecules:   139.22355145635544     

--------------------------------------------------------------------------------

  Starting GENCAN loop:           98
  Scaling radii by:    1.0000000000000000     

  Packing:|0                                                        100%|
          |

  Function value from last GENCAN loop: f = .13922E+03
  Best function value before: f = .13922E+03
  Improvement from best function value:    -0.00 %
  Improvement from last loop:    -0.00 %
  Maximum violation of target distance:     3.082562
  Maximum violation of the constraints: .00000E+00
  All-type function value: .13922E+03

--------------------------------------------------------------------------------

  Moving worst molecules ... 
  Function value before moving molecules:   139.22355145635544     
  Type         1 molecules with non-zero contributions:    2.78%
  Moving         0 molecules of type         1
  New positions will be based on good molecules (movebadrandom is not set) 
   Moving:|0                                                        100%|
          ||
  Function value after moving molecules:   139.22355145635544     

--------------------------------------------------------------------------------

  Starting GENCAN loop:           99
  Scaling radii by:    1.0000000000000000     

  Packing:|0                                                        100%|
          |

  Function value from last GENCAN loop: f = .13922E+03
  Best function value before: f = .13922E+03
  Improvement from best function value:    -0.00 %
  Improvement from last loop:    -0.00 %
  Maximum violation of target distance:     3.082562
  Maximum violation of the constraints: .00000E+00
  All-type function value: .13922E+03

--------------------------------------------------------------------------------

  Moving worst molecules ... 
  Function value before moving molecules:   139.22355145635544     
  Type         1 molecules with non-zero contributions:    2.78%
  Moving         0 molecules of type         1
  New positions will be based on good molecules (movebadrandom is not set) 
   Moving:|0                                                        100%|
          ||
  Function value after moving molecules:   139.22355145635544     

--------------------------------------------------------------------------------

  Starting GENCAN loop:          100
  Scaling radii by:    1.0000000000000000     

  Packing:|0                                                        100%|
          |

  Function value from last GENCAN loop: f = .13922E+03
  Best function value before: f = .13922E+03
  Improvement from best function value:    -0.00 %
  Improvement from last loop:    -0.00 %
  Maximum violation of target distance:     3.082562
  Maximum violation of the constraints: .00000E+00
  All-type function value: .13922E+03

--------------------------------------------------------------------------------

  Moving worst molecules ... 
  Function value before moving molecules:   139.22355145635544     
  Type         1 molecules with non-zero contributions:    2.78%
  Moving         0 molecules of type         1
  New positions will be based on good molecules (movebadrandom is not set) 
   Moving:|0                                                        100%|
          ||
  Function value after moving molecules:   139.22355145635544     

--------------------------------------------------------------------------------

  Starting GENCAN loop:          101
  Scaling radii by:    1.0000000000000000     

  Packing:|0                                                        100%|
          |

  Function value from last GENCAN loop: f = .13922E+03
  Best function value before: f = .13922E+03
  Improvement from best function value:    -0.00 %
  Improvement from last loop:    -0.00 %
  Maximum violation of target distance:     3.082562
  Maximum violation of the constraints: .00000E+00
  All-type function value: .13922E+03

--------------------------------------------------------------------------------

  Moving worst molecules ... 
  Function value before moving molecules:   139.22355145635544     
  Type         1 molecules with non-zero contributions:    2.78%
  Moving         0 molecules of type         1
  New positions will be based on good molecules (movebadrandom is not set) 
   Moving:|0                                                        100%|
          ||
  Function value after moving molecules:   139.22355145635544     

--------------------------------------------------------------------------------

  Starting GENCAN loop:          102
  Scaling radii by:    1.0000000000000000     

  Packing:|0                                                        100%|
          |

  Function value from last GENCAN loop: f = .13922E+03
  Best function value before: f = .13922E+03
  Improvement from best function value:    -0.00 %
  Improvement from last loop:    -0.00 %
  Maximum violation of target distance:     3.082562
  Maximum violation of the constraints: .00000E+00
  All-type function value: .13922E+03

--------------------------------------------------------------------------------

  Moving worst molecules ... 
  Function value before moving molecules:   139.22355145635544     
  Type         1 molecules with non-zero contributions:    2.78%
  Moving         0 molecules of type         1
  New positions will be based on good molecules (movebadrandom is not set) 
   Moving:|0                                                        100%|
          ||
  Function value after moving molecules:   139.22355145635544     

--------------------------------------------------------------------------------

  Starting GENCAN loop:          103
  Scaling radii by:    1.0000000000000000     

  Packing:|0                                                        100%|
          |

  Function value from last GENCAN loop: f = .13922E+03
  Best function value before: f = .13922E+03
  Improvement from best function value:    -0.00 %
  Improvement from last loop:    -0.00 %
  Maximum violation of target distance:     3.082562
  Maximum violation of the constraints: .00000E+00
  All-type function value: .13922E+03

--------------------------------------------------------------------------------

  Moving worst molecules ... 
  Function value before moving molecules:   139.22355145635544     
  Type         1 molecules with non-zero contributions:    2.78%
  Moving         0 molecules of type         1
  New positions will be based on good molecules (movebadrandom is not set) 
   Moving:|0                                                        100%|
          ||
  Function value after moving molecules:   139.22355145635544     

--------------------------------------------------------------------------------

  Starting GENCAN loop:          104
  Scaling radii by:    1.0000000000000000     

  Packing:|0                                                        100%|
          |

  Function value from last GENCAN loop: f = .13922E+03
  Best function value before: f = .13922E+03
  Improvement from best function value:    -0.00 %
  Improvement from last loop:    -0.00 %
  Maximum violation of target distance:     3.082562
  Maximum violation of the constraints: .00000E+00
  All-type function value: .13922E+03

--------------------------------------------------------------------------------

  Moving worst molecules ... 
  Function value before moving molecules:   139.22355145635544     
  Type         1 molecules with non-zero contributions:    2.78%
  Moving         0 molecules of type         1
  New positions will be based on good molecules (movebadrandom is not set) 
   Moving:|0                                                        100%|
          ||
  Function value after moving molecules:   139.22355145635544     

--------------------------------------------------------------------------------

  Starting GENCAN loop:          105
  Scaling radii by:    1.0000000000000000     

  Packing:|0                                                        100%|
          |

  Function value from last GENCAN loop: f = .13922E+03
  Best function value before: f = .13922E+03
  Improvement from best function value:    -0.00 %
  Improvement from last loop:    -0.00 %
  Maximum violation of target distance:     3.082562
  Maximum violation of the constraints: .00000E+00
  All-type function value: .13922E+03

--------------------------------------------------------------------------------

  Moving worst molecules ... 
  Function value before moving molecules:   139.22355145635544     
  Type         1 molecules with non-zero contributions:    2.78%
  Moving         0 molecules of type         1
  New positions will be based on good molecules (movebadrandom is not set) 
   Moving:|0                                                        100%|
          ||
  Function value after moving molecules:   139.22355145635544     

--------------------------------------------------------------------------------

  Starting GENCAN loop:          106
  Scaling radii by:    1.0000000000000000     

  Packing:|0                                                        100%|
          |

  Function value from last GENCAN loop: f = .13922E+03
  Best function value before: f = .13922E+03
  Improvement from best function value:    -0.00 %
  Improvement from last loop:    -0.00 %
  Maximum violation of target distance:     3.082562
  Maximum violation of the constraints: .00000E+00
  All-type function value: .13922E+03

--------------------------------------------------------------------------------

  Moving worst molecules ... 
  Function value before moving molecules:   139.22355145635544     
  Type         1 molecules with non-zero contributions:    2.78%
  Moving         0 molecules of type         1
  New positions will be based on good molecules (movebadrandom is not set) 
   Moving:|0                                                        100%|
          ||
  Function value after moving molecules:   139.22355145635544     

--------------------------------------------------------------------------------

  Starting GENCAN loop:          107
  Scaling radii by:    1.0000000000000000     

  Packing:|0                                                        100%|
          |

  Function value from last GENCAN loop: f = .13922E+03
  Best function value before: f = .13922E+03
  Improvement from best function value:    -0.00 %
  Improvement from last loop:    -0.00 %
  Maximum violation of target distance:     3.082562
  Maximum violation of the constraints: .00000E+00
  All-type function value: .13922E+03

--------------------------------------------------------------------------------

  Moving worst molecules ... 
  Function value before moving molecules:   139.22355145635544     
  Type         1 molecules with non-zero contributions:    2.78%
  Moving         0 molecules of type         1
  New positions will be based on good molecules (movebadrandom is not set) 
   Moving:|0                                                        100%|
          ||
  Function value after moving molecules:   139.22355145635544     

--------------------------------------------------------------------------------

  Starting GENCAN loop:          108
  Scaling radii by:    1.0000000000000000     

  Packing:|0                                                        100%|
          |

  Function value from last GENCAN loop: f = .13922E+03
  Best function value before: f = .13922E+03
  Improvement from best function value:    -0.00 %
  Improvement from last loop:    -0.00 %
  Maximum violation of target distance:     3.082562
  Maximum violation of the constraints: .00000E+00
  All-type function value: .13922E+03

--------------------------------------------------------------------------------

  Moving worst molecules ... 
  Function value before moving molecules:   139.22355145635544     
  Type         1 molecules with non-zero contributions:    2.78%
  Moving         0 molecules of type         1
  New positions will be based on good molecules (movebadrandom is not set) 
   Moving:|0                                                        100%|
          ||
  Function value after moving molecules:   139.22355145635544     

--------------------------------------------------------------------------------

  Starting GENCAN loop:          109
  Scaling radii by:    1.0000000000000000     

  Packing:|0                                                        100%|
          |

  Function value from last GENCAN loop: f = .13922E+03
  Best function value before: f = .13922E+03
  Improvement from best function value:    -0.00 %
  Improvement from last loop:    -0.00 %
  Maximum violation of target distance:     3.082562
  Maximum violation of the constraints: .00000E+00
  All-type function value: .13922E+03

--------------------------------------------------------------------------------

  Moving worst molecules ... 
  Function value before moving molecules:   139.22355145635544     
  Type         1 molecules with non-zero contributions:    2.78%
  Moving         0 molecules of type         1
  New positions will be based on good molecules (movebadrandom is not set) 
   Moving:|0                                                        100%|
          ||
  Function value after moving molecules:   139.22355145635544     

--------------------------------------------------------------------------------

  Starting GENCAN loop:          110
  Scaling radii by:    1.0000000000000000     

  Packing:|0                                                        100%|
          |

  Function value from last GENCAN loop: f = .13922E+03
  Best function value before: f = .13922E+03
  Improvement from best function value:    -0.00 %
  Improvement from last loop:    -0.00 %
  Maximum violation of target distance:     3.082562
  Maximum violation of the constraints: .00000E+00
  All-type function value: .13922E+03

--------------------------------------------------------------------------------

  Moving worst molecules ... 
  Function value before moving molecules:   139.22355145635544     
  Type         1 molecules with non-zero contributions:    2.78%
  Moving         0 molecules of type         1
  New positions will be based on good molecules (movebadrandom is not set) 
   Moving:|0                                                        100%|
          ||
  Function value after moving molecules:   139.22355145635544     

--------------------------------------------------------------------------------

  Starting GENCAN loop:          111
  Scaling radii by:    1.0000000000000000     

  Packing:|0                                                        100%|
          |

  Function value from last GENCAN loop: f = .13922E+03
  Best function value before: f = .13922E+03
  Improvement from best function value:    -0.00 %
  Improvement from last loop:    -0.00 %
  Maximum violation of target distance:     3.082562
  Maximum violation of the constraints: .00000E+00
  All-type function value: .13922E+03

--------------------------------------------------------------------------------

  Moving worst molecules ... 
  Function value before moving molecules:   139.22355145635544     
  Type         1 molecules with non-zero contributions:    2.78%
  Moving         0 molecules of type         1
  New positions will be based on good molecules (movebadrandom is not set) 
   Moving:|0                                                        100%|
          ||
  Function value after moving molecules:   139.22355145635544     

--------------------------------------------------------------------------------

  Starting GENCAN loop:          112
  Scaling radii by:    1.0000000000000000     

  Packing:|0                                                        100%|
          |

  Function value from last GENCAN loop: f = .13922E+03
  Best function value before: f = .13922E+03
  Improvement from best function value:    -0.00 %
  Improvement from last loop:    -0.00 %
  Maximum violation of target distance:     3.082562
  Maximum violation of the constraints: .00000E+00
  All-type function value: .13922E+03

--------------------------------------------------------------------------------

  Moving worst molecules ... 
  Function value before moving molecules:   139.22355145635544     
  Type         1 molecules with non-zero contributions:    2.78%
  Moving         0 molecules of type         1
  New positions will be based on good molecules (movebadrandom is not set) 
   Moving:|0                                                        100%|
          ||
  Function value after moving molecules:   139.22355145635544     

--------------------------------------------------------------------------------

  Starting GENCAN loop:          113
  Scaling radii by:    1.0000000000000000     

  Packing:|0                                                        100%|
          |

  Function value from last GENCAN loop: f = .13922E+03
  Best function value before: f = .13922E+03
  Improvement from best function value:    -0.00 %
  Improvement from last loop:    -0.00 %
  Maximum violation of target distance:     3.082562
  Maximum violation of the constraints: .00000E+00
  All-type function value: .13922E+03

--------------------------------------------------------------------------------

  Moving worst molecules ... 
  Function value before moving molecules:   139.22355145635544     
  Type         1 molecules with non-zero contributions:    2.78%
  Moving         0 molecules of type         1
  New positions will be based on good molecules (movebadrandom is not set) 
   Moving:|0                                                        100%|
          ||
  Function value after moving molecules:   139.22355145635544     

--------------------------------------------------------------------------------

  Starting GENCAN loop:          114
  Scaling radii by:    1.0000000000000000     

  Packing:|0                                                        100%|
          |

  Function value from last GENCAN loop: f = .13922E+03
  Best function value before: f = .13922E+03
  Improvement from best function value:    -0.00 %
  Improvement from last loop:    -0.00 %
  Maximum violation of target distance:     3.082562
  Maximum violation of the constraints: .00000E+00
  All-type function value: .13922E+03

--------------------------------------------------------------------------------

  Moving worst molecules ... 
  Function value before moving molecules:   139.22355145635544     
  Type         1 molecules with non-zero contributions:    2.78%
  Moving         0 molecules of type         1
  New positions will be based on good molecules (movebadrandom is not set) 
   Moving:|0                                                        100%|
          ||
  Function value after moving molecules:   139.22355145635544     

--------------------------------------------------------------------------------

  Starting GENCAN loop:          115
  Scaling radii by:    1.0000000000000000     

  Packing:|0                                                        100%|
          |

  Function value from last GENCAN loop: f = .13922E+03
  Best function value before: f = .13922E+03
  Improvement from best function value:    -0.00 %
  Improvement from last loop:    -0.00 %
  Maximum violation of target distance:     3.082562
  Maximum violation of the constraints: .00000E+00
  All-type function value: .13922E+03

--------------------------------------------------------------------------------

  Moving worst molecules ... 
  Function value before moving molecules:   139.22355145635544     
  Type         1 molecules with non-zero contributions:    2.78%
  Moving         0 molecules of type         1
  New positions will be based on good molecules (movebadrandom is not set) 
   Moving:|0                                                        100%|
          ||
  Function value after moving molecules:   139.22355145635544     

--------------------------------------------------------------------------------

  Starting GENCAN loop:          116
  Scaling radii by:    1.0000000000000000     

  Packing:|0                                                        100%|
          |

  Function value from last GENCAN loop: f = .13922E+03
  Best function value before: f = .13922E+03
  Improvement from best function value:    -0.00 %
  Improvement from last loop:    -0.00 %
  Maximum violation of target distance:     3.082562
  Maximum violation of the constraints: .00000E+00
  All-type function value: .13922E+03

--------------------------------------------------------------------------------

  Moving worst molecules ... 
  Function value before moving molecules:   139.22355145635544     
  Type         1 molecules with non-zero contributions:    2.78%
  Moving         0 molecules of type         1
  New positions will be based on good molecules (movebadrandom is not set) 
   Moving:|0                                                        100%|
          ||
  Function value after moving molecules:   139.22355145635544     

--------------------------------------------------------------------------------

  Starting GENCAN loop:          117
  Scaling radii by:    1.0000000000000000     

  Packing:|0                                                        100%|
          |

  Function value from last GENCAN loop: f = .13922E+03
  Best function value before: f = .13922E+03
  Improvement from best function value:    -0.00 %
  Improvement from last loop:    -0.00 %
  Maximum violation of target distance:     3.082562
  Maximum violation of the constraints: .00000E+00
  All-type function value: .13922E+03

--------------------------------------------------------------------------------

  Moving worst molecules ... 
  Function value before moving molecules:   139.22355145635544     
  Type         1 molecules with non-zero contributions:    2.78%
  Moving         0 molecules of type         1
  New positions will be based on good molecules (movebadrandom is not set) 
   Moving:|0                                                        100%|
          ||
  Function value after moving molecules:   139.22355145635544     

--------------------------------------------------------------------------------

  Starting GENCAN loop:          118
  Scaling radii by:    1.0000000000000000     

  Packing:|0                                                        100%|
          |

  Function value from last GENCAN loop: f = .13922E+03
  Best function value before: f = .13922E+03
  Improvement from best function value:    -0.00 %
  Improvement from last loop:    -0.00 %
  Maximum violation of target distance:     3.082562
  Maximum violation of the constraints: .00000E+00
  All-type function value: .13922E+03

--------------------------------------------------------------------------------

  Moving worst molecules ... 
  Function value before moving molecules:   139.22355145635544     
  Type         1 molecules with non-zero contributions:    2.78%
  Moving         0 molecules of type         1
  New positions will be based on good molecules (movebadrandom is not set) 
   Moving:|0                                                        100%|
          ||
  Function value after moving molecules:   139.22355145635544     

--------------------------------------------------------------------------------

  Starting GENCAN loop:          119
  Scaling radii by:    1.0000000000000000     

  Packing:|0                                                        100%|
          |

  Function value from last GENCAN loop: f = .13922E+03
  Best function value before: f = .13922E+03
  Improvement from best function value:    -0.00 %
  Improvement from last loop:    -0.00 %
  Maximum violation of target distance:     3.082562
  Maximum violation of the constraints: .00000E+00
  All-type function value: .13922E+03

--------------------------------------------------------------------------------

  Moving worst molecules ... 
  Function value before moving molecules:   139.22355145635544     
  Type         1 molecules with non-zero contributions:    2.78%
  Moving         0 molecules of type         1
  New positions will be based on good molecules (movebadrandom is not set) 
   Moving:|0                                                        100%|
          ||
  Function value after moving molecules:   139.22355145635544     

--------------------------------------------------------------------------------

  Starting GENCAN loop:          120
  Scaling radii by:    1.0000000000000000     

  Packing:|0                                                        100%|
          |

  Function value from last GENCAN loop: f = .13922E+03
  Best function value before: f = .13922E+03
  Improvement from best function value:    -0.00 %
  Improvement from last loop:    -0.00 %
  Maximum violation of target distance:     3.082562
  Maximum violation of the constraints: .00000E+00
  All-type function value: .13922E+03

--------------------------------------------------------------------------------

  Moving worst molecules ... 
  Function value before moving molecules:   139.22355145635544     
  Type         1 molecules with non-zero contributions:    2.78%
  Moving         0 molecules of type         1
  New positions will be based on good molecules (movebadrandom is not set) 
   Moving:|0                                                        100%|
          ||
  Function value after moving molecules:   139.22355145635544     

--------------------------------------------------------------------------------

  Starting GENCAN loop:          121
  Scaling radii by:    1.0000000000000000     

  Packing:|0                                                        100%|
          |

  Function value from last GENCAN loop: f = .13922E+03
  Best function value before: f = .13922E+03
  Improvement from best function value:    -0.00 %
  Improvement from last loop:    -0.00 %
  Maximum violation of target distance:     3.082562
  Maximum violation of the constraints: .00000E+00
  All-type function value: .13922E+03

--------------------------------------------------------------------------------

  Moving worst molecules ... 
  Function value before moving molecules:   139.22355145635544     
  Type         1 molecules with non-zero contributions:    2.78%
  Moving         0 molecules of type         1
  New positions will be based on good molecules (movebadrandom is not set) 
   Moving:|0                                                        100%|
          ||
  Function value after moving molecules:   139.22355145635544     

--------------------------------------------------------------------------------

  Starting GENCAN loop:          122
  Scaling radii by:    1.0000000000000000     

  Packing:|0                                                        100%|
          |

  Function value from last GENCAN loop: f = .13922E+03
  Best function value before: f = .13922E+03
  Improvement from best function value:    -0.00 %
  Improvement from last loop:    -0.00 %
  Maximum violation of target distance:     3.082562
  Maximum violation of the constraints: .00000E+00
  All-type function value: .13922E+03

--------------------------------------------------------------------------------

  Moving worst molecules ... 
  Function value before moving molecules:   139.22355145635544     
  Type         1 molecules with non-zero contributions:    2.78%
  Moving         0 molecules of type         1
  New positions will be based on good molecules (movebadrandom is not set) 
   Moving:|0                                                        100%|
          ||
  Function value after moving molecules:   139.22355145635544     

--------------------------------------------------------------------------------

  Starting GENCAN loop:          123
  Scaling radii by:    1.0000000000000000     

  Packing:|0                                                        100%|
          |

  Function value from last GENCAN loop: f = .13922E+03
  Best function value before: f = .13922E+03
  Improvement from best function value:    -0.00 %
  Improvement from last loop:    -0.00 %
  Maximum violation of target distance:     3.082562
  Maximum violation of the constraints: .00000E+00
  All-type function value: .13922E+03

--------------------------------------------------------------------------------

  Moving worst molecules ... 
  Function value before moving molecules:   139.22355145635544     
  Type         1 molecules with non-zero contributions:    2.78%
  Moving         0 molecules of type         1
  New positions will be based on good molecules (movebadrandom is not set) 
   Moving:|0                                                        100%|
          ||
  Function value after moving molecules:   139.22355145635544     

--------------------------------------------------------------------------------

  Starting GENCAN loop:          124
  Scaling radii by:    1.0000000000000000     

  Packing:|0                                                        100%|
          |

  Function value from last GENCAN loop: f = .13922E+03
  Best function value before: f = .13922E+03
  Improvement from best function value:    -0.00 %
  Improvement from last loop:    -0.00 %
  Maximum violation of target distance:     3.082562
  Maximum violation of the constraints: .00000E+00
  All-type function value: .13922E+03

--------------------------------------------------------------------------------

  Moving worst molecules ... 
  Function value before moving molecules:   139.22355145635544     
  Type         1 molecules with non-zero contributions:    2.78%
  Moving         0 molecules of type         1
  New positions will be based on good molecules (movebadrandom is not set) 
   Moving:|0                                                        100%|
          ||
  Function value after moving molecules:   139.22355145635544     

--------------------------------------------------------------------------------

  Starting GENCAN loop:          125
  Scaling radii by:    1.0000000000000000     

  Packing:|0                                                        100%|
          |

  Function value from last GENCAN loop: f = .13922E+03
  Best function value before: f = .13922E+03
  Improvement from best function value:    -0.00 %
  Improvement from last loop:    -0.00 %
  Maximum violation of target distance:     3.082562
  Maximum violation of the constraints: .00000E+00
  All-type function value: .13922E+03

--------------------------------------------------------------------------------

  Moving worst molecules ... 
  Function value before moving molecules:   139.22355145635544     
  Type         1 molecules with non-zero contributions:    2.78%
  Moving         0 molecules of type         1
  New positions will be based on good molecules (movebadrandom is not set) 
   Moving:|0                                                        100%|
          ||
  Function value after moving molecules:   139.22355145635544     

--------------------------------------------------------------------------------

  Starting GENCAN loop:          126
  Scaling radii by:    1.0000000000000000     

  Packing:|0                                                        100%|
          |

  Function value from last GENCAN loop: f = .13922E+03
  Best function value before: f = .13922E+03
  Improvement from best function value:    -0.00 %
  Improvement from last loop:    -0.00 %
  Maximum violation of target distance:     3.082562
  Maximum violation of the constraints: .00000E+00
  All-type function value: .13922E+03

--------------------------------------------------------------------------------

  Moving worst molecules ... 
  Function value before moving molecules:   139.22355145635544     
  Type         1 molecules with non-zero contributions:    2.78%
  Moving         0 molecules of type         1
  New positions will be based on good molecules (movebadrandom is not set) 
   Moving:|0                                                        100%|
          ||
  Function value after moving molecules:   139.22355145635544     

--------------------------------------------------------------------------------

  Starting GENCAN loop:          127
  Scaling radii by:    1.0000000000000000     

  Packing:|0                                                        100%|
          |

  Function value from last GENCAN loop: f = .13922E+03
  Best function value before: f = .13922E+03
  Improvement from best function value:    -0.00 %
  Improvement from last loop:    -0.00 %
  Maximum violation of target distance:     3.082562
  Maximum violation of the constraints: .00000E+00
  All-type function value: .13922E+03

--------------------------------------------------------------------------------

  Moving worst molecules ... 
  Function value before moving molecules:   139.22355145635544     
  Type         1 molecules with non-zero contributions:    2.78%
  Moving         0 molecules of type         1
  New positions will be based on good molecules (movebadrandom is not set) 
   Moving:|0                                                        100%|
          ||
  Function value after moving molecules:   139.22355145635544     

--------------------------------------------------------------------------------

  Starting GENCAN loop:          128
  Scaling radii by:    1.0000000000000000     

  Packing:|0                                                        100%|
          |

  Function value from last GENCAN loop: f = .13922E+03
  Best function value before: f = .13922E+03
  Improvement from best function value:    -0.00 %
  Improvement from last loop:    -0.00 %
  Maximum violation of target distance:     3.082562
  Maximum violation of the constraints: .00000E+00
  All-type function value: .13922E+03

--------------------------------------------------------------------------------

  Moving worst molecules ... 
  Function value before moving molecules:   139.22355145635544     
  Type         1 molecules with non-zero contributions:    2.78%
  Moving         0 molecules of type         1
  New positions will be based on good molecules (movebadrandom is not set) 
   Moving:|0                                                        100%|
          ||
  Function value after moving molecules:   139.22355145635544     

--------------------------------------------------------------------------------

  Starting GENCAN loop:          129
  Scaling radii by:    1.0000000000000000     

  Packing:|0                                                        100%|
          |

  Function value from last GENCAN loop: f = .13922E+03
  Best function value before: f = .13922E+03
  Improvement from best function value:    -0.00 %
  Improvement from last loop:    -0.00 %
  Maximum violation of target distance:     3.082562
  Maximum violation of the constraints: .00000E+00
  All-type function value: .13922E+03

--------------------------------------------------------------------------------

  Moving worst molecules ... 
  Function value before moving molecules:   139.22355145635544     
  Type         1 molecules with non-zero contributions:    2.78%
  Moving         0 molecules of type         1
  New positions will be based on good molecules (movebadrandom is not set) 
   Moving:|0                                                        100%|
          ||
  Function value after moving molecules:   139.22355145635544     

--------------------------------------------------------------------------------

  Starting GENCAN loop:          130
  Scaling radii by:    1.0000000000000000     

  Packing:|0                                                        100%|
          |

  Function value from last GENCAN loop: f = .13922E+03
  Best function value before: f = .13922E+03
  Improvement from best function value:    -0.00 %
  Improvement from last loop:    -0.00 %
  Maximum violation of target distance:     3.082562
  Maximum violation of the constraints: .00000E+00
  All-type function value: .13922E+03

--------------------------------------------------------------------------------

  Moving worst molecules ... 
  Function value before moving molecules:   139.22355145635544     
  Type         1 molecules with non-zero contributions:    2.78%
  Moving         0 molecules of type         1
  New positions will be based on good molecules (movebadrandom is not set) 
   Moving:|0                                                        100%|
          ||
  Function value after moving molecules:   139.22355145635544     

--------------------------------------------------------------------------------

  Starting GENCAN loop:          131
  Scaling radii by:    1.0000000000000000     

  Packing:|0                                                        100%|
          |

  Function value from last GENCAN loop: f = .13922E+03
  Best function value before: f = .13922E+03
  Improvement from best function value:    -0.00 %
  Improvement from last loop:    -0.00 %
  Maximum violation of target distance:     3.082562
  Maximum violation of the constraints: .00000E+00
  All-type function value: .13922E+03

--------------------------------------------------------------------------------

  Moving worst molecules ... 
  Function value before moving molecules:   139.22355145635544     
  Type         1 molecules with non-zero contributions:    2.78%
  Moving         0 molecules of type         1
  New positions will be based on good molecules (movebadrandom is not set) 
   Moving:|0                                                        100%|
          ||
  Function value after moving molecules:   139.22355145635544     

--------------------------------------------------------------------------------

  Starting GENCAN loop:          132
  Scaling radii by:    1.0000000000000000     

  Packing:|0                                                        100%|
          |

  Function value from last GENCAN loop: f = .13922E+03
  Best function value before: f = .13922E+03
  Improvement from best function value:    -0.00 %
  Improvement from last loop:    -0.00 %
  Maximum violation of target distance:     3.082562
  Maximum violation of the constraints: .00000E+00
  All-type function value: .13922E+03

--------------------------------------------------------------------------------

  Moving worst molecules ... 
  Function value before moving molecules:   139.22355145635544     
  Type         1 molecules with non-zero contributions:    2.78%
  Moving         0 molecules of type         1
  New positions will be based on good molecules (movebadrandom is not set) 
   Moving:|0                                                        100%|
          ||
  Function value after moving molecules:   139.22355145635544     

--------------------------------------------------------------------------------

  Starting GENCAN loop:          133
  Scaling radii by:    1.0000000000000000     

  Packing:|0                                                        100%|
          |

  Function value from last GENCAN loop: f = .13922E+03
  Best function value before: f = .13922E+03
  Improvement from best function value:    -0.00 %
  Improvement from last loop:    -0.00 %
  Maximum violation of target distance:     3.082562
  Maximum violation of the constraints: .00000E+00
  All-type function value: .13922E+03

--------------------------------------------------------------------------------

  Moving worst molecules ... 
  Function value before moving molecules:   139.22355145635544     
  Type         1 molecules with non-zero contributions:    2.78%
  Moving         0 molecules of type         1
  New positions will be based on good molecules (movebadrandom is not set) 
   Moving:|0                                                        100%|
          ||
  Function value after moving molecules:   139.22355145635544     

--------------------------------------------------------------------------------

  Starting GENCAN loop:          134
  Scaling radii by:    1.0000000000000000     

  Packing:|0                                                        100%|
          |

  Function value from last GENCAN loop: f = .13922E+03
  Best function value before: f = .13922E+03
  Improvement from best function value:    -0.00 %
  Improvement from last loop:    -0.00 %
  Maximum violation of target distance:     3.082562
  Maximum violation of the constraints: .00000E+00
  All-type function value: .13922E+03

--------------------------------------------------------------------------------

  Moving worst molecules ... 
  Function value before moving molecules:   139.22355145635544     
  Type         1 molecules with non-zero contributions:    2.78%
  Moving         0 molecules of type         1
  New positions will be based on good molecules (movebadrandom is not set) 
   Moving:|0                                                        100%|
          ||
  Function value after moving molecules:   139.22355145635544     

--------------------------------------------------------------------------------

  Starting GENCAN loop:          135
  Scaling radii by:    1.0000000000000000     

  Packing:|0                                                        100%|
          |

  Function value from last GENCAN loop: f = .13922E+03
  Best function value before: f = .13922E+03
  Improvement from best function value:    -0.00 %
  Improvement from last loop:    -0.00 %
  Maximum violation of target distance:     3.082562
  Maximum violation of the constraints: .00000E+00
  All-type function value: .13922E+03

--------------------------------------------------------------------------------

  Moving worst molecules ... 
  Function value before moving molecules:   139.22355145635544     
  Type         1 molecules with non-zero contributions:    2.78%
  Moving         0 molecules of type         1
  New positions will be based on good molecules (movebadrandom is not set) 
   Moving:|0                                                        100%|
          ||
  Function value after moving molecules:   139.22355145635544     

--------------------------------------------------------------------------------

  Starting GENCAN loop:          136
  Scaling radii by:    1.0000000000000000     

  Packing:|0                                                        100%|
          |

  Function value from last GENCAN loop: f = .13922E+03
  Best function value before: f = .13922E+03
  Improvement from best function value:    -0.00 %
  Improvement from last loop:    -0.00 %
  Maximum violation of target distance:     3.082562
  Maximum violation of the constraints: .00000E+00
  All-type function value: .13922E+03

--------------------------------------------------------------------------------

  Moving worst molecules ... 
  Function value before moving molecules:   139.22355145635544     
  Type         1 molecules with non-zero contributions:    2.78%
  Moving         0 molecules of type         1
  New positions will be based on good molecules (movebadrandom is not set) 
   Moving:|0                                                        100%|
          ||
  Function value after moving molecules:   139.22355145635544     

--------------------------------------------------------------------------------

  Starting GENCAN loop:          137
  Scaling radii by:    1.0000000000000000     

  Packing:|0                                                        100%|
          |

  Function value from last GENCAN loop: f = .13922E+03
  Best function value before: f = .13922E+03
  Improvement from best function value:    -0.00 %
  Improvement from last loop:    -0.00 %
  Maximum violation of target distance:     3.082562
  Maximum violation of the constraints: .00000E+00
  All-type function value: .13922E+03

--------------------------------------------------------------------------------

  Moving worst molecules ... 
  Function value before moving molecules:   139.22355145635544     
  Type         1 molecules with non-zero contributions:    2.78%
  Moving         0 molecules of type         1
  New positions will be based on good molecules (movebadrandom is not set) 
   Moving:|0                                                        100%|
          ||
  Function value after moving molecules:   139.22355145635544     

--------------------------------------------------------------------------------

  Starting GENCAN loop:          138
  Scaling radii by:    1.0000000000000000     

  Packing:|0                                                        100%|
          |

  Function value from last GENCAN loop: f = .13922E+03
  Best function value before: f = .13922E+03
  Improvement from best function value:    -0.00 %
  Improvement from last loop:    -0.00 %
  Maximum violation of target distance:     3.082562
  Maximum violation of the constraints: .00000E+00
  All-type function value: .13922E+03

--------------------------------------------------------------------------------

  Moving worst molecules ... 
  Function value before moving molecules:   139.22355145635544     
  Type         1 molecules with non-zero contributions:    2.78%
  Moving         0 molecules of type         1
  New positions will be based on good molecules (movebadrandom is not set) 
   Moving:|0                                                        100%|
          ||
  Function value after moving molecules:   139.22355145635544     

--------------------------------------------------------------------------------

  Starting GENCAN loop:          139
  Scaling radii by:    1.0000000000000000     

  Packing:|0                                                        100%|
          |

  Function value from last GENCAN loop: f = .13922E+03
  Best function value before: f = .13922E+03
  Improvement from best function value:    -0.00 %
  Improvement from last loop:    -0.00 %
  Maximum violation of target distance:     3.082562
  Maximum violation of the constraints: .00000E+00
  All-type function value: .13922E+03

--------------------------------------------------------------------------------

  Moving worst molecules ... 
  Function value before moving molecules:   139.22355145635544     
  Type         1 molecules with non-zero contributions:    2.78%
  Moving         0 molecules of type         1
  New positions will be based on good molecules (movebadrandom is not set) 
   Moving:|0                                                        100%|
          ||
  Function value after moving molecules:   139.22355145635544     

--------------------------------------------------------------------------------

  Starting GENCAN loop:          140
  Scaling radii by:    1.0000000000000000     

  Packing:|0                                                        100%|
          |

  Function value from last GENCAN loop: f = .13922E+03
  Best function value before: f = .13922E+03
  Improvement from best function value:    -0.00 %
  Improvement from last loop:    -0.00 %
  Maximum violation of target distance:     3.082562
  Maximum violation of the constraints: .00000E+00
  All-type function value: .13922E+03

--------------------------------------------------------------------------------

  Moving worst molecules ... 
  Function value before moving molecules:   139.22355145635544     
  Type         1 molecules with non-zero contributions:    2.78%
  Moving         0 molecules of type         1
  New positions will be based on good molecules (movebadrandom is not set) 
   Moving:|0                                                        100%|
          ||
  Function value after moving molecules:   139.22355145635544     

--------------------------------------------------------------------------------

  Starting GENCAN loop:          141
  Scaling radii by:    1.0000000000000000     

  Packing:|0                                                        100%|
          |

  Function value from last GENCAN loop: f = .13922E+03
  Best function value before: f = .13922E+03
  Improvement from best function value:    -0.00 %
  Improvement from last loop:    -0.00 %
  Maximum violation of target distance:     3.082562
  Maximum violation of the constraints: .00000E+00
  All-type function value: .13922E+03

--------------------------------------------------------------------------------

  Moving worst molecules ... 
  Function value before moving molecules:   139.22355145635544     
  Type         1 molecules with non-zero contributions:    2.78%
  Moving         0 molecules of type         1
  New positions will be based on good molecules (movebadrandom is not set) 
   Moving:|0                                                        100%|
          ||
  Function value after moving molecules:   139.22355145635544     

--------------------------------------------------------------------------------

  Starting GENCAN loop:          142
  Scaling radii by:    1.0000000000000000     

  Packing:|0                                                        100%|
          |

  Function value from last GENCAN loop: f = .13922E+03
  Best function value before: f = .13922E+03
  Improvement from best function value:    -0.00 %
  Improvement from last loop:    -0.00 %
  Maximum violation of target distance:     3.082562
  Maximum violation of the constraints: .00000E+00
  All-type function value: .13922E+03

--------------------------------------------------------------------------------

  Moving worst molecules ... 
  Function value before moving molecules:   139.22355145635544     
  Type         1 molecules with non-zero contributions:    2.78%
  Moving         0 molecules of type         1
  New positions will be based on good molecules (movebadrandom is not set) 
   Moving:|0                                                        100%|
          ||
  Function value after moving molecules:   139.22355145635544     

--------------------------------------------------------------------------------

  Starting GENCAN loop:          143
  Scaling radii by:    1.0000000000000000     

  Packing:|0                                                        100%|
          |

  Function value from last GENCAN loop: f = .13922E+03
  Best function value before: f = .13922E+03
  Improvement from best function value:    -0.00 %
  Improvement from last loop:    -0.00 %
  Maximum violation of target distance:     3.082562
  Maximum violation of the constraints: .00000E+00
  All-type function value: .13922E+03

--------------------------------------------------------------------------------

  Moving worst molecules ... 
  Function value before moving molecules:   139.22355145635544     
  Type         1 molecules with non-zero contributions:    2.78%
  Moving         0 molecules of type         1
  New positions will be based on good molecules (movebadrandom is not set) 
   Moving:|0                                                        100%|
          ||
  Function value after moving molecules:   139.22355145635544     

--------------------------------------------------------------------------------

  Starting GENCAN loop:          144
  Scaling radii by:    1.0000000000000000     

  Packing:|0                                                        100%|
          |

  Function value from last GENCAN loop: f = .13922E+03
  Best function value before: f = .13922E+03
  Improvement from best function value:    -0.00 %
  Improvement from last loop:    -0.00 %
  Maximum violation of target distance:     3.082562
  Maximum violation of the constraints: .00000E+00
  All-type function value: .13922E+03

--------------------------------------------------------------------------------

  Moving worst molecules ... 
  Function value before moving molecules:   139.22355145635544     
  Type         1 molecules with non-zero contributions:    2.78%
  Moving         0 molecules of type         1
  New positions will be based on good molecules (movebadrandom is not set) 
   Moving:|0                                                        100%|
          ||
  Function value after moving molecules:   139.22355145635544     

--------------------------------------------------------------------------------

  Starting GENCAN loop:          145
  Scaling radii by:    1.0000000000000000     

  Packing:|0                                                        100%|
          |

  Function value from last GENCAN loop: f = .13922E+03
  Best function value before: f = .13922E+03
  Improvement from best function value:    -0.00 %
  Improvement from last loop:    -0.00 %
  Maximum violation of target distance:     3.082562
  Maximum violation of the constraints: .00000E+00
  All-type function value: .13922E+03

--------------------------------------------------------------------------------

  Moving worst molecules ... 
  Function value before moving molecules:   139.22355145635544     
  Type         1 molecules with non-zero contributions:    2.78%
  Moving         0 molecules of type         1
  New positions will be based on good molecules (movebadrandom is not set) 
   Moving:|0                                                        100%|
          ||
  Function value after moving molecules:   139.22355145635544     

--------------------------------------------------------------------------------

  Starting GENCAN loop:          146
  Scaling radii by:    1.0000000000000000     

  Packing:|0                                                        100%|
          |

  Function value from last GENCAN loop: f = .13922E+03
  Best function value before: f = .13922E+03
  Improvement from best function value:    -0.00 %
  Improvement from last loop:    -0.00 %
  Maximum violation of target distance:     3.082562
  Maximum violation of the constraints: .00000E+00
  All-type function value: .13922E+03

--------------------------------------------------------------------------------

  Moving worst molecules ... 
  Function value before moving molecules:   139.22355145635544     
  Type         1 molecules with non-zero contributions:    2.78%
  Moving         0 molecules of type         1
  New positions will be based on good molecules (movebadrandom is not set) 
   Moving:|0                                                        100%|
          ||
  Function value after moving molecules:   139.22355145635544     

--------------------------------------------------------------------------------

  Starting GENCAN loop:          147
  Scaling radii by:    1.0000000000000000     

  Packing:|0                                                        100%|
          |

  Function value from last GENCAN loop: f = .13922E+03
  Best function value before: f = .13922E+03
  Improvement from best function value:    -0.00 %
  Improvement from last loop:    -0.00 %
  Maximum violation of target distance:     3.082562
  Maximum violation of the constraints: .00000E+00
  All-type function value: .13922E+03

--------------------------------------------------------------------------------

  Moving worst molecules ... 
  Function value before moving molecules:   139.22355145635544     
  Type         1 molecules with non-zero contributions:    2.78%
  Moving         0 molecules of type         1
  New positions will be based on good molecules (movebadrandom is not set) 
   Moving:|0                                                        100%|
          ||
  Function value after moving molecules:   139.22355145635544     

--------------------------------------------------------------------------------

  Starting GENCAN loop:          148
  Scaling radii by:    1.0000000000000000     

  Packing:|0                                                        100%|
          |

  Function value from last GENCAN loop: f = .13922E+03
  Best function value before: f = .13922E+03
  Improvement from best function value:    -0.00 %
  Improvement from last loop:    -0.00 %
  Maximum violation of target distance:     3.082562
  Maximum violation of the constraints: .00000E+00
  All-type function value: .13922E+03

--------------------------------------------------------------------------------

  Moving worst molecules ... 
  Function value before moving molecules:   139.22355145635544     
  Type         1 molecules with non-zero contributions:    2.78%
  Moving         0 molecules of type         1
  New positions will be based on good molecules (movebadrandom is not set) 
   Moving:|0                                                        100%|
          ||
  Function value after moving molecules:   139.22355145635544     

--------------------------------------------------------------------------------

  Starting GENCAN loop:          149
  Scaling radii by:    1.0000000000000000     

  Packing:|0                                                        100%|
          |

  Function value from last GENCAN loop: f = .13922E+03
  Best function value before: f = .13922E+03
  Improvement from best function value:    -0.00 %
  Improvement from last loop:    -0.00 %
  Maximum violation of target distance:     3.082562
  Maximum violation of the constraints: .00000E+00
  All-type function value: .13922E+03

--------------------------------------------------------------------------------

  Moving worst molecules ... 
  Function value before moving molecules:   139.22355145635544     
  Type         1 molecules with non-zero contributions:    2.78%
  Moving         0 molecules of type         1
  New positions will be based on good molecules (movebadrandom is not set) 
   Moving:|0                                                        100%|
          ||
  Function value after moving molecules:   139.22355145635544     

--------------------------------------------------------------------------------

  Starting GENCAN loop:          150
  Scaling radii by:    1.0000000000000000     

  Packing:|0                                                        100%|
          |

  Function value from last GENCAN loop: f = .13922E+03
  Best function value before: f = .13922E+03
  Improvement from best function value:    -0.00 %
  Improvement from last loop:    -0.00 %
  Maximum violation of target distance:     3.082562
  Maximum violation of the constraints: .00000E+00
  All-type function value: .13922E+03

--------------------------------------------------------------------------------

  Moving worst molecules ... 
  Function value before moving molecules:   139.22355145635544     
  Type         1 molecules with non-zero contributions:    2.78%
  Moving         0 molecules of type         1
  New positions will be based on good molecules (movebadrandom is not set) 
   Moving:|0                                                        100%|
          ||
  Function value after moving molecules:   139.22355145635544     

--------------------------------------------------------------------------------

  Starting GENCAN loop:          151
  Scaling radii by:    1.0000000000000000     

  Packing:|0                                                        100%|
          |

  Function value from last GENCAN loop: f = .13922E+03
  Best function value before: f = .13922E+03
  Improvement from best function value:    -0.00 %
  Improvement from last loop:    -0.00 %
  Maximum violation of target distance:     3.082562
  Maximum violation of the constraints: .00000E+00
  All-type function value: .13922E+03

--------------------------------------------------------------------------------

  Moving worst molecules ... 
  Function value before moving molecules:   139.22355145635544     
  Type         1 molecules with non-zero contributions:    2.78%
  Moving         0 molecules of type         1
  New positions will be based on good molecules (movebadrandom is not set) 
   Moving:|0                                                        100%|
          ||
  Function value after moving molecules:   139.22355145635544     

--------------------------------------------------------------------------------

  Starting GENCAN loop:          152
  Scaling radii by:    1.0000000000000000     

  Packing:|0                                                        100%|
          |

  Function value from last GENCAN loop: f = .13922E+03
  Best function value before: f = .13922E+03
  Improvement from best function value:    -0.00 %
  Improvement from last loop:    -0.00 %
  Maximum violation of target distance:     3.082562
  Maximum violation of the constraints: .00000E+00
  All-type function value: .13922E+03

--------------------------------------------------------------------------------

  Moving worst molecules ... 
  Function value before moving molecules:   139.22355145635544     
  Type         1 molecules with non-zero contributions:    2.78%
  Moving         0 molecules of type         1
  New positions will be based on good molecules (movebadrandom is not set) 
   Moving:|0                                                        100%|
          ||
  Function value after moving molecules:   139.22355145635544     

--------------------------------------------------------------------------------

  Starting GENCAN loop:          153
  Scaling radii by:    1.0000000000000000     

  Packing:|0                                                        100%|
          |

  Function value from last GENCAN loop: f = .13922E+03
  Best function value before: f = .13922E+03
  Improvement from best function value:    -0.00 %
  Improvement from last loop:    -0.00 %
  Maximum violation of target distance:     3.082562
  Maximum violation of the constraints: .00000E+00
  All-type function value: .13922E+03

--------------------------------------------------------------------------------

  Moving worst molecules ... 
  Function value before moving molecules:   139.22355145635544     
  Type         1 molecules with non-zero contributions:    2.78%
  Moving         0 molecules of type         1
  New positions will be based on good molecules (movebadrandom is not set) 
   Moving:|0                                                        100%|
          ||
  Function value after moving molecules:   139.22355145635544     

--------------------------------------------------------------------------------

  Starting GENCAN loop:          154
  Scaling radii by:    1.0000000000000000     

  Packing:|0                                                        100%|
          |

  Function value from last GENCAN loop: f = .13922E+03
  Best function value before: f = .13922E+03
  Improvement from best function value:    -0.00 %
  Improvement from last loop:    -0.00 %
  Maximum violation of target distance:     3.082562
  Maximum violation of the constraints: .00000E+00
  All-type function value: .13922E+03

--------------------------------------------------------------------------------

  Moving worst molecules ... 
  Function value before moving molecules:   139.22355145635544     
  Type         1 molecules with non-zero contributions:    2.78%
  Moving         0 molecules of type         1
  New positions will be based on good molecules (movebadrandom is not set) 
   Moving:|0                                                        100%|
          ||
  Function value after moving molecules:   139.22355145635544     

--------------------------------------------------------------------------------

  Starting GENCAN loop:          155
  Scaling radii by:    1.0000000000000000     

  Packing:|0                                                        100%|
          |

  Function value from last GENCAN loop: f = .13922E+03
  Best function value before: f = .13922E+03
  Improvement from best function value:    -0.00 %
  Improvement from last loop:    -0.00 %
  Maximum violation of target distance:     3.082562
  Maximum violation of the constraints: .00000E+00
  All-type function value: .13922E+03

--------------------------------------------------------------------------------

  Moving worst molecules ... 
  Function value before moving molecules:   139.22355145635544     
  Type         1 molecules with non-zero contributions:    2.78%
  Moving         0 molecules of type         1
  New positions will be based on good molecules (movebadrandom is not set) 
   Moving:|0                                                        100%|
          ||
  Function value after moving molecules:   139.22355145635544     

--------------------------------------------------------------------------------

  Starting GENCAN loop:          156
  Scaling radii by:    1.0000000000000000     

  Packing:|0                                                        100%|
          |

  Function value from last GENCAN loop: f = .13922E+03
  Best function value before: f = .13922E+03
  Improvement from best function value:    -0.00 %
  Improvement from last loop:    -0.00 %
  Maximum violation of target distance:     3.082562
  Maximum violation of the constraints: .00000E+00
  All-type function value: .13922E+03

--------------------------------------------------------------------------------

  Moving worst molecules ... 
  Function value before moving molecules:   139.22355145635544     
  Type         1 molecules with non-zero contributions:    2.78%
  Moving         0 molecules of type         1
  New positions will be based on good molecules (movebadrandom is not set) 
   Moving:|0                                                        100%|
          ||
  Function value after moving molecules:   139.22355145635544     

--------------------------------------------------------------------------------

  Starting GENCAN loop:          157
  Scaling radii by:    1.0000000000000000     

  Packing:|0                                                        100%|
          |

  Function value from last GENCAN loop: f = .13922E+03
  Best function value before: f = .13922E+03
  Improvement from best function value:    -0.00 %
  Improvement from last loop:    -0.00 %
  Maximum violation of target distance:     3.082562
  Maximum violation of the constraints: .00000E+00
  All-type function value: .13922E+03

--------------------------------------------------------------------------------

  Moving worst molecules ... 
  Function value before moving molecules:   139.22355145635544     
  Type         1 molecules with non-zero contributions:    2.78%
  Moving         0 molecules of type         1
  New positions will be based on good molecules (movebadrandom is not set) 
   Moving:|0                                                        100%|
          ||
  Function value after moving molecules:   139.22355145635544     

--------------------------------------------------------------------------------

  Starting GENCAN loop:          158
  Scaling radii by:    1.0000000000000000     

  Packing:|0                                                        100%|
          |

  Function value from last GENCAN loop: f = .13922E+03
  Best function value before: f = .13922E+03
  Improvement from best function value:    -0.00 %
  Improvement from last loop:    -0.00 %
  Maximum violation of target distance:     3.082562
  Maximum violation of the constraints: .00000E+00
  All-type function value: .13922E+03

--------------------------------------------------------------------------------

  Moving worst molecules ... 
  Function value before moving molecules:   139.22355145635544     
  Type         1 molecules with non-zero contributions:    2.78%
  Moving         0 molecules of type         1
  New positions will be based on good molecules (movebadrandom is not set) 
   Moving:|0                                                        100%|
          ||
  Function value after moving molecules:   139.22355145635544     

--------------------------------------------------------------------------------

  Starting GENCAN loop:          159
  Scaling radii by:    1.0000000000000000     

  Packing:|0                                                        100%|
          |

  Function value from last GENCAN loop: f = .13922E+03
  Best function value before: f = .13922E+03
  Improvement from best function value:    -0.00 %
  Improvement from last loop:    -0.00 %
  Maximum violation of target distance:     3.082562
  Maximum violation of the constraints: .00000E+00
  All-type function value: .13922E+03

--------------------------------------------------------------------------------

  Moving worst molecules ... 
  Function value before moving molecules:   139.22355145635544     
  Type         1 molecules with non-zero contributions:    2.78%
  Moving         0 molecules of type         1
  New positions will be based on good molecules (movebadrandom is not set) 
   Moving:|0                                                        100%|
          ||
  Function value after moving molecules:   139.22355145635544     

--------------------------------------------------------------------------------

  Starting GENCAN loop:          160
  Scaling radii by:    1.0000000000000000     

  Packing:|0                                                        100%|
          |

  Function value from last GENCAN loop: f = .13922E+03
  Best function value before: f = .13922E+03
  Improvement from best function value:    -0.00 %
  Improvement from last loop:    -0.00 %
  Maximum violation of target distance:     3.082562
  Maximum violation of the constraints: .00000E+00
  All-type function value: .13922E+03

--------------------------------------------------------------------------------

  Moving worst molecules ... 
  Function value before moving molecules:   139.22355145635544     
  Type         1 molecules with non-zero contributions:    2.78%
  Moving         0 molecules of type         1
  New positions will be based on good molecules (movebadrandom is not set) 
   Moving:|0                                                        100%|
          ||
  Function value after moving molecules:   139.22355145635544     

--------------------------------------------------------------------------------

  Starting GENCAN loop:          161
  Scaling radii by:    1.0000000000000000     

  Packing:|0                                                        100%|
          |

  Function value from last GENCAN loop: f = .13922E+03
  Best function value before: f = .13922E+03
  Improvement from best function value:    -0.00 %
  Improvement from last loop:    -0.00 %
  Maximum violation of target distance:     3.082562
  Maximum violation of the constraints: .00000E+00
  All-type function value: .13922E+03

--------------------------------------------------------------------------------

  Moving worst molecules ... 
  Function value before moving molecules:   139.22355145635544     
  Type         1 molecules with non-zero contributions:    2.78%
  Moving         0 molecules of type         1
  New positions will be based on good molecules (movebadrandom is not set) 
   Moving:|0                                                        100%|
          ||
  Function value after moving molecules:   139.22355145635544     

--------------------------------------------------------------------------------

  Starting GENCAN loop:          162
  Scaling radii by:    1.0000000000000000     

  Packing:|0                                                        100%|
          |

  Function value from last GENCAN loop: f = .13922E+03
  Best function value before: f = .13922E+03
  Improvement from best function value:    -0.00 %
  Improvement from last loop:    -0.00 %
  Maximum violation of target distance:     3.082562
  Maximum violation of the constraints: .00000E+00
  All-type function value: .13922E+03

--------------------------------------------------------------------------------

  Moving worst molecules ... 
  Function value before moving molecules:   139.22355145635544     
  Type         1 molecules with non-zero contributions:    2.78%
  Moving         0 molecules of type         1
  New positions will be based on good molecules (movebadrandom is not set) 
   Moving:|0                                                        100%|
          ||
  Function value after moving molecules:   139.22355145635544     

--------------------------------------------------------------------------------

  Starting GENCAN loop:          163
  Scaling radii by:    1.0000000000000000     

  Packing:|0                                                        100%|
          |

  Function value from last GENCAN loop: f = .13922E+03
  Best function value before: f = .13922E+03
  Improvement from best function value:    -0.00 %
  Improvement from last loop:    -0.00 %
  Maximum violation of target distance:     3.082562
  Maximum violation of the constraints: .00000E+00
  All-type function value: .13922E+03

--------------------------------------------------------------------------------

  Moving worst molecules ... 
  Function value before moving molecules:   139.22355145635544     
  Type         1 molecules with non-zero contributions:    2.78%
  Moving         0 molecules of type         1
  New positions will be based on good molecules (movebadrandom is not set) 
   Moving:|0                                                        100%|
          ||
  Function value after moving molecules:   139.22355145635544     

--------------------------------------------------------------------------------

  Starting GENCAN loop:          164
  Scaling radii by:    1.0000000000000000     

  Packing:|0                                                        100%|
          |

  Function value from last GENCAN loop: f = .13922E+03
  Best function value before: f = .13922E+03
  Improvement from best function value:    -0.00 %
  Improvement from last loop:    -0.00 %
  Maximum violation of target distance:     3.082562
  Maximum violation of the constraints: .00000E+00
  All-type function value: .13922E+03

--------------------------------------------------------------------------------

  Moving worst molecules ... 
  Function value before moving molecules:   139.22355145635544     
  Type         1 molecules with non-zero contributions:    2.78%
  Moving         0 molecules of type         1
  New positions will be based on good molecules (movebadrandom is not set) 
   Moving:|0                                                        100%|
          ||
  Function value after moving molecules:   139.22355145635544     

--------------------------------------------------------------------------------

  Starting GENCAN loop:          165
  Scaling radii by:    1.0000000000000000     

  Packing:|0                                                        100%|
          |

  Function value from last GENCAN loop: f = .13922E+03
  Best function value before: f = .13922E+03
  Improvement from best function value:    -0.00 %
  Improvement from last loop:    -0.00 %
  Maximum violation of target distance:     3.082562
  Maximum violation of the constraints: .00000E+00
  All-type function value: .13922E+03

--------------------------------------------------------------------------------

  Moving worst molecules ... 
  Function value before moving molecules:   139.22355145635544     
  Type         1 molecules with non-zero contributions:    2.78%
  Moving         0 molecules of type         1
  New positions will be based on good molecules (movebadrandom is not set) 
   Moving:|0                                                        100%|
          ||
  Function value after moving molecules:   139.22355145635544     

--------------------------------------------------------------------------------

  Starting GENCAN loop:          166
  Scaling radii by:    1.0000000000000000     

  Packing:|0                                                        100%|
          |

  Function value from last GENCAN loop: f = .13922E+03
  Best function value before: f = .13922E+03
  Improvement from best function value:    -0.00 %
  Improvement from last loop:    -0.00 %
  Maximum violation of target distance:     3.082562
  Maximum violation of the constraints: .00000E+00
  All-type function value: .13922E+03

--------------------------------------------------------------------------------

  Moving worst molecules ... 
  Function value before moving molecules:   139.22355145635544     
  Type         1 molecules with non-zero contributions:    2.78%
  Moving         0 molecules of type         1
  New positions will be based on good molecules (movebadrandom is not set) 
   Moving:|0                                                        100%|
          ||
  Function value after moving molecules:   139.22355145635544     

--------------------------------------------------------------------------------

  Starting GENCAN loop:          167
  Scaling radii by:    1.0000000000000000     

  Packing:|0                                                        100%|
          |

  Function value from last GENCAN loop: f = .13922E+03
  Best function value before: f = .13922E+03
  Improvement from best function value:    -0.00 %
  Improvement from last loop:    -0.00 %
  Maximum violation of target distance:     3.082562
  Maximum violation of the constraints: .00000E+00
  All-type function value: .13922E+03

--------------------------------------------------------------------------------

  Moving worst molecules ... 
  Function value before moving molecules:   139.22355145635544     
  Type         1 molecules with non-zero contributions:    2.78%
  Moving         0 molecules of type         1
  New positions will be based on good molecules (movebadrandom is not set) 
   Moving:|0                                                        100%|
          ||
  Function value after moving molecules:   139.22355145635544     

--------------------------------------------------------------------------------

  Starting GENCAN loop:          168
  Scaling radii by:    1.0000000000000000     

  Packing:|0                                                        100%|
          |

  Function value from last GENCAN loop: f = .13922E+03
  Best function value before: f = .13922E+03
  Improvement from best function value:    -0.00 %
  Improvement from last loop:    -0.00 %
  Maximum violation of target distance:     3.082562
  Maximum violation of the constraints: .00000E+00
  All-type function value: .13922E+03

--------------------------------------------------------------------------------

  Moving worst molecules ... 
  Function value before moving molecules:   139.22355145635544     
  Type         1 molecules with non-zero contributions:    2.78%
  Moving         0 molecules of type         1
  New positions will be based on good molecules (movebadrandom is not set) 
   Moving:|0                                                        100%|
          ||
  Function value after moving molecules:   139.22355145635544     

--------------------------------------------------------------------------------

  Starting GENCAN loop:          169
  Scaling radii by:    1.0000000000000000     

  Packing:|0                                                        100%|
          |

  Function value from last GENCAN loop: f = .13922E+03
  Best function value before: f = .13922E+03
  Improvement from best function value:    -0.00 %
  Improvement from last loop:    -0.00 %
  Maximum violation of target distance:     3.082562
  Maximum violation of the constraints: .00000E+00
  All-type function value: .13922E+03

--------------------------------------------------------------------------------

  Moving worst molecules ... 
  Function value before moving molecules:   139.22355145635544     
  Type         1 molecules with non-zero contributions:    2.78%
  Moving         0 molecules of type         1
  New positions will be based on good molecules (movebadrandom is not set) 
   Moving:|0                                                        100%|
          ||
  Function value after moving molecules:   139.22355145635544     

--------------------------------------------------------------------------------

  Starting GENCAN loop:          170
  Scaling radii by:    1.0000000000000000     

  Packing:|0                                                        100%|
          |

  Function value from last GENCAN loop: f = .13922E+03
  Best function value before: f = .13922E+03
  Improvement from best function value:    -0.00 %
  Improvement from last loop:    -0.00 %
  Maximum violation of target distance:     3.082562
  Maximum violation of the constraints: .00000E+00
  All-type function value: .13922E+03

--------------------------------------------------------------------------------

  Moving worst molecules ... 
  Function value before moving molecules:   139.22355145635544     
  Type         1 molecules with non-zero contributions:    2.78%
  Moving         0 molecules of type         1
  New positions will be based on good molecules (movebadrandom is not set) 
   Moving:|0                                                        100%|
          ||
  Function value after moving molecules:   139.22355145635544     

--------------------------------------------------------------------------------

  Starting GENCAN loop:          171
  Scaling radii by:    1.0000000000000000     

  Packing:|0                                                        100%|
          |

  Function value from last GENCAN loop: f = .13922E+03
  Best function value before: f = .13922E+03
  Improvement from best function value:    -0.00 %
  Improvement from last loop:    -0.00 %
  Maximum violation of target distance:     3.082562
  Maximum violation of the constraints: .00000E+00
  All-type function value: .13922E+03

--------------------------------------------------------------------------------

  Moving worst molecules ... 
  Function value before moving molecules:   139.22355145635544     
  Type         1 molecules with non-zero contributions:    2.78%
  Moving         0 molecules of type         1
  New positions will be based on good molecules (movebadrandom is not set) 
   Moving:|0                                                        100%|
          ||
  Function value after moving molecules:   139.22355145635544     

--------------------------------------------------------------------------------

  Starting GENCAN loop:          172
  Scaling radii by:    1.0000000000000000     

  Packing:|0                                                        100%|
          |

  Function value from last GENCAN loop: f = .13922E+03
  Best function value before: f = .13922E+03
  Improvement from best function value:    -0.00 %
  Improvement from last loop:    -0.00 %
  Maximum violation of target distance:     3.082562
  Maximum violation of the constraints: .00000E+00
  All-type function value: .13922E+03

--------------------------------------------------------------------------------

  Moving worst molecules ... 
  Function value before moving molecules:   139.22355145635544     
  Type         1 molecules with non-zero contributions:    2.78%
  Moving         0 molecules of type         1
  New positions will be based on good molecules (movebadrandom is not set) 
   Moving:|0                                                        100%|
          ||
  Function value after moving molecules:   139.22355145635544     

--------------------------------------------------------------------------------

  Starting GENCAN loop:          173
  Scaling radii by:    1.0000000000000000     

  Packing:|0                                                        100%|
          |

  Function value from last GENCAN loop: f = .13922E+03
  Best function value before: f = .13922E+03
  Improvement from best function value:    -0.00 %
  Improvement from last loop:    -0.00 %
  Maximum violation of target distance:     3.082562
  Maximum violation of the constraints: .00000E+00
  All-type function value: .13922E+03

--------------------------------------------------------------------------------

  Moving worst molecules ... 
  Function value before moving molecules:   139.22355145635544     
  Type         1 molecules with non-zero contributions:    2.78%
  Moving         0 molecules of type         1
  New positions will be based on good molecules (movebadrandom is not set) 
   Moving:|0                                                        100%|
          ||
  Function value after moving molecules:   139.22355145635544     

--------------------------------------------------------------------------------

  Starting GENCAN loop:          174
  Scaling radii by:    1.0000000000000000     

  Packing:|0                                                        100%|
          |

  Function value from last GENCAN loop: f = .13922E+03
  Best function value before: f = .13922E+03
  Improvement from best function value:    -0.00 %
  Improvement from last loop:    -0.00 %
  Maximum violation of target distance:     3.082562
  Maximum violation of the constraints: .00000E+00
  All-type function value: .13922E+03

--------------------------------------------------------------------------------

  Moving worst molecules ... 
  Function value before moving molecules:   139.22355145635544     
  Type         1 molecules with non-zero contributions:    2.78%
  Moving         0 molecules of type         1
  New positions will be based on good molecules (movebadrandom is not set) 
   Moving:|0                                                        100%|
          ||
  Function value after moving molecules:   139.22355145635544     

--------------------------------------------------------------------------------

  Starting GENCAN loop:          175
  Scaling radii by:    1.0000000000000000     

  Packing:|0                                                        100%|
          |

  Function value from last GENCAN loop: f = .13922E+03
  Best function value before: f = .13922E+03
  Improvement from best function value:    -0.00 %
  Improvement from last loop:    -0.00 %
  Maximum violation of target distance:     3.082562
  Maximum violation of the constraints: .00000E+00
  All-type function value: .13922E+03

--------------------------------------------------------------------------------

  Moving worst molecules ... 
  Function value before moving molecules:   139.22355145635544     
  Type         1 molecules with non-zero contributions:    2.78%
  Moving         0 molecules of type         1
  New positions will be based on good molecules (movebadrandom is not set) 
   Moving:|0                                                        100%|
          ||
  Function value after moving molecules:   139.22355145635544     

--------------------------------------------------------------------------------

  Starting GENCAN loop:          176
  Scaling radii by:    1.0000000000000000     

  Packing:|0                                                        100%|
          |

  Function value from last GENCAN loop: f = .13922E+03
  Best function value before: f = .13922E+03
  Improvement from best function value:    -0.00 %
  Improvement from last loop:    -0.00 %
  Maximum violation of target distance:     3.082562
  Maximum violation of the constraints: .00000E+00
  All-type function value: .13922E+03

--------------------------------------------------------------------------------

  Moving worst molecules ... 
  Function value before moving molecules:   139.22355145635544     
  Type         1 molecules with non-zero contributions:    2.78%
  Moving         0 molecules of type         1
  New positions will be based on good molecules (movebadrandom is not set) 
   Moving:|0                                                        100%|
          ||
  Function value after moving molecules:   139.22355145635544     

--------------------------------------------------------------------------------

  Starting GENCAN loop:          177
  Scaling radii by:    1.0000000000000000     

  Packing:|0                                                        100%|
          |

  Function value from last GENCAN loop: f = .13922E+03
  Best function value before: f = .13922E+03
  Improvement from best function value:    -0.00 %
  Improvement from last loop:    -0.00 %
  Maximum violation of target distance:     3.082562
  Maximum violation of the constraints: .00000E+00
  All-type function value: .13922E+03

--------------------------------------------------------------------------------

  Moving worst molecules ... 
  Function value before moving molecules:   139.22355145635544     
  Type         1 molecules with non-zero contributions:    2.78%
  Moving         0 molecules of type         1
  New positions will be based on good molecules (movebadrandom is not set) 
   Moving:|0                                                        100%|
          ||
  Function value after moving molecules:   139.22355145635544     

--------------------------------------------------------------------------------

  Starting GENCAN loop:          178
  Scaling radii by:    1.0000000000000000     

  Packing:|0                                                        100%|
          |

  Function value from last GENCAN loop: f = .13922E+03
  Best function value before: f = .13922E+03
  Improvement from best function value:    -0.00 %
  Improvement from last loop:    -0.00 %
  Maximum violation of target distance:     3.082562
  Maximum violation of the constraints: .00000E+00
  All-type function value: .13922E+03

--------------------------------------------------------------------------------

  Moving worst molecules ... 
  Function value before moving molecules:   139.22355145635544     
  Type         1 molecules with non-zero contributions:    2.78%
  Moving         0 molecules of type         1
  New positions will be based on good molecules (movebadrandom is not set) 
   Moving:|0                                                        100%|
          ||
  Function value after moving molecules:   139.22355145635544     

--------------------------------------------------------------------------------

  Starting GENCAN loop:          179
  Scaling radii by:    1.0000000000000000     

  Packing:|0                                                        100%|
          |

  Function value from last GENCAN loop: f = .13922E+03
  Best function value before: f = .13922E+03
  Improvement from best function value:    -0.00 %
  Improvement from last loop:    -0.00 %
  Maximum violation of target distance:     3.082562
  Maximum violation of the constraints: .00000E+00
  All-type function value: .13922E+03

--------------------------------------------------------------------------------

  Moving worst molecules ... 
  Function value before moving molecules:   139.22355145635544     
  Type         1 molecules with non-zero contributions:    2.78%
  Moving         0 molecules of type         1
  New positions will be based on good molecules (movebadrandom is not set) 
   Moving:|0                                                        100%|
          ||
  Function value after moving molecules:   139.22355145635544     

--------------------------------------------------------------------------------

  Starting GENCAN loop:          180
  Scaling radii by:    1.0000000000000000     

  Packing:|0                                                        100%|
          |

  Function value from last GENCAN loop: f = .13922E+03
  Best function value before: f = .13922E+03
  Improvement from best function value:    -0.00 %
  Improvement from last loop:    -0.00 %
  Maximum violation of target distance:     3.082562
  Maximum violation of the constraints: .00000E+00
  All-type function value: .13922E+03

--------------------------------------------------------------------------------

  Moving worst molecules ... 
  Function value before moving molecules:   139.22355145635544     
  Type         1 molecules with non-zero contributions:    2.78%
  Moving         0 molecules of type         1
  New positions will be based on good molecules (movebadrandom is not set) 
   Moving:|0                                                        100%|
          ||
  Function value after moving molecules:   139.22355145635544     

--------------------------------------------------------------------------------

  Starting GENCAN loop:          181
  Scaling radii by:    1.0000000000000000     

  Packing:|0                                                        100%|
          |

  Function value from last GENCAN loop: f = .13922E+03
  Best function value before: f = .13922E+03
  Improvement from best function value:    -0.00 %
  Improvement from last loop:    -0.00 %
  Maximum violation of target distance:     3.082562
  Maximum violation of the constraints: .00000E+00
  All-type function value: .13922E+03

--------------------------------------------------------------------------------

  Moving worst molecules ... 
  Function value before moving molecules:   139.22355145635544     
  Type         1 molecules with non-zero contributions:    2.78%
  Moving         0 molecules of type         1
  New positions will be based on good molecules (movebadrandom is not set) 
   Moving:|0                                                        100%|
          ||
  Function value after moving molecules:   139.22355145635544     

--------------------------------------------------------------------------------

  Starting GENCAN loop:          182
  Scaling radii by:    1.0000000000000000     

  Packing:|0                                                        100%|
          |

  Function value from last GENCAN loop: f = .13922E+03
  Best function value before: f = .13922E+03
  Improvement from best function value:    -0.00 %
  Improvement from last loop:    -0.00 %
  Maximum violation of target distance:     3.082562
  Maximum violation of the constraints: .00000E+00
  All-type function value: .13922E+03

--------------------------------------------------------------------------------

  Moving worst molecules ... 
  Function value before moving molecules:   139.22355145635544     
  Type         1 molecules with non-zero contributions:    2.78%
  Moving         0 molecules of type         1
  New positions will be based on good molecules (movebadrandom is not set) 
   Moving:|0                                                        100%|
          ||
  Function value after moving molecules:   139.22355145635544     

--------------------------------------------------------------------------------

  Starting GENCAN loop:          183
  Scaling radii by:    1.0000000000000000     

  Packing:|0                                                        100%|
          |

  Function value from last GENCAN loop: f = .13922E+03
  Best function value before: f = .13922E+03
  Improvement from best function value:    -0.00 %
  Improvement from last loop:    -0.00 %
  Maximum violation of target distance:     3.082562
  Maximum violation of the constraints: .00000E+00
  All-type function value: .13922E+03

--------------------------------------------------------------------------------

  Moving worst molecules ... 
  Function value before moving molecules:   139.22355145635544     
  Type         1 molecules with non-zero contributions:    2.78%
  Moving         0 molecules of type         1
  New positions will be based on good molecules (movebadrandom is not set) 
   Moving:|0                                                        100%|
          ||
  Function value after moving molecules:   139.22355145635544     

--------------------------------------------------------------------------------

  Starting GENCAN loop:          184
  Scaling radii by:    1.0000000000000000     

  Packing:|0                                                        100%|
          |

  Function value from last GENCAN loop: f = .13922E+03
  Best function value before: f = .13922E+03
  Improvement from best function value:    -0.00 %
  Improvement from last loop:    -0.00 %
  Maximum violation of target distance:     3.082562
  Maximum violation of the constraints: .00000E+00
  All-type function value: .13922E+03

--------------------------------------------------------------------------------

  Moving worst molecules ... 
  Function value before moving molecules:   139.22355145635544     
  Type         1 molecules with non-zero contributions:    2.78%
  Moving         0 molecules of type         1
  New positions will be based on good molecules (movebadrandom is not set) 
   Moving:|0                                                        100%|
          ||
  Function value after moving molecules:   139.22355145635544     

--------------------------------------------------------------------------------

  Starting GENCAN loop:          185
  Scaling radii by:    1.0000000000000000     

  Packing:|0                                                        100%|
          |

  Function value from last GENCAN loop: f = .13922E+03
  Best function value before: f = .13922E+03
  Improvement from best function value:    -0.00 %
  Improvement from last loop:    -0.00 %
  Maximum violation of target distance:     3.082562
  Maximum violation of the constraints: .00000E+00
  All-type function value: .13922E+03

--------------------------------------------------------------------------------

  Moving worst molecules ... 
  Function value before moving molecules:   139.22355145635544     
  Type         1 molecules with non-zero contributions:    2.78%
  Moving         0 molecules of type         1
  New positions will be based on good molecules (movebadrandom is not set) 
   Moving:|0                                                        100%|
          ||
  Function value after moving molecules:   139.22355145635544     

--------------------------------------------------------------------------------

  Starting GENCAN loop:          186
  Scaling radii by:    1.0000000000000000     

  Packing:|0                                                        100%|
          |

  Function value from last GENCAN loop: f = .13922E+03
  Best function value before: f = .13922E+03
  Improvement from best function value:    -0.00 %
  Improvement from last loop:    -0.00 %
  Maximum violation of target distance:     3.082562
  Maximum violation of the constraints: .00000E+00
  All-type function value: .13922E+03

--------------------------------------------------------------------------------

  Moving worst molecules ... 
  Function value before moving molecules:   139.22355145635544     
  Type         1 molecules with non-zero contributions:    2.78%
  Moving         0 molecules of type         1
  New positions will be based on good molecules (movebadrandom is not set) 
   Moving:|0                                                        100%|
          ||
  Function value after moving molecules:   139.22355145635544     

--------------------------------------------------------------------------------

  Starting GENCAN loop:          187
  Scaling radii by:    1.0000000000000000     

  Packing:|0                                                        100%|
          |

  Function value from last GENCAN loop: f = .13922E+03
  Best function value before: f = .13922E+03
  Improvement from best function value:    -0.00 %
  Improvement from last loop:    -0.00 %
  Maximum violation of target distance:     3.082562
  Maximum violation of the constraints: .00000E+00
  All-type function value: .13922E+03

--------------------------------------------------------------------------------

  Moving worst molecules ... 
  Function value before moving molecules:   139.22355145635544     
  Type         1 molecules with non-zero contributions:    2.78%
  Moving         0 molecules of type         1
  New positions will be based on good molecules (movebadrandom is not set) 
   Moving:|0                                                        100%|
          ||
  Function value after moving molecules:   139.22355145635544     

--------------------------------------------------------------------------------

  Starting GENCAN loop:          188
  Scaling radii by:    1.0000000000000000     

  Packing:|0                                                        100%|
          |

  Function value from last GENCAN loop: f = .13922E+03
  Best function value before: f = .13922E+03
  Improvement from best function value:    -0.00 %
  Improvement from last loop:    -0.00 %
  Maximum violation of target distance:     3.082562
  Maximum violation of the constraints: .00000E+00
  All-type function value: .13922E+03

--------------------------------------------------------------------------------

  Moving worst molecules ... 
  Function value before moving molecules:   139.22355145635544     
  Type         1 molecules with non-zero contributions:    2.78%
  Moving         0 molecules of type         1
  New positions will be based on good molecules (movebadrandom is not set) 
   Moving:|0                                                        100%|
          ||
  Function value after moving molecules:   139.22355145635544     

--------------------------------------------------------------------------------

  Starting GENCAN loop:          189
  Scaling radii by:    1.0000000000000000     

  Packing:|0                                                        100%|
          |

  Function value from last GENCAN loop: f = .13922E+03
  Best function value before: f = .13922E+03
  Improvement from best function value:    -0.00 %
  Improvement from last loop:    -0.00 %
  Maximum violation of target distance:     3.082562
  Maximum violation of the constraints: .00000E+00
  All-type function value: .13922E+03

--------------------------------------------------------------------------------

  Moving worst molecules ... 
  Function value before moving molecules:   139.22355145635544     
  Type         1 molecules with non-zero contributions:    2.78%
  Moving         0 molecules of type         1
  New positions will be based on good molecules (movebadrandom is not set) 
   Moving:|0                                                        100%|
          ||
  Function value after moving molecules:   139.22355145635544     

--------------------------------------------------------------------------------

  Starting GENCAN loop:          190
  Scaling radii by:    1.0000000000000000     

  Packing:|0                                                        100%|
          |

  Function value from last GENCAN loop: f = .13922E+03
  Best function value before: f = .13922E+03
  Improvement from best function value:    -0.00 %
  Improvement from last loop:    -0.00 %
  Maximum violation of target distance:     3.082562
  Maximum violation of the constraints: .00000E+00
  All-type function value: .13922E+03

--------------------------------------------------------------------------------

  Moving worst molecules ... 
  Function value before moving molecules:   139.22355145635544     
  Type         1 molecules with non-zero contributions:    2.78%
  Moving         0 molecules of type         1
  New positions will be based on good molecules (movebadrandom is not set) 
   Moving:|0                                                        100%|
          ||
  Function value after moving molecules:   139.22355145635544     

--------------------------------------------------------------------------------

  Starting GENCAN loop:          191
  Scaling radii by:    1.0000000000000000     

  Packing:|0                                                        100%|
          |

  Function value from last GENCAN loop: f = .13922E+03
  Best function value before: f = .13922E+03
  Improvement from best function value:    -0.00 %
  Improvement from last loop:    -0.00 %
  Maximum violation of target distance:     3.082562
  Maximum violation of the constraints: .00000E+00
  All-type function value: .13922E+03

--------------------------------------------------------------------------------

  Moving worst molecules ... 
  Function value before moving molecules:   139.22355145635544     
  Type         1 molecules with non-zero contributions:    2.78%
  Moving         0 molecules of type         1
  New positions will be based on good molecules (movebadrandom is not set) 
   Moving:|0                                                        100%|
          ||
  Function value after moving molecules:   139.22355145635544     

--------------------------------------------------------------------------------

  Starting GENCAN loop:          192
  Scaling radii by:    1.0000000000000000     

  Packing:|0                                                        100%|
          |

  Function value from last GENCAN loop: f = .13922E+03
  Best function value before: f = .13922E+03
  Improvement from best function value:    -0.00 %
  Improvement from last loop:    -0.00 %
  Maximum violation of target distance:     3.082562
  Maximum violation of the constraints: .00000E+00
  All-type function value: .13922E+03

--------------------------------------------------------------------------------

  Moving worst molecules ... 
  Function value before moving molecules:   139.22355145635544     
  Type         1 molecules with non-zero contributions:    2.78%
  Moving         0 molecules of type         1
  New positions will be based on good molecules (movebadrandom is not set) 
   Moving:|0                                                        100%|
          ||
  Function value after moving molecules:   139.22355145635544     

--------------------------------------------------------------------------------

  Starting GENCAN loop:          193
  Scaling radii by:    1.0000000000000000     

  Packing:|0                                                        100%|
          |

  Function value from last GENCAN loop: f = .13922E+03
  Best function value before: f = .13922E+03
  Improvement from best function value:    -0.00 %
  Improvement from last loop:    -0.00 %
  Maximum violation of target distance:     3.082562
  Maximum violation of the constraints: .00000E+00
  All-type function value: .13922E+03

--------------------------------------------------------------------------------

  Moving worst molecules ... 
  Function value before moving molecules:   139.22355145635544     
  Type         1 molecules with non-zero contributions:    2.78%
  Moving         0 molecules of type         1
  New positions will be based on good molecules (movebadrandom is not set) 
   Moving:|0                                                        100%|
          ||
  Function value after moving molecules:   139.22355145635544     

--------------------------------------------------------------------------------

  Starting GENCAN loop:          194
  Scaling radii by:    1.0000000000000000     

  Packing:|0                                                        100%|
          |

  Function value from last GENCAN loop: f = .13922E+03
  Best function value before: f = .13922E+03
  Improvement from best function value:    -0.00 %
  Improvement from last loop:    -0.00 %
  Maximum violation of target distance:     3.082562
  Maximum violation of the constraints: .00000E+00
  All-type function value: .13922E+03

--------------------------------------------------------------------------------

  Moving worst molecules ... 
  Function value before moving molecules:   139.22355145635544     
  Type         1 molecules with non-zero contributions:    2.78%
  Moving         0 molecules of type         1
  New positions will be based on good molecules (movebadrandom is not set) 
   Moving:|0                                                        100%|
          ||
  Function value after moving molecules:   139.22355145635544     

--------------------------------------------------------------------------------

  Starting GENCAN loop:          195
  Scaling radii by:    1.0000000000000000     

  Packing:|0                                                        100%|
          |

  Function value from last GENCAN loop: f = .13922E+03
  Best function value before: f = .13922E+03
  Improvement from best function value:    -0.00 %
  Improvement from last loop:    -0.00 %
  Maximum violation of target distance:     3.082562
  Maximum violation of the constraints: .00000E+00
  All-type function value: .13922E+03

--------------------------------------------------------------------------------

  Moving worst molecules ... 
  Function value before moving molecules:   139.22355145635544     
  Type         1 molecules with non-zero contributions:    2.78%
  Moving         0 molecules of type         1
  New positions will be based on good molecules (movebadrandom is not set) 
   Moving:|0                                                        100%|
          ||
  Function value after moving molecules:   139.22355145635544     

--------------------------------------------------------------------------------

  Starting GENCAN loop:          196
  Scaling radii by:    1.0000000000000000     

  Packing:|0                                                        100%|
          |

  Function value from last GENCAN loop: f = .13922E+03
  Best function value before: f = .13922E+03
  Improvement from best function value:    -0.00 %
  Improvement from last loop:    -0.00 %
  Maximum violation of target distance:     3.082562
  Maximum violation of the constraints: .00000E+00
  All-type function value: .13922E+03

--------------------------------------------------------------------------------

  Moving worst molecules ... 
  Function value before moving molecules:   139.22355145635544     
  Type         1 molecules with non-zero contributions:    2.78%
  Moving         0 molecules of type         1
  New positions will be based on good molecules (movebadrandom is not set) 
   Moving:|0                                                        100%|
          ||
  Function value after moving molecules:   139.22355145635544     

--------------------------------------------------------------------------------

  Starting GENCAN loop:          197
  Scaling radii by:    1.0000000000000000     

  Packing:|0                                                        100%|
          |

  Function value from last GENCAN loop: f = .13922E+03
  Best function value before: f = .13922E+03
  Improvement from best function value:    -0.00 %
  Improvement from last loop:    -0.00 %
  Maximum violation of target distance:     3.082562
  Maximum violation of the constraints: .00000E+00
  All-type function value: .13922E+03

--------------------------------------------------------------------------------

  Moving worst molecules ... 
  Function value before moving molecules:   139.22355145635544     
  Type         1 molecules with non-zero contributions:    2.78%
  Moving         0 molecules of type         1
  New positions will be based on good molecules (movebadrandom is not set) 
   Moving:|0                                                        100%|
          ||
  Function value after moving molecules:   139.22355145635544     

--------------------------------------------------------------------------------

  Starting GENCAN loop:          198
  Scaling radii by:    1.0000000000000000     

  Packing:|0                                                        100%|
          |

  Function value from last GENCAN loop: f = .13922E+03
  Best function value before: f = .13922E+03
  Improvement from best function value:    -0.00 %
  Improvement from last loop:    -0.00 %
  Maximum violation of target distance:     3.082562
  Maximum violation of the constraints: .00000E+00
  All-type function value: .13922E+03

--------------------------------------------------------------------------------

  Moving worst molecules ... 
  Function value before moving molecules:   139.22355145635544     
  Type         1 molecules with non-zero contributions:    2.78%
  Moving         0 molecules of type         1
  New positions will be based on good molecules (movebadrandom is not set) 
   Moving:|0                                                        100%|
          ||
  Function value after moving molecules:   139.22355145635544     

--------------------------------------------------------------------------------

  Starting GENCAN loop:          199
  Scaling radii by:    1.0000000000000000     

  Packing:|0                                                        100%|
          |

  Function value from last GENCAN loop: f = .13922E+03
  Best function value before: f = .13922E+03
  Improvement from best function value:    -0.00 %
  Improvement from last loop:    -0.00 %
  Maximum violation of target distance:     3.082562
  Maximum violation of the constraints: .00000E+00
  All-type function value: .13922E+03

--------------------------------------------------------------------------------

  Moving worst molecules ... 
  Function value before moving molecules:   139.22355145635544     
  Type         1 molecules with non-zero contributions:    2.78%
  Moving         0 molecules of type         1
  New positions will be based on good molecules (movebadrandom is not set) 
   Moving:|0                                                        100%|
          ||
  Function value after moving molecules:   139.22355145635544     

--------------------------------------------------------------------------------

  Starting GENCAN loop:          200
  Scaling radii by:    1.0000000000000000     

  Packing:|0                                                        100%|
          |

  Function value from last GENCAN loop: f = .13922E+03
  Best function value before: f = .13922E+03
  Improvement from best function value:    -0.00 %
  Improvement from last loop:    -0.00 %
  Maximum violation of target distance:     3.082562
  Maximum violation of the constraints: .00000E+00
  All-type function value: .13922E+03

--------------------------------------------------------------------------------

  Moving worst molecules ... 
  Function value before moving molecules:   139.22355145635544     
  Type         1 molecules with non-zero contributions:    2.78%
  Moving         0 molecules of type         1
  New positions will be based on good molecules (movebadrandom is not set) 
   Moving:|0                                                        100%|
          ||
  Function value after moving molecules:   139.22355145635544     

--------------------------------------------------------------------------------

  Starting GENCAN loop:          201
  Scaling radii by:    1.0000000000000000     

  Packing:|0                                                        100%|
          |

  Function value from last GENCAN loop: f = .13922E+03
  Best function value before: f = .13922E+03
  Improvement from best function value:    -0.00 %
  Improvement from last loop:    -0.00 %
  Maximum violation of target distance:     3.082562
  Maximum violation of the constraints: .00000E+00
  All-type function value: .13922E+03

--------------------------------------------------------------------------------

  Moving worst molecules ... 
  Function value before moving molecules:   139.22355145635544     
  Type         1 molecules with non-zero contributions:    2.78%
  Moving         0 molecules of type         1
  New positions will be based on good molecules (movebadrandom is not set) 
   Moving:|0                                                        100%|
          ||
  Function value after moving molecules:   139.22355145635544     

--------------------------------------------------------------------------------

  Starting GENCAN loop:          202
  Scaling radii by:    1.0000000000000000     

  Packing:|0                                                        100%|
          |

  Function value from last GENCAN loop: f = .13922E+03
  Best function value before: f = .13922E+03
  Improvement from best function value:    -0.00 %
  Improvement from last loop:    -0.00 %
  Maximum violation of target distance:     3.082562
  Maximum violation of the constraints: .00000E+00
  All-type function value: .13922E+03

--------------------------------------------------------------------------------

  Moving worst molecules ... 
  Function value before moving molecules:   139.22355145635544     
  Type         1 molecules with non-zero contributions:    2.78%
  Moving         0 molecules of type         1
  New positions will be based on good molecules (movebadrandom is not set) 
   Moving:|0                                                        100%|
          ||
  Function value after moving molecules:   139.22355145635544     

--------------------------------------------------------------------------------

  Starting GENCAN loop:          203
  Scaling radii by:    1.0000000000000000     

  Packing:|0                                                        100%|
          |

  Function value from last GENCAN loop: f = .13922E+03
  Best function value before: f = .13922E+03
  Improvement from best function value:    -0.00 %
  Improvement from last loop:    -0.00 %
  Maximum violation of target distance:     3.082562
  Maximum violation of the constraints: .00000E+00
  All-type function value: .13922E+03

--------------------------------------------------------------------------------

  Moving worst molecules ... 
  Function value before moving molecules:   139.22355145635544     
  Type         1 molecules with non-zero contributions:    2.78%
  Moving         0 molecules of type         1
  New positions will be based on good molecules (movebadrandom is not set) 
   Moving:|0                                                        100%|
          ||
  Function value after moving molecules:   139.22355145635544     

--------------------------------------------------------------------------------

  Starting GENCAN loop:          204
  Scaling radii by:    1.0000000000000000     

  Packing:|0                                                        100%|
          |

  Function value from last GENCAN loop: f = .13922E+03
  Best function value before: f = .13922E+03
  Improvement from best function value:    -0.00 %
  Improvement from last loop:    -0.00 %
  Maximum violation of target distance:     3.082562
  Maximum violation of the constraints: .00000E+00
  All-type function value: .13922E+03

--------------------------------------------------------------------------------

  Moving worst molecules ... 
  Function value before moving molecules:   139.22355145635544     
  Type         1 molecules with non-zero contributions:    2.78%
  Moving         0 molecules of type         1
  New positions will be based on good molecules (movebadrandom is not set) 
   Moving:|0                                                        100%|
          ||
  Function value after moving molecules:   139.22355145635544     

--------------------------------------------------------------------------------

  Starting GENCAN loop:          205
  Scaling radii by:    1.0000000000000000     

  Packing:|0                                                        100%|
          |

  Function value from last GENCAN loop: f = .13922E+03
  Best function value before: f = .13922E+03
  Improvement from best function value:    -0.00 %
  Improvement from last loop:    -0.00 %
  Maximum violation of target distance:     3.082562
  Maximum violation of the constraints: .00000E+00
  All-type function value: .13922E+03

--------------------------------------------------------------------------------

  Moving worst molecules ... 
  Function value before moving molecules:   139.22355145635544     
  Type         1 molecules with non-zero contributions:    2.78%
  Moving         0 molecules of type         1
  New positions will be based on good molecules (movebadrandom is not set) 
   Moving:|0                                                        100%|
          ||
  Function value after moving molecules:   139.22355145635544     

--------------------------------------------------------------------------------

  Starting GENCAN loop:          206
  Scaling radii by:    1.0000000000000000     

  Packing:|0                                                        100%|
          |

  Function value from last GENCAN loop: f = .13922E+03
  Best function value before: f = .13922E+03
  Improvement from best function value:    -0.00 %
  Improvement from last loop:    -0.00 %
  Maximum violation of target distance:     3.082562
  Maximum violation of the constraints: .00000E+00
  All-type function value: .13922E+03

--------------------------------------------------------------------------------

  Moving worst molecules ... 
  Function value before moving molecules:   139.22355145635544     
  Type         1 molecules with non-zero contributions:    2.78%
  Moving         0 molecules of type         1
  New positions will be based on good molecules (movebadrandom is not set) 
   Moving:|0                                                        100%|
          ||
  Function value after moving molecules:   139.22355145635544     

--------------------------------------------------------------------------------

  Starting GENCAN loop:          207
  Scaling radii by:    1.0000000000000000     

  Packing:|0                                                        100%|
          |

  Function value from last GENCAN loop: f = .13922E+03
  Best function value before: f = .13922E+03
  Improvement from best function value:    -0.00 %
  Improvement from last loop:    -0.00 %
  Maximum violation of target distance:     3.082562
  Maximum violation of the constraints: .00000E+00
  All-type function value: .13922E+03

--------------------------------------------------------------------------------

  Moving worst molecules ... 
  Function value before moving molecules:   139.22355145635544     
  Type         1 molecules with non-zero contributions:    2.78%
  Moving         0 molecules of type         1
  New positions will be based on good molecules (movebadrandom is not set) 
   Moving:|0                                                        100%|
          ||
  Function value after moving molecules:   139.22355145635544     

--------------------------------------------------------------------------------

  Starting GENCAN loop:          208
  Scaling radii by:    1.0000000000000000     

  Packing:|0                                                        100%|
          |

  Function value from last GENCAN loop: f = .13922E+03
  Best function value before: f = .13922E+03
  Improvement from best function value:    -0.00 %
  Improvement from last loop:    -0.00 %
  Maximum violation of target distance:     3.082562
  Maximum violation of the constraints: .00000E+00
  All-type function value: .13922E+03

--------------------------------------------------------------------------------

  Moving worst molecules ... 
  Function value before moving molecules:   139.22355145635544     
  Type         1 molecules with non-zero contributions:    2.78%
  Moving         0 molecules of type         1
  New positions will be based on good molecules (movebadrandom is not set) 
   Moving:|0                                                        100%|
          ||
  Function value after moving molecules:   139.22355145635544     

--------------------------------------------------------------------------------

  Starting GENCAN loop:          209
  Scaling radii by:    1.0000000000000000     

  Packing:|0                                                        100%|
          |

  Function value from last GENCAN loop: f = .13922E+03
  Best function value before: f = .13922E+03
  Improvement from best function value:    -0.00 %
  Improvement from last loop:    -0.00 %
  Maximum violation of target distance:     3.082562
  Maximum violation of the constraints: .00000E+00
  All-type function value: .13922E+03

--------------------------------------------------------------------------------

  Moving worst molecules ... 
  Function value before moving molecules:   139.22355145635544     
  Type         1 molecules with non-zero contributions:    2.78%
  Moving         0 molecules of type         1
  New positions will be based on good molecules (movebadrandom is not set) 
   Moving:|0                                                        100%|
          ||
  Function value after moving molecules:   139.22355145635544     

--------------------------------------------------------------------------------

  Starting GENCAN loop:          210
  Scaling radii by:    1.0000000000000000     

  Packing:|0                                                        100%|
          |

  Function value from last GENCAN loop: f = .13922E+03
  Best function value before: f = .13922E+03
  Improvement from best function value:    -0.00 %
  Improvement from last loop:    -0.00 %
  Maximum violation of target distance:     3.082562
  Maximum violation of the constraints: .00000E+00
  All-type function value: .13922E+03

--------------------------------------------------------------------------------

  Moving worst molecules ... 
  Function value before moving molecules:   139.22355145635544     
  Type         1 molecules with non-zero contributions:    2.78%
  Moving         0 molecules of type         1
  New positions will be based on good molecules (movebadrandom is not set) 
   Moving:|0                                                        100%|
          ||
  Function value after moving molecules:   139.22355145635544     

--------------------------------------------------------------------------------

  Starting GENCAN loop:          211
  Scaling radii by:    1.0000000000000000     

  Packing:|0                                                        100%|
          |

  Function value from last GENCAN loop: f = .13922E+03
  Best function value before: f = .13922E+03
  Improvement from best function value:    -0.00 %
  Improvement from last loop:    -0.00 %
  Maximum violation of target distance:     3.082562
  Maximum violation of the constraints: .00000E+00
  All-type function value: .13922E+03

--------------------------------------------------------------------------------

  Moving worst molecules ... 
  Function value before moving molecules:   139.22355145635544     
  Type         1 molecules with non-zero contributions:    2.78%
  Moving         0 molecules of type         1
  New positions will be based on good molecules (movebadrandom is not set) 
   Moving:|0                                                        100%|
          ||
  Function value after moving molecules:   139.22355145635544     

--------------------------------------------------------------------------------

  Starting GENCAN loop:          212
  Scaling radii by:    1.0000000000000000     

  Packing:|0                                                        100%|
          |

  Function value from last GENCAN loop: f = .13922E+03
  Best function value before: f = .13922E+03
  Improvement from best function value:    -0.00 %
  Improvement from last loop:    -0.00 %
  Maximum violation of target distance:     3.082562
  Maximum violation of the constraints: .00000E+00
  All-type function value: .13922E+03

--------------------------------------------------------------------------------

  Moving worst molecules ... 
  Function value before moving molecules:   139.22355145635544     
  Type         1 molecules with non-zero contributions:    2.78%
  Moving         0 molecules of type         1
  New positions will be based on good molecules (movebadrandom is not set) 
   Moving:|0                                                        100%|
          ||
  Function value after moving molecules:   139.22355145635544     

--------------------------------------------------------------------------------

  Starting GENCAN loop:          213
  Scaling radii by:    1.0000000000000000     

  Packing:|0                                                        100%|
          |

  Function value from last GENCAN loop: f = .13922E+03
  Best function value before: f = .13922E+03
  Improvement from best function value:    -0.00 %
  Improvement from last loop:    -0.00 %
  Maximum violation of target distance:     3.082562
  Maximum violation of the constraints: .00000E+00
  All-type function value: .13922E+03

--------------------------------------------------------------------------------

  Moving worst molecules ... 
  Function value before moving molecules:   139.22355145635544     
  Type         1 molecules with non-zero contributions:    2.78%
  Moving         0 molecules of type         1
  New positions will be based on good molecules (movebadrandom is not set) 
   Moving:|0                                                        100%|
          ||
  Function value after moving molecules:   139.22355145635544     

--------------------------------------------------------------------------------

  Starting GENCAN loop:          214
  Scaling radii by:    1.0000000000000000     

  Packing:|0                                                        100%|
          |

  Function value from last GENCAN loop: f = .13922E+03
  Best function value before: f = .13922E+03
  Improvement from best function value:    -0.00 %
  Improvement from last loop:    -0.00 %
  Maximum violation of target distance:     3.082562
  Maximum violation of the constraints: .00000E+00
  All-type function value: .13922E+03

--------------------------------------------------------------------------------

  Moving worst molecules ... 
  Function value before moving molecules:   139.22355145635544     
  Type         1 molecules with non-zero contributions:    2.78%
  Moving         0 molecules of type         1
  New positions will be based on good molecules (movebadrandom is not set) 
   Moving:|0                                                        100%|
          ||
  Function value after moving molecules:   139.22355145635544     

--------------------------------------------------------------------------------

  Starting GENCAN loop:          215
  Scaling radii by:    1.0000000000000000     

  Packing:|0                                                        100%|
          |

  Function value from last GENCAN loop: f = .13922E+03
  Best function value before: f = .13922E+03
  Improvement from best function value:    -0.00 %
  Improvement from last loop:    -0.00 %
  Maximum violation of target distance:     3.082562
  Maximum violation of the constraints: .00000E+00
  All-type function value: .13922E+03

--------------------------------------------------------------------------------

  Moving worst molecules ... 
  Function value before moving molecules:   139.22355145635544     
  Type         1 molecules with non-zero contributions:    2.78%
  Moving         0 molecules of type         1
  New positions will be based on good molecules (movebadrandom is not set) 
   Moving:|0                                                        100%|
          ||
  Function value after moving molecules:   139.22355145635544     

--------------------------------------------------------------------------------

  Starting GENCAN loop:          216
  Scaling radii by:    1.0000000000000000     

  Packing:|0                                                        100%|
          |

  Function value from last GENCAN loop: f = .13922E+03
  Best function value before: f = .13922E+03
  Improvement from best function value:    -0.00 %
  Improvement from last loop:    -0.00 %
  Maximum violation of target distance:     3.082562
  Maximum violation of the constraints: .00000E+00
  All-type function value: .13922E+03

--------------------------------------------------------------------------------

  Moving worst molecules ... 
  Function value before moving molecules:   139.22355145635544     
  Type         1 molecules with non-zero contributions:    2.78%
  Moving         0 molecules of type         1
  New positions will be based on good molecules (movebadrandom is not set) 
   Moving:|0                                                        100%|
          ||
  Function value after moving molecules:   139.22355145635544     

--------------------------------------------------------------------------------

  Starting GENCAN loop:          217
  Scaling radii by:    1.0000000000000000     

  Packing:|0                                                        100%|
          |

  Function value from last GENCAN loop: f = .13922E+03
  Best function value before: f = .13922E+03
  Improvement from best function value:    -0.00 %
  Improvement from last loop:    -0.00 %
  Maximum violation of target distance:     3.082562
  Maximum violation of the constraints: .00000E+00
  All-type function value: .13922E+03

--------------------------------------------------------------------------------

  Moving worst molecules ... 
  Function value before moving molecules:   139.22355145635544     
  Type         1 molecules with non-zero contributions:    2.78%
  Moving         0 molecules of type         1
  New positions will be based on good molecules (movebadrandom is not set) 
   Moving:|0                                                        100%|
          ||
  Function value after moving molecules:   139.22355145635544     

--------------------------------------------------------------------------------

  Starting GENCAN loop:          218
  Scaling radii by:    1.0000000000000000     

  Packing:|0                                                        100%|
          |

  Function value from last GENCAN loop: f = .13922E+03
  Best function value before: f = .13922E+03
  Improvement from best function value:    -0.00 %
  Improvement from last loop:    -0.00 %
  Maximum violation of target distance:     3.082562
  Maximum violation of the constraints: .00000E+00
  All-type function value: .13922E+03

--------------------------------------------------------------------------------

  Moving worst molecules ... 
  Function value before moving molecules:   139.22355145635544     
  Type         1 molecules with non-zero contributions:    2.78%
  Moving         0 molecules of type         1
  New positions will be based on good molecules (movebadrandom is not set) 
   Moving:|0                                                        100%|
          ||
  Function value after moving molecules:   139.22355145635544     

--------------------------------------------------------------------------------

  Starting GENCAN loop:          219
  Scaling radii by:    1.0000000000000000     

  Packing:|0                                                        100%|
          |

  Function value from last GENCAN loop: f = .13922E+03
  Best function value before: f = .13922E+03
  Improvement from best function value:    -0.00 %
  Improvement from last loop:    -0.00 %
  Maximum violation of target distance:     3.082562
  Maximum violation of the constraints: .00000E+00
  All-type function value: .13922E+03

--------------------------------------------------------------------------------

  Moving worst molecules ... 
  Function value before moving molecules:   139.22355145635544     
  Type         1 molecules with non-zero contributions:    2.78%
  Moving         0 molecules of type         1
  New positions will be based on good molecules (movebadrandom is not set) 
   Moving:|0                                                        100%|
          ||
  Function value after moving molecules:   139.22355145635544     

--------------------------------------------------------------------------------

  Starting GENCAN loop:          220
  Scaling radii by:    1.0000000000000000     

  Packing:|0                                                        100%|
          |

  Function value from last GENCAN loop: f = .13922E+03
  Best function value before: f = .13922E+03
  Improvement from best function value:    -0.00 %
  Improvement from last loop:    -0.00 %
  Maximum violation of target distance:     3.082562
  Maximum violation of the constraints: .00000E+00
  All-type function value: .13922E+03

--------------------------------------------------------------------------------

  Moving worst molecules ... 
  Function value before moving molecules:   139.22355145635544     
  Type         1 molecules with non-zero contributions:    2.78%
  Moving         0 molecules of type         1
  New positions will be based on good molecules (movebadrandom is not set) 
   Moving:|0                                                        100%|
          ||
  Function value after moving molecules:   139.22355145635544     

--------------------------------------------------------------------------------

  Starting GENCAN loop:          221
  Scaling radii by:    1.0000000000000000     

  Packing:|0                                                        100%|
          |

  Function value from last GENCAN loop: f = .13922E+03
  Best function value before: f = .13922E+03
  Improvement from best function value:    -0.00 %
  Improvement from last loop:    -0.00 %
  Maximum violation of target distance:     3.082562
  Maximum violation of the constraints: .00000E+00
  All-type function value: .13922E+03

--------------------------------------------------------------------------------

  Moving worst molecules ... 
  Function value before moving molecules:   139.22355145635544     
  Type         1 molecules with non-zero contributions:    2.78%
  Moving         0 molecules of type         1
  New positions will be based on good molecules (movebadrandom is not set) 
   Moving:|0                                                        100%|
          ||
  Function value after moving molecules:   139.22355145635544     

--------------------------------------------------------------------------------

  Starting GENCAN loop:          222
  Scaling radii by:    1.0000000000000000     

  Packing:|0                                                        100%|
          |

  Function value from last GENCAN loop: f = .13922E+03
  Best function value before: f = .13922E+03
  Improvement from best function value:    -0.00 %
  Improvement from last loop:    -0.00 %
  Maximum violation of target distance:     3.082562
  Maximum violation of the constraints: .00000E+00
  All-type function value: .13922E+03

--------------------------------------------------------------------------------

  Moving worst molecules ... 
  Function value before moving molecules:   139.22355145635544     
  Type         1 molecules with non-zero contributions:    2.78%
  Moving         0 molecules of type         1
  New positions will be based on good molecules (movebadrandom is not set) 
   Moving:|0                                                        100%|
          ||
  Function value after moving molecules:   139.22355145635544     

--------------------------------------------------------------------------------

  Starting GENCAN loop:          223
  Scaling radii by:    1.0000000000000000     

  Packing:|0                                                        100%|
          |

  Function value from last GENCAN loop: f = .13922E+03
  Best function value before: f = .13922E+03
  Improvement from best function value:    -0.00 %
  Improvement from last loop:    -0.00 %
  Maximum violation of target distance:     3.082562
  Maximum violation of the constraints: .00000E+00
  All-type function value: .13922E+03

--------------------------------------------------------------------------------

  Moving worst molecules ... 
  Function value before moving molecules:   139.22355145635544     
  Type         1 molecules with non-zero contributions:    2.78%
  Moving         0 molecules of type         1
  New positions will be based on good molecules (movebadrandom is not set) 
   Moving:|0                                                        100%|
          ||
  Function value after moving molecules:   139.22355145635544     

--------------------------------------------------------------------------------

  Starting GENCAN loop:          224
  Scaling radii by:    1.0000000000000000     

  Packing:|0                                                        100%|
          |

  Function value from last GENCAN loop: f = .13922E+03
  Best function value before: f = .13922E+03
  Improvement from best function value:    -0.00 %
  Improvement from last loop:    -0.00 %
  Maximum violation of target distance:     3.082562
  Maximum violation of the constraints: .00000E+00
  All-type function value: .13922E+03

--------------------------------------------------------------------------------

  Moving worst molecules ... 
  Function value before moving molecules:   139.22355145635544     
  Type         1 molecules with non-zero contributions:    2.78%
  Moving         0 molecules of type         1
  New positions will be based on good molecules (movebadrandom is not set) 
   Moving:|0                                                        100%|
          ||
  Function value after moving molecules:   139.22355145635544     

--------------------------------------------------------------------------------

  Starting GENCAN loop:          225
  Scaling radii by:    1.0000000000000000     

  Packing:|0                                                        100%|
          |

  Function value from last GENCAN loop: f = .13922E+03
  Best function value before: f = .13922E+03
  Improvement from best function value:    -0.00 %
  Improvement from last loop:    -0.00 %
  Maximum violation of target distance:     3.082562
  Maximum violation of the constraints: .00000E+00
  All-type function value: .13922E+03

--------------------------------------------------------------------------------

  Moving worst molecules ... 
  Function value before moving molecules:   139.22355145635544     
  Type         1 molecules with non-zero contributions:    2.78%
  Moving         0 molecules of type         1
  New positions will be based on good molecules (movebadrandom is not set) 
   Moving:|0                                                        100%|
          ||
  Function value after moving molecules:   139.22355145635544     

--------------------------------------------------------------------------------

  Starting GENCAN loop:          226
  Scaling radii by:    1.0000000000000000     

  Packing:|0                                                        100%|
          |

  Function value from last GENCAN loop: f = .13922E+03
  Best function value before: f = .13922E+03
  Improvement from best function value:    -0.00 %
  Improvement from last loop:    -0.00 %
  Maximum violation of target distance:     3.082562
  Maximum violation of the constraints: .00000E+00
  All-type function value: .13922E+03

--------------------------------------------------------------------------------

  Moving worst molecules ... 
  Function value before moving molecules:   139.22355145635544     
  Type         1 molecules with non-zero contributions:    2.78%
  Moving         0 molecules of type         1
  New positions will be based on good molecules (movebadrandom is not set) 
   Moving:|0                                                        100%|
          ||
  Function value after moving molecules:   139.22355145635544     

--------------------------------------------------------------------------------

  Starting GENCAN loop:          227
  Scaling radii by:    1.0000000000000000     

  Packing:|0                                                        100%|
          |

  Function value from last GENCAN loop: f = .13922E+03
  Best function value before: f = .13922E+03
  Improvement from best function value:    -0.00 %
  Improvement from last loop:    -0.00 %
  Maximum violation of target distance:     3.082562
  Maximum violation of the constraints: .00000E+00
  All-type function value: .13922E+03

--------------------------------------------------------------------------------

  Moving worst molecules ... 
  Function value before moving molecules:   139.22355145635544     
  Type         1 molecules with non-zero contributions:    2.78%
  Moving         0 molecules of type         1
  New positions will be based on good molecules (movebadrandom is not set) 
   Moving:|0                                                        100%|
          ||
  Function value after moving molecules:   139.22355145635544     

--------------------------------------------------------------------------------

  Starting GENCAN loop:          228
  Scaling radii by:    1.0000000000000000     

  Packing:|0                                                        100%|
          |

  Function value from last GENCAN loop: f = .13922E+03
  Best function value before: f = .13922E+03
  Improvement from best function value:    -0.00 %
  Improvement from last loop:    -0.00 %
  Maximum violation of target distance:     3.082562
  Maximum violation of the constraints: .00000E+00
  All-type function value: .13922E+03

--------------------------------------------------------------------------------

  Moving worst molecules ... 
  Function value before moving molecules:   139.22355145635544     
  Type         1 molecules with non-zero contributions:    2.78%
  Moving         0 molecules of type         1
  New positions will be based on good molecules (movebadrandom is not set) 
   Moving:|0                                                        100%|
          ||
  Function value after moving molecules:   139.22355145635544     

--------------------------------------------------------------------------------

  Starting GENCAN loop:          229
  Scaling radii by:    1.0000000000000000     

  Packing:|0                                                        100%|
          |

  Function value from last GENCAN loop: f = .13922E+03
  Best function value before: f = .13922E+03
  Improvement from best function value:    -0.00 %
  Improvement from last loop:    -0.00 %
  Maximum violation of target distance:     3.082562
  Maximum violation of the constraints: .00000E+00
  All-type function value: .13922E+03

--------------------------------------------------------------------------------

  Moving worst molecules ... 
  Function value before moving molecules:   139.22355145635544     
  Type         1 molecules with non-zero contributions:    2.78%
  Moving         0 molecules of type         1
  New positions will be based on good molecules (movebadrandom is not set) 
   Moving:|0                                                        100%|
          ||
  Function value after moving molecules:   139.22355145635544     

--------------------------------------------------------------------------------

  Starting GENCAN loop:          230
  Scaling radii by:    1.0000000000000000     

  Packing:|0                                                        100%|
          |

  Function value from last GENCAN loop: f = .13922E+03
  Best function value before: f = .13922E+03
  Improvement from best function value:    -0.00 %
  Improvement from last loop:    -0.00 %
  Maximum violation of target distance:     3.082562
  Maximum violation of the constraints: .00000E+00
  All-type function value: .13922E+03

--------------------------------------------------------------------------------

  Moving worst molecules ... 
  Function value before moving molecules:   139.22355145635544     
  Type         1 molecules with non-zero contributions:    2.78%
  Moving         0 molecules of type         1
  New positions will be based on good molecules (movebadrandom is not set) 
   Moving:|0                                                        100%|
          ||
  Function value after moving molecules:   139.22355145635544     

--------------------------------------------------------------------------------

  Starting GENCAN loop:          231
  Scaling radii by:    1.0000000000000000     

  Packing:|0                                                        100%|
          |

  Function value from last GENCAN loop: f = .13922E+03
  Best function value before: f = .13922E+03
  Improvement from best function value:    -0.00 %
  Improvement from last loop:    -0.00 %
  Maximum violation of target distance:     3.082562
  Maximum violation of the constraints: .00000E+00
  All-type function value: .13922E+03

--------------------------------------------------------------------------------

  Moving worst molecules ... 
  Function value before moving molecules:   139.22355145635544     
  Type         1 molecules with non-zero contributions:    2.78%
  Moving         0 molecules of type         1
  New positions will be based on good molecules (movebadrandom is not set) 
   Moving:|0                                                        100%|
          ||
  Function value after moving molecules:   139.22355145635544     

--------------------------------------------------------------------------------

  Starting GENCAN loop:          232
  Scaling radii by:    1.0000000000000000     

  Packing:|0                                                        100%|
          |

  Function value from last GENCAN loop: f = .13922E+03
  Best function value before: f = .13922E+03
  Improvement from best function value:    -0.00 %
  Improvement from last loop:    -0.00 %
  Maximum violation of target distance:     3.082562
  Maximum violation of the constraints: .00000E+00
  All-type function value: .13922E+03

--------------------------------------------------------------------------------

  Moving worst molecules ... 
  Function value before moving molecules:   139.22355145635544     
  Type         1 molecules with non-zero contributions:    2.78%
  Moving         0 molecules of type         1
  New positions will be based on good molecules (movebadrandom is not set) 
   Moving:|0                                                        100%|
          ||
  Function value after moving molecules:   139.22355145635544     

--------------------------------------------------------------------------------

  Starting GENCAN loop:          233
  Scaling radii by:    1.0000000000000000     

  Packing:|0                                                        100%|
          |

  Function value from last GENCAN loop: f = .13922E+03
  Best function value before: f = .13922E+03
  Improvement from best function value:    -0.00 %
  Improvement from last loop:    -0.00 %
  Maximum violation of target distance:     3.082562
  Maximum violation of the constraints: .00000E+00
  All-type function value: .13922E+03

--------------------------------------------------------------------------------

  Moving worst molecules ... 
  Function value before moving molecules:   139.22355145635544     
  Type         1 molecules with non-zero contributions:    2.78%
  Moving         0 molecules of type         1
  New positions will be based on good molecules (movebadrandom is not set) 
   Moving:|0                                                        100%|
          ||
  Function value after moving molecules:   139.22355145635544     

--------------------------------------------------------------------------------

  Starting GENCAN loop:          234
  Scaling radii by:    1.0000000000000000     

  Packing:|0                                                        100%|
          |

  Function value from last GENCAN loop: f = .13922E+03
  Best function value before: f = .13922E+03
  Improvement from best function value:    -0.00 %
  Improvement from last loop:    -0.00 %
  Maximum violation of target distance:     3.082562
  Maximum violation of the constraints: .00000E+00
  All-type function value: .13922E+03

--------------------------------------------------------------------------------

  Moving worst molecules ... 
  Function value before moving molecules:   139.22355145635544     
  Type         1 molecules with non-zero contributions:    2.78%
  Moving         0 molecules of type         1
  New positions will be based on good molecules (movebadrandom is not set) 
   Moving:|0                                                        100%|
          ||
  Function value after moving molecules:   139.22355145635544     

--------------------------------------------------------------------------------

  Starting GENCAN loop:          235
  Scaling radii by:    1.0000000000000000     

  Packing:|0                                                        100%|
          |

  Function value from last GENCAN loop: f = .13922E+03
  Best function value before: f = .13922E+03
  Improvement from best function value:    -0.00 %
  Improvement from last loop:    -0.00 %
  Maximum violation of target distance:     3.082562
  Maximum violation of the constraints: .00000E+00
  All-type function value: .13922E+03

--------------------------------------------------------------------------------

  Moving worst molecules ... 
  Function value before moving molecules:   139.22355145635544     
  Type         1 molecules with non-zero contributions:    2.78%
  Moving         0 molecules of type         1
  New positions will be based on good molecules (movebadrandom is not set) 
   Moving:|0                                                        100%|
          ||
  Function value after moving molecules:   139.22355145635544     

--------------------------------------------------------------------------------

  Starting GENCAN loop:          236
  Scaling radii by:    1.0000000000000000     

  Packing:|0                                                        100%|
          |

  Function value from last GENCAN loop: f = .13922E+03
  Best function value before: f = .13922E+03
  Improvement from best function value:    -0.00 %
  Improvement from last loop:    -0.00 %
  Maximum violation of target distance:     3.082562
  Maximum violation of the constraints: .00000E+00
  All-type function value: .13922E+03

--------------------------------------------------------------------------------

  Moving worst molecules ... 
  Function value before moving molecules:   139.22355145635544     
  Type         1 molecules with non-zero contributions:    2.78%
  Moving         0 molecules of type         1
  New positions will be based on good molecules (movebadrandom is not set) 
   Moving:|0                                                        100%|
          ||
  Function value after moving molecules:   139.22355145635544     

--------------------------------------------------------------------------------

  Starting GENCAN loop:          237
  Scaling radii by:    1.0000000000000000     

  Packing:|0                                                        100%|
          |

  Function value from last GENCAN loop: f = .13922E+03
  Best function value before: f = .13922E+03
  Improvement from best function value:    -0.00 %
  Improvement from last loop:    -0.00 %
  Maximum violation of target distance:     3.082562
  Maximum violation of the constraints: .00000E+00
  All-type function value: .13922E+03

--------------------------------------------------------------------------------

  Moving worst molecules ... 
  Function value before moving molecules:   139.22355145635544     
  Type         1 molecules with non-zero contributions:    2.78%
  Moving         0 molecules of type         1
  New positions will be based on good molecules (movebadrandom is not set) 
   Moving:|0                                                        100%|
          ||
  Function value after moving molecules:   139.22355145635544     

--------------------------------------------------------------------------------

  Starting GENCAN loop:          238
  Scaling radii by:    1.0000000000000000     

  Packing:|0                                                        100%|
          |

  Function value from last GENCAN loop: f = .13922E+03
  Best function value before: f = .13922E+03
  Improvement from best function value:    -0.00 %
  Improvement from last loop:    -0.00 %
  Maximum violation of target distance:     3.082562
  Maximum violation of the constraints: .00000E+00
  All-type function value: .13922E+03

--------------------------------------------------------------------------------

  Moving worst molecules ... 
  Function value before moving molecules:   139.22355145635544     
  Type         1 molecules with non-zero contributions:    2.78%
  Moving         0 molecules of type         1
  New positions will be based on good molecules (movebadrandom is not set) 
   Moving:|0                                                        100%|
          ||
  Function value after moving molecules:   139.22355145635544     

--------------------------------------------------------------------------------

  Starting GENCAN loop:          239
  Scaling radii by:    1.0000000000000000     

  Packing:|0                                                        100%|
          |

  Function value from last GENCAN loop: f = .13922E+03
  Best function value before: f = .13922E+03
  Improvement from best function value:    -0.00 %
  Improvement from last loop:    -0.00 %
  Maximum violation of target distance:     3.082562
  Maximum violation of the constraints: .00000E+00
  All-type function value: .13922E+03

--------------------------------------------------------------------------------

  Moving worst molecules ... 
  Function value before moving molecules:   139.22355145635544     
  Type         1 molecules with non-zero contributions:    2.78%
  Moving         0 molecules of type         1
  New positions will be based on good molecules (movebadrandom is not set) 
   Moving:|0                                                        100%|
          ||
  Function value after moving molecules:   139.22355145635544     

--------------------------------------------------------------------------------

  Starting GENCAN loop:          240
  Scaling radii by:    1.0000000000000000     

  Packing:|0                                                        100%|
          |

  Function value from last GENCAN loop: f = .13922E+03
  Best function value before: f = .13922E+03
  Improvement from best function value:    -0.00 %
  Improvement from last loop:    -0.00 %
  Maximum violation of target distance:     3.082562
  Maximum violation of the constraints: .00000E+00
  All-type function value: .13922E+03

--------------------------------------------------------------------------------

  Moving worst molecules ... 
  Function value before moving molecules:   139.22355145635544     
  Type         1 molecules with non-zero contributions:    2.78%
  Moving         0 molecules of type         1
  New positions will be based on good molecules (movebadrandom is not set) 
   Moving:|0                                                        100%|
          ||
  Function value after moving molecules:   139.22355145635544     

--------------------------------------------------------------------------------

  Starting GENCAN loop:          241
  Scaling radii by:    1.0000000000000000     

  Packing:|0                                                        100%|
          |

  Function value from last GENCAN loop: f = .13922E+03
  Best function value before: f = .13922E+03
  Improvement from best function value:    -0.00 %
  Improvement from last loop:    -0.00 %
  Maximum violation of target distance:     3.082562
  Maximum violation of the constraints: .00000E+00
  All-type function value: .13922E+03

--------------------------------------------------------------------------------

  Moving worst molecules ... 
  Function value before moving molecules:   139.22355145635544     
  Type         1 molecules with non-zero contributions:    2.78%
  Moving         0 molecules of type         1
  New positions will be based on good molecules (movebadrandom is not set) 
   Moving:|0                                                        100%|
          ||
  Function value after moving molecules:   139.22355145635544     

--------------------------------------------------------------------------------

  Starting GENCAN loop:          242
  Scaling radii by:    1.0000000000000000     

  Packing:|0                                                        100%|
          |

  Function value from last GENCAN loop: f = .13922E+03
  Best function value before: f = .13922E+03
  Improvement from best function value:    -0.00 %
  Improvement from last loop:    -0.00 %
  Maximum violation of target distance:     3.082562
  Maximum violation of the constraints: .00000E+00
  All-type function value: .13922E+03

--------------------------------------------------------------------------------

  Moving worst molecules ... 
  Function value before moving molecules:   139.22355145635544     
  Type         1 molecules with non-zero contributions:    2.78%
  Moving         0 molecules of type         1
  New positions will be based on good molecules (movebadrandom is not set) 
   Moving:|0                                                        100%|
          ||
  Function value after moving molecules:   139.22355145635544     

--------------------------------------------------------------------------------

  Starting GENCAN loop:          243
  Scaling radii by:    1.0000000000000000     

  Packing:|0                                                        100%|
          |

  Function value from last GENCAN loop: f = .13922E+03
  Best function value before: f = .13922E+03
  Improvement from best function value:    -0.00 %
  Improvement from last loop:    -0.00 %
  Maximum violation of target distance:     3.082562
  Maximum violation of the constraints: .00000E+00
  All-type function value: .13922E+03

--------------------------------------------------------------------------------

  Moving worst molecules ... 
  Function value before moving molecules:   139.22355145635544     
  Type         1 molecules with non-zero contributions:    2.78%
  Moving         0 molecules of type         1
  New positions will be based on good molecules (movebadrandom is not set) 
   Moving:|0                                                        100%|
          ||
  Function value after moving molecules:   139.22355145635544     

--------------------------------------------------------------------------------

  Starting GENCAN loop:          244
  Scaling radii by:    1.0000000000000000     

  Packing:|0                                                        100%|
          |

  Function value from last GENCAN loop: f = .13922E+03
  Best function value before: f = .13922E+03
  Improvement from best function value:    -0.00 %
  Improvement from last loop:    -0.00 %
  Maximum violation of target distance:     3.082562
  Maximum violation of the constraints: .00000E+00
  All-type function value: .13922E+03

--------------------------------------------------------------------------------

  Moving worst molecules ... 
  Function value before moving molecules:   139.22355145635544     
  Type         1 molecules with non-zero contributions:    2.78%
  Moving         0 molecules of type         1
  New positions will be based on good molecules (movebadrandom is not set) 
   Moving:|0                                                        100%|
          ||
  Function value after moving molecules:   139.22355145635544     

--------------------------------------------------------------------------------

  Starting GENCAN loop:          245
  Scaling radii by:    1.0000000000000000     

  Packing:|0                                                        100%|
          |

  Function value from last GENCAN loop: f = .13922E+03
  Best function value before: f = .13922E+03
  Improvement from best function value:    -0.00 %
  Improvement from last loop:    -0.00 %
  Maximum violation of target distance:     3.082562
  Maximum violation of the constraints: .00000E+00
  All-type function value: .13922E+03

--------------------------------------------------------------------------------

  Moving worst molecules ... 
  Function value before moving molecules:   139.22355145635544     
  Type         1 molecules with non-zero contributions:    2.78%
  Moving         0 molecules of type         1
  New positions will be based on good molecules (movebadrandom is not set) 
   Moving:|0                                                        100%|
          ||
  Function value after moving molecules:   139.22355145635544     

--------------------------------------------------------------------------------

  Starting GENCAN loop:          246
  Scaling radii by:    1.0000000000000000     

  Packing:|0                                                        100%|
          |

  Function value from last GENCAN loop: f = .13922E+03
  Best function value before: f = .13922E+03
  Improvement from best function value:    -0.00 %
  Improvement from last loop:    -0.00 %
  Maximum violation of target distance:     3.082562
  Maximum violation of the constraints: .00000E+00
  All-type function value: .13922E+03

--------------------------------------------------------------------------------

  Moving worst molecules ... 
  Function value before moving molecules:   139.22355145635544     
  Type         1 molecules with non-zero contributions:    2.78%
  Moving         0 molecules of type         1
  New positions will be based on good molecules (movebadrandom is not set) 
   Moving:|0                                                        100%|
          ||
  Function value after moving molecules:   139.22355145635544     

--------------------------------------------------------------------------------

  Starting GENCAN loop:          247
  Scaling radii by:    1.0000000000000000     

  Packing:|0                                                        100%|
          |

  Function value from last GENCAN loop: f = .13922E+03
  Best function value before: f = .13922E+03
  Improvement from best function value:    -0.00 %
  Improvement from last loop:    -0.00 %
  Maximum violation of target distance:     3.082562
  Maximum violation of the constraints: .00000E+00
  All-type function value: .13922E+03

--------------------------------------------------------------------------------

  Moving worst molecules ... 
  Function value before moving molecules:   139.22355145635544     
  Type         1 molecules with non-zero contributions:    2.78%
  Moving         0 molecules of type         1
  New positions will be based on good molecules (movebadrandom is not set) 
   Moving:|0                                                        100%|
          ||
  Function value after moving molecules:   139.22355145635544     

--------------------------------------------------------------------------------

  Starting GENCAN loop:          248
  Scaling radii by:    1.0000000000000000     

  Packing:|0                                                        100%|
          |

  Function value from last GENCAN loop: f = .13922E+03
  Best function value before: f = .13922E+03
  Improvement from best function value:    -0.00 %
  Improvement from last loop:    -0.00 %
  Maximum violation of target distance:     3.082562
  Maximum violation of the constraints: .00000E+00
  All-type function value: .13922E+03

--------------------------------------------------------------------------------

  Moving worst molecules ... 
  Function value before moving molecules:   139.22355145635544     
  Type         1 molecules with non-zero contributions:    2.78%
  Moving         0 molecules of type         1
  New positions will be based on good molecules (movebadrandom is not set) 
   Moving:|0                                                        100%|
          ||
  Function value after moving molecules:   139.22355145635544     

--------------------------------------------------------------------------------

  Starting GENCAN loop:          249
  Scaling radii by:    1.0000000000000000     

  Packing:|0                                                        100%|
          |

  Function value from last GENCAN loop: f = .13922E+03
  Best function value before: f = .13922E+03
  Improvement from best function value:    -0.00 %
  Improvement from last loop:    -0.00 %
  Maximum violation of target distance:     3.082562
  Maximum violation of the constraints: .00000E+00
  All-type function value: .13922E+03

--------------------------------------------------------------------------------

  Moving worst molecules ... 
  Function value before moving molecules:   139.22355145635544     
  Type         1 molecules with non-zero contributions:    2.78%
  Moving         0 molecules of type         1
  New positions will be based on good molecules (movebadrandom is not set) 
   Moving:|0                                                        100%|
          ||
  Function value after moving molecules:   139.22355145635544     

--------------------------------------------------------------------------------

  Starting GENCAN loop:          250
  Scaling radii by:    1.0000000000000000     

  Packing:|0                                                        100%|
          |

  Function value from last GENCAN loop: f = .13922E+03
  Best function value before: f = .13922E+03
  Improvement from best function value:    -0.00 %
  Improvement from last loop:    -0.00 %
  Maximum violation of target distance:     3.082562
  Maximum violation of the constraints: .00000E+00
  All-type function value: .13922E+03

--------------------------------------------------------------------------------

  Moving worst molecules ... 
  Function value before moving molecules:   139.22355145635544     
  Type         1 molecules with non-zero contributions:    2.78%
  Moving         0 molecules of type         1
  New positions will be based on good molecules (movebadrandom is not set) 
   Moving:|0                                                        100%|
          ||
  Function value after moving molecules:   139.22355145635544     

--------------------------------------------------------------------------------

  Starting GENCAN loop:          251
  Scaling radii by:    1.0000000000000000     

  Packing:|0                                                        100%|
          |

  Function value from last GENCAN loop: f = .13922E+03
  Best function value before: f = .13922E+03
  Improvement from best function value:    -0.00 %
  Improvement from last loop:    -0.00 %
  Maximum violation of target distance:     3.082562
  Maximum violation of the constraints: .00000E+00
  All-type function value: .13922E+03

--------------------------------------------------------------------------------

  Moving worst molecules ... 
  Function value before moving molecules:   139.22355145635544     
  Type         1 molecules with non-zero contributions:    2.78%
  Moving         0 molecules of type         1
  New positions will be based on good molecules (movebadrandom is not set) 
   Moving:|0                                                        100%|
          ||
  Function value after moving molecules:   139.22355145635544     

--------------------------------------------------------------------------------

  Starting GENCAN loop:          252
  Scaling radii by:    1.0000000000000000     

  Packing:|0                                                        100%|
          |

  Function value from last GENCAN loop: f = .13922E+03
  Best function value before: f = .13922E+03
  Improvement from best function value:    -0.00 %
  Improvement from last loop:    -0.00 %
  Maximum violation of target distance:     3.082562
  Maximum violation of the constraints: .00000E+00
  All-type function value: .13922E+03

--------------------------------------------------------------------------------

  Moving worst molecules ... 
  Function value before moving molecules:   139.22355145635544     
  Type         1 molecules with non-zero contributions:    2.78%
  Moving         0 molecules of type         1
  New positions will be based on good molecules (movebadrandom is not set) 
   Moving:|0                                                        100%|
          ||
  Function value after moving molecules:   139.22355145635544     

--------------------------------------------------------------------------------

  Starting GENCAN loop:          253
  Scaling radii by:    1.0000000000000000     

  Packing:|0                                                        100%|
          |

  Function value from last GENCAN loop: f = .13922E+03
  Best function value before: f = .13922E+03
  Improvement from best function value:    -0.00 %
  Improvement from last loop:    -0.00 %
  Maximum violation of target distance:     3.082562
  Maximum violation of the constraints: .00000E+00
  All-type function value: .13922E+03

--------------------------------------------------------------------------------

  Moving worst molecules ... 
  Function value before moving molecules:   139.22355145635544     
  Type         1 molecules with non-zero contributions:    2.78%
  Moving         0 molecules of type         1
  New positions will be based on good molecules (movebadrandom is not set) 
   Moving:|0                                                        100%|
          ||
  Function value after moving molecules:   139.22355145635544     

--------------------------------------------------------------------------------

  Starting GENCAN loop:          254
  Scaling radii by:    1.0000000000000000     

  Packing:|0                                                        100%|
          |

  Function value from last GENCAN loop: f = .13922E+03
  Best function value before: f = .13922E+03
  Improvement from best function value:    -0.00 %
  Improvement from last loop:    -0.00 %
  Maximum violation of target distance:     3.082562
  Maximum violation of the constraints: .00000E+00
  All-type function value: .13922E+03

--------------------------------------------------------------------------------

  Moving worst molecules ... 
  Function value before moving molecules:   139.22355145635544     
  Type         1 molecules with non-zero contributions:    2.78%
  Moving         0 molecules of type         1
  New positions will be based on good molecules (movebadrandom is not set) 
   Moving:|0                                                        100%|
          ||
  Function value after moving molecules:   139.22355145635544     

--------------------------------------------------------------------------------

  Starting GENCAN loop:          255
  Scaling radii by:    1.0000000000000000     

  Packing:|0                                                        100%|
          |

  Function value from last GENCAN loop: f = .13922E+03
  Best function value before: f = .13922E+03
  Improvement from best function value:    -0.00 %
  Improvement from last loop:    -0.00 %
  Maximum violation of target distance:     3.082562
  Maximum violation of the constraints: .00000E+00
  All-type function value: .13922E+03

--------------------------------------------------------------------------------

  Moving worst molecules ... 
  Function value before moving molecules:   139.22355145635544     
  Type         1 molecules with non-zero contributions:    2.78%
  Moving         0 molecules of type         1
  New positions will be based on good molecules (movebadrandom is not set) 
   Moving:|0                                                        100%|
          ||
  Function value after moving molecules:   139.22355145635544     

--------------------------------------------------------------------------------

  Starting GENCAN loop:          256
  Scaling radii by:    1.0000000000000000     

  Packing:|0                                                        100%|
          |

  Function value from last GENCAN loop: f = .13922E+03
  Best function value before: f = .13922E+03
  Improvement from best function value:    -0.00 %
  Improvement from last loop:    -0.00 %
  Maximum violation of target distance:     3.082562
  Maximum violation of the constraints: .00000E+00
  All-type function value: .13922E+03

--------------------------------------------------------------------------------

  Moving worst molecules ... 
  Function value before moving molecules:   139.22355145635544     
  Type         1 molecules with non-zero contributions:    2.78%
  Moving         0 molecules of type         1
  New positions will be based on good molecules (movebadrandom is not set) 
   Moving:|0                                                        100%|
          ||
  Function value after moving molecules:   139.22355145635544     

--------------------------------------------------------------------------------

  Starting GENCAN loop:          257
  Scaling radii by:    1.0000000000000000     

  Packing:|0                                                        100%|
          |

  Function value from last GENCAN loop: f = .13922E+03
  Best function value before: f = .13922E+03
  Improvement from best function value:    -0.00 %
  Improvement from last loop:    -0.00 %
  Maximum violation of target distance:     3.082562
  Maximum violation of the constraints: .00000E+00
  All-type function value: .13922E+03

--------------------------------------------------------------------------------

  Moving worst molecules ... 
  Function value before moving molecules:   139.22355145635544     
  Type         1 molecules with non-zero contributions:    2.78%
  Moving         0 molecules of type         1
  New positions will be based on good molecules (movebadrandom is not set) 
   Moving:|0                                                        100%|
          ||
  Function value after moving molecules:   139.22355145635544     

--------------------------------------------------------------------------------

  Starting GENCAN loop:          258
  Scaling radii by:    1.0000000000000000     

  Packing:|0                                                        100%|
          |

  Function value from last GENCAN loop: f = .13922E+03
  Best function value before: f = .13922E+03
  Improvement from best function value:    -0.00 %
  Improvement from last loop:    -0.00 %
  Maximum violation of target distance:     3.082562
  Maximum violation of the constraints: .00000E+00
  All-type function value: .13922E+03

--------------------------------------------------------------------------------

  Moving worst molecules ... 
  Function value before moving molecules:   139.22355145635544     
  Type         1 molecules with non-zero contributions:    2.78%
  Moving         0 molecules of type         1
  New positions will be based on good molecules (movebadrandom is not set) 
   Moving:|0                                                        100%|
          ||
  Function value after moving molecules:   139.22355145635544     

--------------------------------------------------------------------------------

  Starting GENCAN loop:          259
  Scaling radii by:    1.0000000000000000     

  Packing:|0                                                        100%|
          |

  Function value from last GENCAN loop: f = .13922E+03
  Best function value before: f = .13922E+03
  Improvement from best function value:    -0.00 %
  Improvement from last loop:    -0.00 %
  Maximum violation of target distance:     3.082562
  Maximum violation of the constraints: .00000E+00
  All-type function value: .13922E+03

--------------------------------------------------------------------------------

  Moving worst molecules ... 
  Function value before moving molecules:   139.22355145635544     
  Type         1 molecules with non-zero contributions:    2.78%
  Moving         0 molecules of type         1
  New positions will be based on good molecules (movebadrandom is not set) 
   Moving:|0                                                        100%|
          ||
  Function value after moving molecules:   139.22355145635544     

--------------------------------------------------------------------------------

  Starting GENCAN loop:          260
  Scaling radii by:    1.0000000000000000     

  Packing:|0                                                        100%|
          |

  Function value from last GENCAN loop: f = .13922E+03
  Best function value before: f = .13922E+03
  Improvement from best function value:    -0.00 %
  Improvement from last loop:    -0.00 %
  Maximum violation of target distance:     3.082562
  Maximum violation of the constraints: .00000E+00
  All-type function value: .13922E+03

--------------------------------------------------------------------------------

  Moving worst molecules ... 
  Function value before moving molecules:   139.22355145635544     
  Type         1 molecules with non-zero contributions:    2.78%
  Moving         0 molecules of type         1
  New positions will be based on good molecules (movebadrandom is not set) 
   Moving:|0                                                        100%|
          ||
  Function value after moving molecules:   139.22355145635544     

--------------------------------------------------------------------------------

  Starting GENCAN loop:          261
  Scaling radii by:    1.0000000000000000     

  Packing:|0                                                        100%|
          |

  Function value from last GENCAN loop: f = .13922E+03
  Best function value before: f = .13922E+03
  Improvement from best function value:    -0.00 %
  Improvement from last loop:    -0.00 %
  Maximum violation of target distance:     3.082562
  Maximum violation of the constraints: .00000E+00
  All-type function value: .13922E+03

--------------------------------------------------------------------------------

  Moving worst molecules ... 
  Function value before moving molecules:   139.22355145635544     
  Type         1 molecules with non-zero contributions:    2.78%
  Moving         0 molecules of type         1
  New positions will be based on good molecules (movebadrandom is not set) 
   Moving:|0                                                        100%|
          ||
  Function value after moving molecules:   139.22355145635544     

--------------------------------------------------------------------------------

  Starting GENCAN loop:          262
  Scaling radii by:    1.0000000000000000     

  Packing:|0                                                        100%|
          |

  Function value from last GENCAN loop: f = .13922E+03
  Best function value before: f = .13922E+03
  Improvement from best function value:    -0.00 %
  Improvement from last loop:    -0.00 %
  Maximum violation of target distance:     3.082562
  Maximum violation of the constraints: .00000E+00
  All-type function value: .13922E+03

--------------------------------------------------------------------------------

  Moving worst molecules ... 
  Function value before moving molecules:   139.22355145635544     
  Type         1 molecules with non-zero contributions:    2.78%
  Moving         0 molecules of type         1
  New positions will be based on good molecules (movebadrandom is not set) 
   Moving:|0                                                        100%|
          ||
  Function value after moving molecules:   139.22355145635544     

--------------------------------------------------------------------------------

  Starting GENCAN loop:          263
  Scaling radii by:    1.0000000000000000     

  Packing:|0                                                        100%|
          |

  Function value from last GENCAN loop: f = .13922E+03
  Best function value before: f = .13922E+03
  Improvement from best function value:    -0.00 %
  Improvement from last loop:    -0.00 %
  Maximum violation of target distance:     3.082562
  Maximum violation of the constraints: .00000E+00
  All-type function value: .13922E+03

--------------------------------------------------------------------------------

  Moving worst molecules ... 
  Function value before moving molecules:   139.22355145635544     
  Type         1 molecules with non-zero contributions:    2.78%
  Moving         0 molecules of type         1
  New positions will be based on good molecules (movebadrandom is not set) 
   Moving:|0                                                        100%|
          ||
  Function value after moving molecules:   139.22355145635544     

--------------------------------------------------------------------------------

  Starting GENCAN loop:          264
  Scaling radii by:    1.0000000000000000     

  Packing:|0                                                        100%|
          |

  Function value from last GENCAN loop: f = .13922E+03
  Best function value before: f = .13922E+03
  Improvement from best function value:    -0.00 %
  Improvement from last loop:    -0.00 %
  Maximum violation of target distance:     3.082562
  Maximum violation of the constraints: .00000E+00
  All-type function value: .13922E+03

--------------------------------------------------------------------------------

  Moving worst molecules ... 
  Function value before moving molecules:   139.22355145635544     
  Type         1 molecules with non-zero contributions:    2.78%
  Moving         0 molecules of type         1
  New positions will be based on good molecules (movebadrandom is not set) 
   Moving:|0                                                        100%|
          ||
  Function value after moving molecules:   139.22355145635544     

--------------------------------------------------------------------------------

  Starting GENCAN loop:          265
  Scaling radii by:    1.0000000000000000     

  Packing:|0                                                        100%|
          |

  Function value from last GENCAN loop: f = .13922E+03
  Best function value before: f = .13922E+03
  Improvement from best function value:    -0.00 %
  Improvement from last loop:    -0.00 %
  Maximum violation of target distance:     3.082562
  Maximum violation of the constraints: .00000E+00
  All-type function value: .13922E+03

--------------------------------------------------------------------------------

  Moving worst molecules ... 
  Function value before moving molecules:   139.22355145635544     
  Type         1 molecules with non-zero contributions:    2.78%
  Moving         0 molecules of type         1
  New positions will be based on good molecules (movebadrandom is not set) 
   Moving:|0                                                        100%|
          ||
  Function value after moving molecules:   139.22355145635544     

--------------------------------------------------------------------------------

  Starting GENCAN loop:          266
  Scaling radii by:    1.0000000000000000     

  Packing:|0                                                        100%|
          |

  Function value from last GENCAN loop: f = .13922E+03
  Best function value before: f = .13922E+03
  Improvement from best function value:    -0.00 %
  Improvement from last loop:    -0.00 %
  Maximum violation of target distance:     3.082562
  Maximum violation of the constraints: .00000E+00
  All-type function value: .13922E+03

--------------------------------------------------------------------------------

  Moving worst molecules ... 
  Function value before moving molecules:   139.22355145635544     
  Type         1 molecules with non-zero contributions:    2.78%
  Moving         0 molecules of type         1
  New positions will be based on good molecules (movebadrandom is not set) 
   Moving:|0                                                        100%|
          ||
  Function value after moving molecules:   139.22355145635544     

--------------------------------------------------------------------------------

  Starting GENCAN loop:          267
  Scaling radii by:    1.0000000000000000     

  Packing:|0                                                        100%|
          |

  Function value from last GENCAN loop: f = .13922E+03
  Best function value before: f = .13922E+03
  Improvement from best function value:    -0.00 %
  Improvement from last loop:    -0.00 %
  Maximum violation of target distance:     3.082562
  Maximum violation of the constraints: .00000E+00
  All-type function value: .13922E+03

--------------------------------------------------------------------------------

  Moving worst molecules ... 
  Function value before moving molecules:   139.22355145635544     
  Type         1 molecules with non-zero contributions:    2.78%
  Moving         0 molecules of type         1
  New positions will be based on good molecules (movebadrandom is not set) 
   Moving:|0                                                        100%|
          ||
  Function value after moving molecules:   139.22355145635544     

--------------------------------------------------------------------------------

  Starting GENCAN loop:          268
  Scaling radii by:    1.0000000000000000     

  Packing:|0                                                        100%|
          |

  Function value from last GENCAN loop: f = .13922E+03
  Best function value before: f = .13922E+03
  Improvement from best function value:    -0.00 %
  Improvement from last loop:    -0.00 %
  Maximum violation of target distance:     3.082562
  Maximum violation of the constraints: .00000E+00
  All-type function value: .13922E+03

--------------------------------------------------------------------------------

  Moving worst molecules ... 
  Function value before moving molecules:   139.22355145635544     
  Type         1 molecules with non-zero contributions:    2.78%
  Moving         0 molecules of type         1
  New positions will be based on good molecules (movebadrandom is not set) 
   Moving:|0                                                        100%|
          ||
  Function value after moving molecules:   139.22355145635544     

--------------------------------------------------------------------------------

  Starting GENCAN loop:          269
  Scaling radii by:    1.0000000000000000     

  Packing:|0                                                        100%|
          |

  Function value from last GENCAN loop: f = .13922E+03
  Best function value before: f = .13922E+03
  Improvement from best function value:    -0.00 %
  Improvement from last loop:    -0.00 %
  Maximum violation of target distance:     3.082562
  Maximum violation of the constraints: .00000E+00
  All-type function value: .13922E+03

--------------------------------------------------------------------------------

  Moving worst molecules ... 
  Function value before moving molecules:   139.22355145635544     
  Type         1 molecules with non-zero contributions:    2.78%
  Moving         0 molecules of type         1
  New positions will be based on good molecules (movebadrandom is not set) 
   Moving:|0                                                        100%|
          ||
  Function value after moving molecules:   139.22355145635544     

--------------------------------------------------------------------------------

  Starting GENCAN loop:          270
  Scaling radii by:    1.0000000000000000     

  Packing:|0                                                        100%|
          |

  Function value from last GENCAN loop: f = .13922E+03
  Best function value before: f = .13922E+03
  Improvement from best function value:    -0.00 %
  Improvement from last loop:    -0.00 %
  Maximum violation of target distance:     3.082562
  Maximum violation of the constraints: .00000E+00
  All-type function value: .13922E+03

--------------------------------------------------------------------------------

  Moving worst molecules ... 
  Function value before moving molecules:   139.22355145635544     
  Type         1 molecules with non-zero contributions:    2.78%
  Moving         0 molecules of type         1
  New positions will be based on good molecules (movebadrandom is not set) 
   Moving:|0                                                        100%|
          ||
  Function value after moving molecules:   139.22355145635544     

--------------------------------------------------------------------------------

  Starting GENCAN loop:          271
  Scaling radii by:    1.0000000000000000     

  Packing:|0                                                        100%|
          |

  Function value from last GENCAN loop: f = .13922E+03
  Best function value before: f = .13922E+03
  Improvement from best function value:    -0.00 %
  Improvement from last loop:    -0.00 %
  Maximum violation of target distance:     3.082562
  Maximum violation of the constraints: .00000E+00
  All-type function value: .13922E+03

--------------------------------------------------------------------------------

  Moving worst molecules ... 
  Function value before moving molecules:   139.22355145635544     
  Type         1 molecules with non-zero contributions:    2.78%
  Moving         0 molecules of type         1
  New positions will be based on good molecules (movebadrandom is not set) 
   Moving:|0                                                        100%|
          ||
  Function value after moving molecules:   139.22355145635544     

--------------------------------------------------------------------------------

  Starting GENCAN loop:          272
  Scaling radii by:    1.0000000000000000     

  Packing:|0                                                        100%|
          |

  Function value from last GENCAN loop: f = .13922E+03
  Best function value before: f = .13922E+03
  Improvement from best function value:    -0.00 %
  Improvement from last loop:    -0.00 %
  Maximum violation of target distance:     3.082562
  Maximum violation of the constraints: .00000E+00
  All-type function value: .13922E+03

--------------------------------------------------------------------------------

  Moving worst molecules ... 
  Function value before moving molecules:   139.22355145635544     
  Type         1 molecules with non-zero contributions:    2.78%
  Moving         0 molecules of type         1
  New positions will be based on good molecules (movebadrandom is not set) 
   Moving:|0                                                        100%|
          ||
  Function value after moving molecules:   139.22355145635544     

--------------------------------------------------------------------------------

  Starting GENCAN loop:          273
  Scaling radii by:    1.0000000000000000     

  Packing:|0                                                        100%|
          |

  Function value from last GENCAN loop: f = .13922E+03
  Best function value before: f = .13922E+03
  Improvement from best function value:    -0.00 %
  Improvement from last loop:    -0.00 %
  Maximum violation of target distance:     3.082562
  Maximum violation of the constraints: .00000E+00
  All-type function value: .13922E+03

--------------------------------------------------------------------------------

  Moving worst molecules ... 
  Function value before moving molecules:   139.22355145635544     
  Type         1 molecules with non-zero contributions:    2.78%
  Moving         0 molecules of type         1
  New positions will be based on good molecules (movebadrandom is not set) 
   Moving:|0                                                        100%|
          ||
  Function value after moving molecules:   139.22355145635544     

--------------------------------------------------------------------------------

  Starting GENCAN loop:          274
  Scaling radii by:    1.0000000000000000     

  Packing:|0                                                        100%|
          |

  Function value from last GENCAN loop: f = .13922E+03
  Best function value before: f = .13922E+03
  Improvement from best function value:    -0.00 %
  Improvement from last loop:    -0.00 %
  Maximum violation of target distance:     3.082562
  Maximum violation of the constraints: .00000E+00
  All-type function value: .13922E+03

--------------------------------------------------------------------------------

  Moving worst molecules ... 
  Function value before moving molecules:   139.22355145635544     
  Type         1 molecules with non-zero contributions:    2.78%
  Moving         0 molecules of type         1
  New positions will be based on good molecules (movebadrandom is not set) 
   Moving:|0                                                        100%|
          ||
  Function value after moving molecules:   139.22355145635544     

--------------------------------------------------------------------------------

  Starting GENCAN loop:          275
  Scaling radii by:    1.0000000000000000     

  Packing:|0                                                        100%|
          |

  Function value from last GENCAN loop: f = .13922E+03
  Best function value before: f = .13922E+03
  Improvement from best function value:    -0.00 %
  Improvement from last loop:    -0.00 %
  Maximum violation of target distance:     3.082562
  Maximum violation of the constraints: .00000E+00
  All-type function value: .13922E+03

--------------------------------------------------------------------------------

  Moving worst molecules ... 
  Function value before moving molecules:   139.22355145635544     
  Type         1 molecules with non-zero contributions:    2.78%
  Moving         0 molecules of type         1
  New positions will be based on good molecules (movebadrandom is not set) 
   Moving:|0                                                        100%|
          ||
  Function value after moving molecules:   139.22355145635544     

--------------------------------------------------------------------------------

  Starting GENCAN loop:          276
  Scaling radii by:    1.0000000000000000     

  Packing:|0                                                        100%|
          |

  Function value from last GENCAN loop: f = .13922E+03
  Best function value before: f = .13922E+03
  Improvement from best function value:    -0.00 %
  Improvement from last loop:    -0.00 %
  Maximum violation of target distance:     3.082562
  Maximum violation of the constraints: .00000E+00
  All-type function value: .13922E+03

--------------------------------------------------------------------------------

  Moving worst molecules ... 
  Function value before moving molecules:   139.22355145635544     
  Type         1 molecules with non-zero contributions:    2.78%
  Moving         0 molecules of type         1
  New positions will be based on good molecules (movebadrandom is not set) 
   Moving:|0                                                        100%|
          ||
  Function value after moving molecules:   139.22355145635544     

--------------------------------------------------------------------------------

  Starting GENCAN loop:          277
  Scaling radii by:    1.0000000000000000     

  Packing:|0                                                        100%|
          |

  Function value from last GENCAN loop: f = .13922E+03
  Best function value before: f = .13922E+03
  Improvement from best function value:    -0.00 %
  Improvement from last loop:    -0.00 %
  Maximum violation of target distance:     3.082562
  Maximum violation of the constraints: .00000E+00
  All-type function value: .13922E+03

--------------------------------------------------------------------------------

  Moving worst molecules ... 
  Function value before moving molecules:   139.22355145635544     
  Type         1 molecules with non-zero contributions:    2.78%
  Moving         0 molecules of type         1
  New positions will be based on good molecules (movebadrandom is not set) 
   Moving:|0                                                        100%|
          ||
  Function value after moving molecules:   139.22355145635544     

--------------------------------------------------------------------------------

  Starting GENCAN loop:          278
  Scaling radii by:    1.0000000000000000     

  Packing:|0                                                        100%|
          |

  Function value from last GENCAN loop: f = .13922E+03
  Best function value before: f = .13922E+03
  Improvement from best function value:    -0.00 %
  Improvement from last loop:    -0.00 %
  Maximum violation of target distance:     3.082562
  Maximum violation of the constraints: .00000E+00
  All-type function value: .13922E+03

--------------------------------------------------------------------------------

  Moving worst molecules ... 
  Function value before moving molecules:   139.22355145635544     
  Type         1 molecules with non-zero contributions:    2.78%
  Moving         0 molecules of type         1
  New positions will be based on good molecules (movebadrandom is not set) 
   Moving:|0                                                        100%|
          ||
  Function value after moving molecules:   139.22355145635544     

--------------------------------------------------------------------------------

  Starting GENCAN loop:          279
  Scaling radii by:    1.0000000000000000     

  Packing:|0                                                        100%|
          |

  Function value from last GENCAN loop: f = .13922E+03
  Best function value before: f = .13922E+03
  Improvement from best function value:    -0.00 %
  Improvement from last loop:    -0.00 %
  Maximum violation of target distance:     3.082562
  Maximum violation of the constraints: .00000E+00
  All-type function value: .13922E+03

--------------------------------------------------------------------------------

  Moving worst molecules ... 
  Function value before moving molecules:   139.22355145635544     
  Type         1 molecules with non-zero contributions:    2.78%
  Moving         0 molecules of type         1
  New positions will be based on good molecules (movebadrandom is not set) 
   Moving:|0                                                        100%|
          ||
  Function value after moving molecules:   139.22355145635544     

--------------------------------------------------------------------------------

  Starting GENCAN loop:          280
  Scaling radii by:    1.0000000000000000     

  Packing:|0                                                        100%|
          |

  Function value from last GENCAN loop: f = .13922E+03
  Best function value before: f = .13922E+03
  Improvement from best function value:    -0.00 %
  Improvement from last loop:    -0.00 %
  Maximum violation of target distance:     3.082562
  Maximum violation of the constraints: .00000E+00
  All-type function value: .13922E+03

--------------------------------------------------------------------------------

  Moving worst molecules ... 
  Function value before moving molecules:   139.22355145635544     
  Type         1 molecules with non-zero contributions:    2.78%
  Moving         0 molecules of type         1
  New positions will be based on good molecules (movebadrandom is not set) 
   Moving:|0                                                        100%|
          ||
  Function value after moving molecules:   139.22355145635544     

--------------------------------------------------------------------------------

  Starting GENCAN loop:          281
  Scaling radii by:    1.0000000000000000     

  Packing:|0                                                        100%|
          |

  Function value from last GENCAN loop: f = .13922E+03
  Best function value before: f = .13922E+03
  Improvement from best function value:    -0.00 %
  Improvement from last loop:    -0.00 %
  Maximum violation of target distance:     3.082562
  Maximum violation of the constraints: .00000E+00
  All-type function value: .13922E+03

--------------------------------------------------------------------------------

  Moving worst molecules ... 
  Function value before moving molecules:   139.22355145635544     
  Type         1 molecules with non-zero contributions:    2.78%
  Moving         0 molecules of type         1
  New positions will be based on good molecules (movebadrandom is not set) 
   Moving:|0                                                        100%|
          ||
  Function value after moving molecules:   139.22355145635544     

--------------------------------------------------------------------------------

  Starting GENCAN loop:          282
  Scaling radii by:    1.0000000000000000     

  Packing:|0                                                        100%|
          |

  Function value from last GENCAN loop: f = .13922E+03
  Best function value before: f = .13922E+03
  Improvement from best function value:    -0.00 %
  Improvement from last loop:    -0.00 %
  Maximum violation of target distance:     3.082562
  Maximum violation of the constraints: .00000E+00
  All-type function value: .13922E+03

--------------------------------------------------------------------------------

  Moving worst molecules ... 
  Function value before moving molecules:   139.22355145635544     
  Type         1 molecules with non-zero contributions:    2.78%
  Moving         0 molecules of type         1
  New positions will be based on good molecules (movebadrandom is not set) 
   Moving:|0                                                        100%|
          ||
  Function value after moving molecules:   139.22355145635544     

--------------------------------------------------------------------------------

  Starting GENCAN loop:          283
  Scaling radii by:    1.0000000000000000     

  Packing:|0                                                        100%|
          |

  Function value from last GENCAN loop: f = .13922E+03
  Best function value before: f = .13922E+03
  Improvement from best function value:    -0.00 %
  Improvement from last loop:    -0.00 %
  Maximum violation of target distance:     3.082562
  Maximum violation of the constraints: .00000E+00
  All-type function value: .13922E+03

--------------------------------------------------------------------------------

  Moving worst molecules ... 
  Function value before moving molecules:   139.22355145635544     
  Type         1 molecules with non-zero contributions:    2.78%
  Moving         0 molecules of type         1
  New positions will be based on good molecules (movebadrandom is not set) 
   Moving:|0                                                        100%|
          ||
  Function value after moving molecules:   139.22355145635544     

--------------------------------------------------------------------------------

  Starting GENCAN loop:          284
  Scaling radii by:    1.0000000000000000     

  Packing:|0                                                        100%|
          |

  Function value from last GENCAN loop: f = .13922E+03
  Best function value before: f = .13922E+03
  Improvement from best function value:    -0.00 %
  Improvement from last loop:    -0.00 %
  Maximum violation of target distance:     3.082562
  Maximum violation of the constraints: .00000E+00
  All-type function value: .13922E+03

--------------------------------------------------------------------------------

  Moving worst molecules ... 
  Function value before moving molecules:   139.22355145635544     
  Type         1 molecules with non-zero contributions:    2.78%
  Moving         0 molecules of type         1
  New positions will be based on good molecules (movebadrandom is not set) 
   Moving:|0                                                        100%|
          ||
  Function value after moving molecules:   139.22355145635544     

--------------------------------------------------------------------------------

  Starting GENCAN loop:          285
  Scaling radii by:    1.0000000000000000     

  Packing:|0                                                        100%|
          |

  Function value from last GENCAN loop: f = .13922E+03
  Best function value before: f = .13922E+03
  Improvement from best function value:    -0.00 %
  Improvement from last loop:    -0.00 %
  Maximum violation of target distance:     3.082562
  Maximum violation of the constraints: .00000E+00
  All-type function value: .13922E+03

--------------------------------------------------------------------------------

  Moving worst molecules ... 
  Function value before moving molecules:   139.22355145635544     
  Type         1 molecules with non-zero contributions:    2.78%
  Moving         0 molecules of type         1
  New positions will be based on good molecules (movebadrandom is not set) 
   Moving:|0                                                        100%|
          ||
  Function value after moving molecules:   139.22355145635544     

--------------------------------------------------------------------------------

  Starting GENCAN loop:          286
  Scaling radii by:    1.0000000000000000     

  Packing:|0                                                        100%|
          |

  Function value from last GENCAN loop: f = .13922E+03
  Best function value before: f = .13922E+03
  Improvement from best function value:    -0.00 %
  Improvement from last loop:    -0.00 %
  Maximum violation of target distance:     3.082562
  Maximum violation of the constraints: .00000E+00
  All-type function value: .13922E+03

--------------------------------------------------------------------------------

  Moving worst molecules ... 
  Function value before moving molecules:   139.22355145635544     
  Type         1 molecules with non-zero contributions:    2.78%
  Moving         0 molecules of type         1
  New positions will be based on good molecules (movebadrandom is not set) 
   Moving:|0                                                        100%|
          ||
  Function value after moving molecules:   139.22355145635544     

--------------------------------------------------------------------------------

  Starting GENCAN loop:          287
  Scaling radii by:    1.0000000000000000     

  Packing:|0                                                        100%|
          |

  Function value from last GENCAN loop: f = .13922E+03
  Best function value before: f = .13922E+03
  Improvement from best function value:    -0.00 %
  Improvement from last loop:    -0.00 %
  Maximum violation of target distance:     3.082562
  Maximum violation of the constraints: .00000E+00
  All-type function value: .13922E+03

--------------------------------------------------------------------------------

  Moving worst molecules ... 
  Function value before moving molecules:   139.22355145635544     
  Type         1 molecules with non-zero contributions:    2.78%
  Moving         0 molecules of type         1
  New positions will be based on good molecules (movebadrandom is not set) 
   Moving:|0                                                        100%|
          ||
  Function value after moving molecules:   139.22355145635544     

--------------------------------------------------------------------------------

  Starting GENCAN loop:          288
  Scaling radii by:    1.0000000000000000     

  Packing:|0                                                        100%|
          |

  Function value from last GENCAN loop: f = .13922E+03
  Best function value before: f = .13922E+03
  Improvement from best function value:    -0.00 %
  Improvement from last loop:    -0.00 %
  Maximum violation of target distance:     3.082562
  Maximum violation of the constraints: .00000E+00
  All-type function value: .13922E+03

--------------------------------------------------------------------------------

  Moving worst molecules ... 
  Function value before moving molecules:   139.22355145635544     
  Type         1 molecules with non-zero contributions:    2.78%
  Moving         0 molecules of type         1
  New positions will be based on good molecules (movebadrandom is not set) 
   Moving:|0                                                        100%|
          ||
  Function value after moving molecules:   139.22355145635544     

--------------------------------------------------------------------------------

  Starting GENCAN loop:          289
  Scaling radii by:    1.0000000000000000     

  Packing:|0                                                        100%|
          |

  Function value from last GENCAN loop: f = .13922E+03
  Best function value before: f = .13922E+03
  Improvement from best function value:    -0.00 %
  Improvement from last loop:    -0.00 %
  Maximum violation of target distance:     3.082562
  Maximum violation of the constraints: .00000E+00
  All-type function value: .13922E+03

--------------------------------------------------------------------------------

  Moving worst molecules ... 
  Function value before moving molecules:   139.22355145635544     
  Type         1 molecules with non-zero contributions:    2.78%
  Moving         0 molecules of type         1
  New positions will be based on good molecules (movebadrandom is not set) 
   Moving:|0                                                        100%|
          ||
  Function value after moving molecules:   139.22355145635544     

--------------------------------------------------------------------------------

  Starting GENCAN loop:          290
  Scaling radii by:    1.0000000000000000     

  Packing:|0                                                        100%|
          |

  Function value from last GENCAN loop: f = .13922E+03
  Best function value before: f = .13922E+03
  Improvement from best function value:    -0.00 %
  Improvement from last loop:    -0.00 %
  Maximum violation of target distance:     3.082562
  Maximum violation of the constraints: .00000E+00
  All-type function value: .13922E+03

--------------------------------------------------------------------------------

  Moving worst molecules ... 
  Function value before moving molecules:   139.22355145635544     
  Type         1 molecules with non-zero contributions:    2.78%
  Moving         0 molecules of type         1
  New positions will be based on good molecules (movebadrandom is not set) 
   Moving:|0                                                        100%|
          ||
  Function value after moving molecules:   139.22355145635544     

--------------------------------------------------------------------------------

  Starting GENCAN loop:          291
  Scaling radii by:    1.0000000000000000     

  Packing:|0                                                        100%|
          |

  Function value from last GENCAN loop: f = .13922E+03
  Best function value before: f = .13922E+03
  Improvement from best function value:    -0.00 %
  Improvement from last loop:    -0.00 %
  Maximum violation of target distance:     3.082562
  Maximum violation of the constraints: .00000E+00
  All-type function value: .13922E+03

--------------------------------------------------------------------------------

  Moving worst molecules ... 
  Function value before moving molecules:   139.22355145635544     
  Type         1 molecules with non-zero contributions:    2.78%
  Moving         0 molecules of type         1
  New positions will be based on good molecules (movebadrandom is not set) 
   Moving:|0                                                        100%|
          ||
  Function value after moving molecules:   139.22355145635544     

--------------------------------------------------------------------------------

  Starting GENCAN loop:          292
  Scaling radii by:    1.0000000000000000     

  Packing:|0                                                        100%|
          |

  Function value from last GENCAN loop: f = .13922E+03
  Best function value before: f = .13922E+03
  Improvement from best function value:    -0.00 %
  Improvement from last loop:    -0.00 %
  Maximum violation of target distance:     3.082562
  Maximum violation of the constraints: .00000E+00
  All-type function value: .13922E+03

--------------------------------------------------------------------------------

  Moving worst molecules ... 
  Function value before moving molecules:   139.22355145635544     
  Type         1 molecules with non-zero contributions:    2.78%
  Moving         0 molecules of type         1
  New positions will be based on good molecules (movebadrandom is not set) 
   Moving:|0                                                        100%|
          ||
  Function value after moving molecules:   139.22355145635544     

--------------------------------------------------------------------------------

  Starting GENCAN loop:          293
  Scaling radii by:    1.0000000000000000     

  Packing:|0                                                        100%|
          |

  Function value from last GENCAN loop: f = .13922E+03
  Best function value before: f = .13922E+03
  Improvement from best function value:    -0.00 %
  Improvement from last loop:    -0.00 %
  Maximum violation of target distance:     3.082562
  Maximum violation of the constraints: .00000E+00
  All-type function value: .13922E+03

--------------------------------------------------------------------------------

  Moving worst molecules ... 
  Function value before moving molecules:   139.22355145635544     
  Type         1 molecules with non-zero contributions:    2.78%
  Moving         0 molecules of type         1
  New positions will be based on good molecules (movebadrandom is not set) 
   Moving:|0                                                        100%|
          ||
  Function value after moving molecules:   139.22355145635544     

--------------------------------------------------------------------------------

  Starting GENCAN loop:          294
  Scaling radii by:    1.0000000000000000     

  Packing:|0                                                        100%|
          |

  Function value from last GENCAN loop: f = .13922E+03
  Best function value before: f = .13922E+03
  Improvement from best function value:    -0.00 %
  Improvement from last loop:    -0.00 %
  Maximum violation of target distance:     3.082562
  Maximum violation of the constraints: .00000E+00
  All-type function value: .13922E+03

--------------------------------------------------------------------------------

  Moving worst molecules ... 
  Function value before moving molecules:   139.22355145635544     
  Type         1 molecules with non-zero contributions:    2.78%
  Moving         0 molecules of type         1
  New positions will be based on good molecules (movebadrandom is not set) 
   Moving:|0                                                        100%|
          ||
  Function value after moving molecules:   139.22355145635544     

--------------------------------------------------------------------------------

  Starting GENCAN loop:          295
  Scaling radii by:    1.0000000000000000     

  Packing:|0                                                        100%|
          |

  Function value from last GENCAN loop: f = .13922E+03
  Best function value before: f = .13922E+03
  Improvement from best function value:    -0.00 %
  Improvement from last loop:    -0.00 %
  Maximum violation of target distance:     3.082562
  Maximum violation of the constraints: .00000E+00
  All-type function value: .13922E+03

--------------------------------------------------------------------------------

  Moving worst molecules ... 
  Function value before moving molecules:   139.22355145635544     
  Type         1 molecules with non-zero contributions:    2.78%
  Moving         0 molecules of type         1
  New positions will be based on good molecules (movebadrandom is not set) 
   Moving:|0                                                        100%|
          ||
  Function value after moving molecules:   139.22355145635544     

--------------------------------------------------------------------------------

  Starting GENCAN loop:          296
  Scaling radii by:    1.0000000000000000     

  Packing:|0                                                        100%|
          |

  Function value from last GENCAN loop: f = .13922E+03
  Best function value before: f = .13922E+03
  Improvement from best function value:    -0.00 %
  Improvement from last loop:    -0.00 %
  Maximum violation of target distance:     3.082562
  Maximum violation of the constraints: .00000E+00
  All-type function value: .13922E+03

--------------------------------------------------------------------------------

  Moving worst molecules ... 
  Function value before moving molecules:   139.22355145635544     
  Type         1 molecules with non-zero contributions:    2.78%
  Moving         0 molecules of type         1
  New positions will be based on good molecules (movebadrandom is not set) 
   Moving:|0                                                        100%|
          ||
  Function value after moving molecules:   139.22355145635544     

--------------------------------------------------------------------------------

  Starting GENCAN loop:          297
  Scaling radii by:    1.0000000000000000     

  Packing:|0                                                        100%|
          |

  Function value from last GENCAN loop: f = .13922E+03
  Best function value before: f = .13922E+03
  Improvement from best function value:    -0.00 %
  Improvement from last loop:    -0.00 %
  Maximum violation of target distance:     3.082562
  Maximum violation of the constraints: .00000E+00
  All-type function value: .13922E+03

--------------------------------------------------------------------------------

  Moving worst molecules ... 
  Function value before moving molecules:   139.22355145635544     
  Type         1 molecules with non-zero contributions:    2.78%
  Moving         0 molecules of type         1
  New positions will be based on good molecules (movebadrandom is not set) 
   Moving:|0                                                        100%|
          ||
  Function value after moving molecules:   139.22355145635544     

--------------------------------------------------------------------------------

  Starting GENCAN loop:          298
  Scaling radii by:    1.0000000000000000     

  Packing:|0                                                        100%|
          |

  Function value from last GENCAN loop: f = .13922E+03
  Best function value before: f = .13922E+03
  Improvement from best function value:    -0.00 %
  Improvement from last loop:    -0.00 %
  Maximum violation of target distance:     3.082562
  Maximum violation of the constraints: .00000E+00
  All-type function value: .13922E+03

--------------------------------------------------------------------------------

  Moving worst molecules ... 
  Function value before moving molecules:   139.22355145635544     
  Type         1 molecules with non-zero contributions:    2.78%
  Moving         0 molecules of type         1
  New positions will be based on good molecules (movebadrandom is not set) 
   Moving:|0                                                        100%|
          ||
  Function value after moving molecules:   139.22355145635544     

--------------------------------------------------------------------------------

  Starting GENCAN loop:          299
  Scaling radii by:    1.0000000000000000     

  Packing:|0                                                        100%|
          |

  Function value from last GENCAN loop: f = .13922E+03
  Best function value before: f = .13922E+03
  Improvement from best function value:    -0.00 %
  Improvement from last loop:    -0.00 %
  Maximum violation of target distance:     3.082562
  Maximum violation of the constraints: .00000E+00
  All-type function value: .13922E+03

--------------------------------------------------------------------------------

  Moving worst molecules ... 
  Function value before moving molecules:   139.22355145635544     
  Type         1 molecules with non-zero contributions:    2.78%
  Moving         0 molecules of type         1
  New positions will be based on good molecules (movebadrandom is not set) 
   Moving:|0                                                        100%|
          ||
  Function value after moving molecules:   139.22355145635544     

--------------------------------------------------------------------------------

  Starting GENCAN loop:          300
  Scaling radii by:    1.0000000000000000     

  Packing:|0                                                        100%|
          |

  Function value from last GENCAN loop: f = .13922E+03
  Best function value before: f = .13922E+03
  Improvement from best function value:    -0.00 %
  Improvement from last loop:    -0.00 %
  Maximum violation of target distance:     3.082562
  Maximum violation of the constraints: .00000E+00
  All-type function value: .13922E+03

--------------------------------------------------------------------------------

  Moving worst molecules ... 
  Function value before moving molecules:   139.22355145635544     
  Type         1 molecules with non-zero contributions:    2.78%
  Moving         0 molecules of type         1
  New positions will be based on good molecules (movebadrandom is not set) 
   Moving:|0                                                        100%|
          ||
  Function value after moving molecules:   139.22355145635544     

--------------------------------------------------------------------------------

  Starting GENCAN loop:          301
  Scaling radii by:    1.0000000000000000     

  Packing:|0                                                        100%|
          |

  Function value from last GENCAN loop: f = .13922E+03
  Best function value before: f = .13922E+03
  Improvement from best function value:    -0.00 %
  Improvement from last loop:    -0.00 %
  Maximum violation of target distance:     3.082562
  Maximum violation of the constraints: .00000E+00
  All-type function value: .13922E+03

--------------------------------------------------------------------------------

  Moving worst molecules ... 
  Function value before moving molecules:   139.22355145635544     
  Type         1 molecules with non-zero contributions:    2.78%
  Moving         0 molecules of type         1
  New positions will be based on good molecules (movebadrandom is not set) 
   Moving:|0                                                        100%|
          ||
  Function value after moving molecules:   139.22355145635544     

--------------------------------------------------------------------------------

  Starting GENCAN loop:          302
  Scaling radii by:    1.0000000000000000     

  Packing:|0                                                        100%|
          |

  Function value from last GENCAN loop: f = .13922E+03
  Best function value before: f = .13922E+03
  Improvement from best function value:    -0.00 %
  Improvement from last loop:    -0.00 %
  Maximum violation of target distance:     3.082562
  Maximum violation of the constraints: .00000E+00
  All-type function value: .13922E+03

--------------------------------------------------------------------------------

  Moving worst molecules ... 
  Function value before moving molecules:   139.22355145635544     
  Type         1 molecules with non-zero contributions:    2.78%
  Moving         0 molecules of type         1
  New positions will be based on good molecules (movebadrandom is not set) 
   Moving:|0                                                        100%|
          ||
  Function value after moving molecules:   139.22355145635544     

--------------------------------------------------------------------------------

  Starting GENCAN loop:          303
  Scaling radii by:    1.0000000000000000     

  Packing:|0                                                        100%|
          |

  Function value from last GENCAN loop: f = .13922E+03
  Best function value before: f = .13922E+03
  Improvement from best function value:    -0.00 %
  Improvement from last loop:    -0.00 %
  Maximum violation of target distance:     3.082562
  Maximum violation of the constraints: .00000E+00
  All-type function value: .13922E+03

--------------------------------------------------------------------------------

  Moving worst molecules ... 
  Function value before moving molecules:   139.22355145635544     
  Type         1 molecules with non-zero contributions:    2.78%
  Moving         0 molecules of type         1
  New positions will be based on good molecules (movebadrandom is not set) 
   Moving:|0                                                        100%|
          ||
  Function value after moving molecules:   139.22355145635544     

--------------------------------------------------------------------------------

  Starting GENCAN loop:          304
  Scaling radii by:    1.0000000000000000     

  Packing:|0                                                        100%|
          |

  Function value from last GENCAN loop: f = .13922E+03
  Best function value before: f = .13922E+03
  Improvement from best function value:    -0.00 %
  Improvement from last loop:    -0.00 %
  Maximum violation of target distance:     3.082562
  Maximum violation of the constraints: .00000E+00
  All-type function value: .13922E+03

--------------------------------------------------------------------------------

  Moving worst molecules ... 
  Function value before moving molecules:   139.22355145635544     
  Type         1 molecules with non-zero contributions:    2.78%
  Moving         0 molecules of type         1
  New positions will be based on good molecules (movebadrandom is not set) 
   Moving:|0                                                        100%|
          ||
  Function value after moving molecules:   139.22355145635544     

--------------------------------------------------------------------------------

  Starting GENCAN loop:          305
  Scaling radii by:    1.0000000000000000     

  Packing:|0                                                        100%|
          |

  Function value from last GENCAN loop: f = .13922E+03
  Best function value before: f = .13922E+03
  Improvement from best function value:    -0.00 %
  Improvement from last loop:    -0.00 %
  Maximum violation of target distance:     3.082562
  Maximum violation of the constraints: .00000E+00
  All-type function value: .13922E+03

--------------------------------------------------------------------------------

  Moving worst molecules ... 
  Function value before moving molecules:   139.22355145635544     
  Type         1 molecules with non-zero contributions:    2.78%
  Moving         0 molecules of type         1
  New positions will be based on good molecules (movebadrandom is not set) 
   Moving:|0                                                        100%|
          ||
  Function value after moving molecules:   139.22355145635544     

--------------------------------------------------------------------------------

  Starting GENCAN loop:          306
  Scaling radii by:    1.0000000000000000     

  Packing:|0                                                        100%|
          |

  Function value from last GENCAN loop: f = .13922E+03
  Best function value before: f = .13922E+03
  Improvement from best function value:    -0.00 %
  Improvement from last loop:    -0.00 %
  Maximum violation of target distance:     3.082562
  Maximum violation of the constraints: .00000E+00
  All-type function value: .13922E+03

--------------------------------------------------------------------------------

  Moving worst molecules ... 
  Function value before moving molecules:   139.22355145635544     
  Type         1 molecules with non-zero contributions:    2.78%
  Moving         0 molecules of type         1
  New positions will be based on good molecules (movebadrandom is not set) 
   Moving:|0                                                        100%|
          ||
  Function value after moving molecules:   139.22355145635544     

--------------------------------------------------------------------------------

  Starting GENCAN loop:          307
  Scaling radii by:    1.0000000000000000     

  Packing:|0                                                        100%|
          |

  Function value from last GENCAN loop: f = .13922E+03
  Best function value before: f = .13922E+03
  Improvement from best function value:    -0.00 %
  Improvement from last loop:    -0.00 %
  Maximum violation of target distance:     3.082562
  Maximum violation of the constraints: .00000E+00
  All-type function value: .13922E+03

--------------------------------------------------------------------------------

  Moving worst molecules ... 
  Function value before moving molecules:   139.22355145635544     
  Type         1 molecules with non-zero contributions:    2.78%
  Moving         0 molecules of type         1
  New positions will be based on good molecules (movebadrandom is not set) 
   Moving:|0                                                        100%|
          ||
  Function value after moving molecules:   139.22355145635544     

--------------------------------------------------------------------------------

  Starting GENCAN loop:          308
  Scaling radii by:    1.0000000000000000     

  Packing:|0                                                        100%|
          |

  Function value from last GENCAN loop: f = .13922E+03
  Best function value before: f = .13922E+03
  Improvement from best function value:    -0.00 %
  Improvement from last loop:    -0.00 %
  Maximum violation of target distance:     3.082562
  Maximum violation of the constraints: .00000E+00
  All-type function value: .13922E+03

--------------------------------------------------------------------------------

  Moving worst molecules ... 
  Function value before moving molecules:   139.22355145635544     
  Type         1 molecules with non-zero contributions:    2.78%
  Moving         0 molecules of type         1
  New positions will be based on good molecules (movebadrandom is not set) 
   Moving:|0                                                        100%|
          ||
  Function value after moving molecules:   139.22355145635544     

--------------------------------------------------------------------------------

  Starting GENCAN loop:          309
  Scaling radii by:    1.0000000000000000     

  Packing:|0                                                        100%|
          |

  Function value from last GENCAN loop: f = .13922E+03
  Best function value before: f = .13922E+03
  Improvement from best function value:    -0.00 %
  Improvement from last loop:    -0.00 %
  Maximum violation of target distance:     3.082562
  Maximum violation of the constraints: .00000E+00
  All-type function value: .13922E+03

--------------------------------------------------------------------------------

  Moving worst molecules ... 
  Function value before moving molecules:   139.22355145635544     
  Type         1 molecules with non-zero contributions:    2.78%
  Moving         0 molecules of type         1
  New positions will be based on good molecules (movebadrandom is not set) 
   Moving:|0                                                        100%|
          ||
  Function value after moving molecules:   139.22355145635544     

--------------------------------------------------------------------------------

  Starting GENCAN loop:          310
  Scaling radii by:    1.0000000000000000     

  Packing:|0                                                        100%|
          |

  Function value from last GENCAN loop: f = .13922E+03
  Best function value before: f = .13922E+03
  Improvement from best function value:    -0.00 %
  Improvement from last loop:    -0.00 %
  Maximum violation of target distance:     3.082562
  Maximum violation of the constraints: .00000E+00
  All-type function value: .13922E+03

--------------------------------------------------------------------------------

  Moving worst molecules ... 
  Function value before moving molecules:   139.22355145635544     
  Type         1 molecules with non-zero contributions:    2.78%
  Moving         0 molecules of type         1
  New positions will be based on good molecules (movebadrandom is not set) 
   Moving:|0                                                        100%|
          ||
  Function value after moving molecules:   139.22355145635544     

--------------------------------------------------------------------------------

  Starting GENCAN loop:          311
  Scaling radii by:    1.0000000000000000     

  Packing:|0                                                        100%|
          |

  Function value from last GENCAN loop: f = .13922E+03
  Best function value before: f = .13922E+03
  Improvement from best function value:    -0.00 %
  Improvement from last loop:    -0.00 %
  Maximum violation of target distance:     3.082562
  Maximum violation of the constraints: .00000E+00
  All-type function value: .13922E+03

--------------------------------------------------------------------------------

  Moving worst molecules ... 
  Function value before moving molecules:   139.22355145635544     
  Type         1 molecules with non-zero contributions:    2.78%
  Moving         0 molecules of type         1
  New positions will be based on good molecules (movebadrandom is not set) 
   Moving:|0                                                        100%|
          ||
  Function value after moving molecules:   139.22355145635544     

--------------------------------------------------------------------------------

  Starting GENCAN loop:          312
  Scaling radii by:    1.0000000000000000     

  Packing:|0                                                        100%|
          |

  Function value from last GENCAN loop: f = .13922E+03
  Best function value before: f = .13922E+03
  Improvement from best function value:    -0.00 %
  Improvement from last loop:    -0.00 %
  Maximum violation of target distance:     3.082562
  Maximum violation of the constraints: .00000E+00
  All-type function value: .13922E+03

--------------------------------------------------------------------------------

  Moving worst molecules ... 
  Function value before moving molecules:   139.22355145635544     
  Type         1 molecules with non-zero contributions:    2.78%
  Moving         0 molecules of type         1
  New positions will be based on good molecules (movebadrandom is not set) 
   Moving:|0                                                        100%|
          ||
  Function value after moving molecules:   139.22355145635544     

--------------------------------------------------------------------------------

  Starting GENCAN loop:          313
  Scaling radii by:    1.0000000000000000     

  Packing:|0                                                        100%|
          |

  Function value from last GENCAN loop: f = .13922E+03
  Best function value before: f = .13922E+03
  Improvement from best function value:    -0.00 %
  Improvement from last loop:    -0.00 %
  Maximum violation of target distance:     3.082562
  Maximum violation of the constraints: .00000E+00
  All-type function value: .13922E+03

--------------------------------------------------------------------------------

  Moving worst molecules ... 
  Function value before moving molecules:   139.22355145635544     
  Type         1 molecules with non-zero contributions:    2.78%
  Moving         0 molecules of type         1
  New positions will be based on good molecules (movebadrandom is not set) 
   Moving:|0                                                        100%|
          ||
  Function value after moving molecules:   139.22355145635544     

--------------------------------------------------------------------------------

  Starting GENCAN loop:          314
  Scaling radii by:    1.0000000000000000     

  Packing:|0                                                        100%|
          |

  Function value from last GENCAN loop: f = .13922E+03
  Best function value before: f = .13922E+03
  Improvement from best function value:    -0.00 %
  Improvement from last loop:    -0.00 %
  Maximum violation of target distance:     3.082562
  Maximum violation of the constraints: .00000E+00
  All-type function value: .13922E+03

--------------------------------------------------------------------------------

  Moving worst molecules ... 
  Function value before moving molecules:   139.22355145635544     
  Type         1 molecules with non-zero contributions:    2.78%
  Moving         0 molecules of type         1
  New positions will be based on good molecules (movebadrandom is not set) 
   Moving:|0                                                        100%|
          ||
  Function value after moving molecules:   139.22355145635544     

--------------------------------------------------------------------------------

  Starting GENCAN loop:          315
  Scaling radii by:    1.0000000000000000     

  Packing:|0                                                        100%|
          |

  Function value from last GENCAN loop: f = .13922E+03
  Best function value before: f = .13922E+03
  Improvement from best function value:    -0.00 %
  Improvement from last loop:    -0.00 %
  Maximum violation of target distance:     3.082562
  Maximum violation of the constraints: .00000E+00
  All-type function value: .13922E+03

--------------------------------------------------------------------------------

  Moving worst molecules ... 
  Function value before moving molecules:   139.22355145635544     
  Type         1 molecules with non-zero contributions:    2.78%
  Moving         0 molecules of type         1
  New positions will be based on good molecules (movebadrandom is not set) 
   Moving:|0                                                        100%|
          ||
  Function value after moving molecules:   139.22355145635544     

--------------------------------------------------------------------------------

  Starting GENCAN loop:          316
  Scaling radii by:    1.0000000000000000     

  Packing:|0                                                        100%|
          |

  Function value from last GENCAN loop: f = .13922E+03
  Best function value before: f = .13922E+03
  Improvement from best function value:    -0.00 %
  Improvement from last loop:    -0.00 %
  Maximum violation of target distance:     3.082562
  Maximum violation of the constraints: .00000E+00
  All-type function value: .13922E+03

--------------------------------------------------------------------------------

  Moving worst molecules ... 
  Function value before moving molecules:   139.22355145635544     
  Type         1 molecules with non-zero contributions:    2.78%
  Moving         0 molecules of type         1
  New positions will be based on good molecules (movebadrandom is not set) 
   Moving:|0                                                        100%|
          ||
  Function value after moving molecules:   139.22355145635544     

--------------------------------------------------------------------------------

  Starting GENCAN loop:          317
  Scaling radii by:    1.0000000000000000     

  Packing:|0                                                        100%|
          |

  Function value from last GENCAN loop: f = .13922E+03
  Best function value before: f = .13922E+03
  Improvement from best function value:    -0.00 %
  Improvement from last loop:    -0.00 %
  Maximum violation of target distance:     3.082562
  Maximum violation of the constraints: .00000E+00
  All-type function value: .13922E+03

--------------------------------------------------------------------------------

  Moving worst molecules ... 
  Function value before moving molecules:   139.22355145635544     
  Type         1 molecules with non-zero contributions:    2.78%
  Moving         0 molecules of type         1
  New positions will be based on good molecules (movebadrandom is not set) 
   Moving:|0                                                        100%|
          ||
  Function value after moving molecules:   139.22355145635544     

--------------------------------------------------------------------------------

  Starting GENCAN loop:          318
  Scaling radii by:    1.0000000000000000     

  Packing:|0                                                        100%|
          |

  Function value from last GENCAN loop: f = .13922E+03
  Best function value before: f = .13922E+03
  Improvement from best function value:    -0.00 %
  Improvement from last loop:    -0.00 %
  Maximum violation of target distance:     3.082562
  Maximum violation of the constraints: .00000E+00
  All-type function value: .13922E+03

--------------------------------------------------------------------------------

  Moving worst molecules ... 
  Function value before moving molecules:   139.22355145635544     
  Type         1 molecules with non-zero contributions:    2.78%
  Moving         0 molecules of type         1
  New positions will be based on good molecules (movebadrandom is not set) 
   Moving:|0                                                        100%|
          ||
  Function value after moving molecules:   139.22355145635544     

--------------------------------------------------------------------------------

  Starting GENCAN loop:          319
  Scaling radii by:    1.0000000000000000     

  Packing:|0                                                        100%|
          |

  Function value from last GENCAN loop: f = .13922E+03
  Best function value before: f = .13922E+03
  Improvement from best function value:    -0.00 %
  Improvement from last loop:    -0.00 %
  Maximum violation of target distance:     3.082562
  Maximum violation of the constraints: .00000E+00
  All-type function value: .13922E+03

--------------------------------------------------------------------------------

  Moving worst molecules ... 
  Function value before moving molecules:   139.22355145635544     
  Type         1 molecules with non-zero contributions:    2.78%
  Moving         0 molecules of type         1
  New positions will be based on good molecules (movebadrandom is not set) 
   Moving:|0                                                        100%|
          ||
  Function value after moving molecules:   139.22355145635544     

--------------------------------------------------------------------------------

  Starting GENCAN loop:          320
  Scaling radii by:    1.0000000000000000     

  Packing:|0                                                        100%|
          |

  Function value from last GENCAN loop: f = .13922E+03
  Best function value before: f = .13922E+03
  Improvement from best function value:    -0.00 %
  Improvement from last loop:    -0.00 %
  Maximum violation of target distance:     3.082562
  Maximum violation of the constraints: .00000E+00
  All-type function value: .13922E+03

--------------------------------------------------------------------------------

  Moving worst molecules ... 
  Function value before moving molecules:   139.22355145635544     
  Type         1 molecules with non-zero contributions:    2.78%
  Moving         0 molecules of type         1
  New positions will be based on good molecules (movebadrandom is not set) 
   Moving:|0                                                        100%|
          ||
  Function value after moving molecules:   139.22355145635544     

--------------------------------------------------------------------------------

  Starting GENCAN loop:          321
  Scaling radii by:    1.0000000000000000     

  Packing:|0                                                        100%|
          |

  Function value from last GENCAN loop: f = .13922E+03
  Best function value before: f = .13922E+03
  Improvement from best function value:    -0.00 %
  Improvement from last loop:    -0.00 %
  Maximum violation of target distance:     3.082562
  Maximum violation of the constraints: .00000E+00
  All-type function value: .13922E+03

--------------------------------------------------------------------------------

  Moving worst molecules ... 
  Function value before moving molecules:   139.22355145635544     
  Type         1 molecules with non-zero contributions:    2.78%
  Moving         0 molecules of type         1
  New positions will be based on good molecules (movebadrandom is not set) 
   Moving:|0                                                        100%|
          ||
  Function value after moving molecules:   139.22355145635544     

--------------------------------------------------------------------------------

  Starting GENCAN loop:          322
  Scaling radii by:    1.0000000000000000     

  Packing:|0                                                        100%|
          |

  Function value from last GENCAN loop: f = .13922E+03
  Best function value before: f = .13922E+03
  Improvement from best function value:    -0.00 %
  Improvement from last loop:    -0.00 %
  Maximum violation of target distance:     3.082562
  Maximum violation of the constraints: .00000E+00
  All-type function value: .13922E+03

--------------------------------------------------------------------------------

  Moving worst molecules ... 
  Function value before moving molecules:   139.22355145635544     
  Type         1 molecules with non-zero contributions:    2.78%
  Moving         0 molecules of type         1
  New positions will be based on good molecules (movebadrandom is not set) 
   Moving:|0                                                        100%|
          ||
  Function value after moving molecules:   139.22355145635544     

--------------------------------------------------------------------------------

  Starting GENCAN loop:          323
  Scaling radii by:    1.0000000000000000     

  Packing:|0                                                        100%|
          |

  Function value from last GENCAN loop: f = .13922E+03
  Best function value before: f = .13922E+03
  Improvement from best function value:    -0.00 %
  Improvement from last loop:    -0.00 %
  Maximum violation of target distance:     3.082562
  Maximum violation of the constraints: .00000E+00
  All-type function value: .13922E+03

--------------------------------------------------------------------------------

  Moving worst molecules ... 
  Function value before moving molecules:   139.22355145635544     
  Type         1 molecules with non-zero contributions:    2.78%
  Moving         0 molecules of type         1
  New positions will be based on good molecules (movebadrandom is not set) 
   Moving:|0                                                        100%|
          ||
  Function value after moving molecules:   139.22355145635544     

--------------------------------------------------------------------------------

  Starting GENCAN loop:          324
  Scaling radii by:    1.0000000000000000     

  Packing:|0                                                        100%|
          |

  Function value from last GENCAN loop: f = .13922E+03
  Best function value before: f = .13922E+03
  Improvement from best function value:    -0.00 %
  Improvement from last loop:    -0.00 %
  Maximum violation of target distance:     3.082562
  Maximum violation of the constraints: .00000E+00
  All-type function value: .13922E+03

--------------------------------------------------------------------------------

  Moving worst molecules ... 
  Function value before moving molecules:   139.22355145635544     
  Type         1 molecules with non-zero contributions:    2.78%
  Moving         0 molecules of type         1
  New positions will be based on good molecules (movebadrandom is not set) 
   Moving:|0                                                        100%|
          ||
  Function value after moving molecules:   139.22355145635544     

--------------------------------------------------------------------------------

  Starting GENCAN loop:          325
  Scaling radii by:    1.0000000000000000     

  Packing:|0                                                        100%|
          |

  Function value from last GENCAN loop: f = .13922E+03
  Best function value before: f = .13922E+03
  Improvement from best function value:    -0.00 %
  Improvement from last loop:    -0.00 %
  Maximum violation of target distance:     3.082562
  Maximum violation of the constraints: .00000E+00
  All-type function value: .13922E+03

--------------------------------------------------------------------------------

  Moving worst molecules ... 
  Function value before moving molecules:   139.22355145635544     
  Type         1 molecules with non-zero contributions:    2.78%
  Moving         0 molecules of type         1
  New positions will be based on good molecules (movebadrandom is not set) 
   Moving:|0                                                        100%|
          ||
  Function value after moving molecules:   139.22355145635544     

--------------------------------------------------------------------------------

  Starting GENCAN loop:          326
  Scaling radii by:    1.0000000000000000     

  Packing:|0                                                        100%|
          |

  Function value from last GENCAN loop: f = .13922E+03
  Best function value before: f = .13922E+03
  Improvement from best function value:    -0.00 %
  Improvement from last loop:    -0.00 %
  Maximum violation of target distance:     3.082562
  Maximum violation of the constraints: .00000E+00
  All-type function value: .13922E+03

--------------------------------------------------------------------------------

  Moving worst molecules ... 
  Function value before moving molecules:   139.22355145635544     
  Type         1 molecules with non-zero contributions:    2.78%
  Moving         0 molecules of type         1
  New positions will be based on good molecules (movebadrandom is not set) 
   Moving:|0                                                        100%|
          ||
  Function value after moving molecules:   139.22355145635544     

--------------------------------------------------------------------------------

  Starting GENCAN loop:          327
  Scaling radii by:    1.0000000000000000     

  Packing:|0                                                        100%|
          |

  Function value from last GENCAN loop: f = .13922E+03
  Best function value before: f = .13922E+03
  Improvement from best function value:    -0.00 %
  Improvement from last loop:    -0.00 %
  Maximum violation of target distance:     3.082562
  Maximum violation of the constraints: .00000E+00
  All-type function value: .13922E+03

--------------------------------------------------------------------------------

  Moving worst molecules ... 
  Function value before moving molecules:   139.22355145635544     
  Type         1 molecules with non-zero contributions:    2.78%
  Moving         0 molecules of type         1
  New positions will be based on good molecules (movebadrandom is not set) 
   Moving:|0                                                        100%|
          ||
  Function value after moving molecules:   139.22355145635544     

--------------------------------------------------------------------------------

  Starting GENCAN loop:          328
  Scaling radii by:    1.0000000000000000     

  Packing:|0                                                        100%|
          |

  Function value from last GENCAN loop: f = .13922E+03
  Best function value before: f = .13922E+03
  Improvement from best function value:    -0.00 %
  Improvement from last loop:    -0.00 %
  Maximum violation of target distance:     3.082562
  Maximum violation of the constraints: .00000E+00
  All-type function value: .13922E+03

--------------------------------------------------------------------------------

  Moving worst molecules ... 
  Function value before moving molecules:   139.22355145635544     
  Type         1 molecules with non-zero contributions:    2.78%
  Moving         0 molecules of type         1
  New positions will be based on good molecules (movebadrandom is not set) 
   Moving:|0                                                        100%|
          ||
  Function value after moving molecules:   139.22355145635544     

--------------------------------------------------------------------------------

  Starting GENCAN loop:          329
  Scaling radii by:    1.0000000000000000     

  Packing:|0                                                        100%|
          |

  Function value from last GENCAN loop: f = .13922E+03
  Best function value before: f = .13922E+03
  Improvement from best function value:    -0.00 %
  Improvement from last loop:    -0.00 %
  Maximum violation of target distance:     3.082562
  Maximum violation of the constraints: .00000E+00
  All-type function value: .13922E+03

--------------------------------------------------------------------------------

  Moving worst molecules ... 
  Function value before moving molecules:   139.22355145635544     
  Type         1 molecules with non-zero contributions:    2.78%
  Moving         0 molecules of type         1
  New positions will be based on good molecules (movebadrandom is not set) 
   Moving:|0                                                        100%|
          ||
  Function value after moving molecules:   139.22355145635544     

--------------------------------------------------------------------------------

  Starting GENCAN loop:          330
  Scaling radii by:    1.0000000000000000     

  Packing:|0                                                        100%|
          |

  Function value from last GENCAN loop: f = .13922E+03
  Best function value before: f = .13922E+03
  Improvement from best function value:    -0.00 %
  Improvement from last loop:    -0.00 %
  Maximum violation of target distance:     3.082562
  Maximum violation of the constraints: .00000E+00
  All-type function value: .13922E+03

--------------------------------------------------------------------------------

  Moving worst molecules ... 
  Function value before moving molecules:   139.22355145635544     
  Type         1 molecules with non-zero contributions:    2.78%
  Moving         0 molecules of type         1
  New positions will be based on good molecules (movebadrandom is not set) 
   Moving:|0                                                        100%|
          ||
  Function value after moving molecules:   139.22355145635544     

--------------------------------------------------------------------------------

  Starting GENCAN loop:          331
  Scaling radii by:    1.0000000000000000     

  Packing:|0                                                        100%|
          |

  Function value from last GENCAN loop: f = .13922E+03
  Best function value before: f = .13922E+03
  Improvement from best function value:    -0.00 %
  Improvement from last loop:    -0.00 %
  Maximum violation of target distance:     3.082562
  Maximum violation of the constraints: .00000E+00
  All-type function value: .13922E+03

--------------------------------------------------------------------------------

  Moving worst molecules ... 
  Function value before moving molecules:   139.22355145635544     
  Type         1 molecules with non-zero contributions:    2.78%
  Moving         0 molecules of type         1
  New positions will be based on good molecules (movebadrandom is not set) 
   Moving:|0                                                        100%|
          ||
  Function value after moving molecules:   139.22355145635544     

--------------------------------------------------------------------------------

  Starting GENCAN loop:          332
  Scaling radii by:    1.0000000000000000     

  Packing:|0                                                        100%|
          |

  Function value from last GENCAN loop: f = .13922E+03
  Best function value before: f = .13922E+03
  Improvement from best function value:    -0.00 %
  Improvement from last loop:    -0.00 %
  Maximum violation of target distance:     3.082562
  Maximum violation of the constraints: .00000E+00
  All-type function value: .13922E+03

--------------------------------------------------------------------------------

  Moving worst molecules ... 
  Function value before moving molecules:   139.22355145635544     
  Type         1 molecules with non-zero contributions:    2.78%
  Moving         0 molecules of type         1
  New positions will be based on good molecules (movebadrandom is not set) 
   Moving:|0                                                        100%|
          ||
  Function value after moving molecules:   139.22355145635544     

--------------------------------------------------------------------------------

  Starting GENCAN loop:          333
  Scaling radii by:    1.0000000000000000     

  Packing:|0                                                        100%|
          |

  Function value from last GENCAN loop: f = .13922E+03
  Best function value before: f = .13922E+03
  Improvement from best function value:    -0.00 %
  Improvement from last loop:    -0.00 %
  Maximum violation of target distance:     3.082562
  Maximum violation of the constraints: .00000E+00
  All-type function value: .13922E+03

--------------------------------------------------------------------------------

  Moving worst molecules ... 
  Function value before moving molecules:   139.22355145635544     
  Type         1 molecules with non-zero contributions:    2.78%
  Moving         0 molecules of type         1
  New positions will be based on good molecules (movebadrandom is not set) 
   Moving:|0                                                        100%|
          ||
  Function value after moving molecules:   139.22355145635544     

--------------------------------------------------------------------------------

  Starting GENCAN loop:          334
  Scaling radii by:    1.0000000000000000     

  Packing:|0                                                        100%|
          |

  Function value from last GENCAN loop: f = .13922E+03
  Best function value before: f = .13922E+03
  Improvement from best function value:    -0.00 %
  Improvement from last loop:    -0.00 %
  Maximum violation of target distance:     3.082562
  Maximum violation of the constraints: .00000E+00
  All-type function value: .13922E+03

--------------------------------------------------------------------------------

  Moving worst molecules ... 
  Function value before moving molecules:   139.22355145635544     
  Type         1 molecules with non-zero contributions:    2.78%
  Moving         0 molecules of type         1
  New positions will be based on good molecules (movebadrandom is not set) 
   Moving:|0                                                        100%|
          ||
  Function value after moving molecules:   139.22355145635544     

--------------------------------------------------------------------------------

  Starting GENCAN loop:          335
  Scaling radii by:    1.0000000000000000     

  Packing:|0                                                        100%|
          |

  Function value from last GENCAN loop: f = .13922E+03
  Best function value before: f = .13922E+03
  Improvement from best function value:    -0.00 %
  Improvement from last loop:    -0.00 %
  Maximum violation of target distance:     3.082562
  Maximum violation of the constraints: .00000E+00
  All-type function value: .13922E+03

--------------------------------------------------------------------------------

  Moving worst molecules ... 
  Function value before moving molecules:   139.22355145635544     
  Type         1 molecules with non-zero contributions:    2.78%
  Moving         0 molecules of type         1
  New positions will be based on good molecules (movebadrandom is not set) 
   Moving:|0                                                        100%|
          ||
  Function value after moving molecules:   139.22355145635544     

--------------------------------------------------------------------------------

  Starting GENCAN loop:          336
  Scaling radii by:    1.0000000000000000     

  Packing:|0                                                        100%|
          |

  Function value from last GENCAN loop: f = .13922E+03
  Best function value before: f = .13922E+03
  Improvement from best function value:    -0.00 %
  Improvement from last loop:    -0.00 %
  Maximum violation of target distance:     3.082562
  Maximum violation of the constraints: .00000E+00
  All-type function value: .13922E+03

--------------------------------------------------------------------------------

  Moving worst molecules ... 
  Function value before moving molecules:   139.22355145635544     
  Type         1 molecules with non-zero contributions:    2.78%
  Moving         0 molecules of type         1
  New positions will be based on good molecules (movebadrandom is not set) 
   Moving:|0                                                        100%|
          ||
  Function value after moving molecules:   139.22355145635544     

--------------------------------------------------------------------------------

  Starting GENCAN loop:          337
  Scaling radii by:    1.0000000000000000     

  Packing:|0                                                        100%|
          |

  Function value from last GENCAN loop: f = .13922E+03
  Best function value before: f = .13922E+03
  Improvement from best function value:    -0.00 %
  Improvement from last loop:    -0.00 %
  Maximum violation of target distance:     3.082562
  Maximum violation of the constraints: .00000E+00
  All-type function value: .13922E+03

--------------------------------------------------------------------------------

  Moving worst molecules ... 
  Function value before moving molecules:   139.22355145635544     
  Type         1 molecules with non-zero contributions:    2.78%
  Moving         0 molecules of type         1
  New positions will be based on good molecules (movebadrandom is not set) 
   Moving:|0                                                        100%|
          ||
  Function value after moving molecules:   139.22355145635544     

--------------------------------------------------------------------------------

  Starting GENCAN loop:          338
  Scaling radii by:    1.0000000000000000     

  Packing:|0                                                        100%|
          |

  Function value from last GENCAN loop: f = .13922E+03
  Best function value before: f = .13922E+03
  Improvement from best function value:    -0.00 %
  Improvement from last loop:    -0.00 %
  Maximum violation of target distance:     3.082562
  Maximum violation of the constraints: .00000E+00
  All-type function value: .13922E+03

--------------------------------------------------------------------------------

  Moving worst molecules ... 
  Function value before moving molecules:   139.22355145635544     
  Type         1 molecules with non-zero contributions:    2.78%
  Moving         0 molecules of type         1
  New positions will be based on good molecules (movebadrandom is not set) 
   Moving:|0                                                        100%|
          ||
  Function value after moving molecules:   139.22355145635544     

--------------------------------------------------------------------------------

  Starting GENCAN loop:          339
  Scaling radii by:    1.0000000000000000     

  Packing:|0                                                        100%|
          |

  Function value from last GENCAN loop: f = .13922E+03
  Best function value before: f = .13922E+03
  Improvement from best function value:    -0.00 %
  Improvement from last loop:    -0.00 %
  Maximum violation of target distance:     3.082562
  Maximum violation of the constraints: .00000E+00
  All-type function value: .13922E+03

--------------------------------------------------------------------------------

  Moving worst molecules ... 
  Function value before moving molecules:   139.22355145635544     
  Type         1 molecules with non-zero contributions:    2.78%
  Moving         0 molecules of type         1
  New positions will be based on good molecules (movebadrandom is not set) 
   Moving:|0                                                        100%|
          ||
  Function value after moving molecules:   139.22355145635544     

--------------------------------------------------------------------------------

  Starting GENCAN loop:          340
  Scaling radii by:    1.0000000000000000     

  Packing:|0                                                        100%|
          |

  Function value from last GENCAN loop: f = .13922E+03
  Best function value before: f = .13922E+03
  Improvement from best function value:    -0.00 %
  Improvement from last loop:    -0.00 %
  Maximum violation of target distance:     3.082562
  Maximum violation of the constraints: .00000E+00
  All-type function value: .13922E+03

--------------------------------------------------------------------------------

  Moving worst molecules ... 
  Function value before moving molecules:   139.22355145635544     
  Type         1 molecules with non-zero contributions:    2.78%
  Moving         0 molecules of type         1
  New positions will be based on good molecules (movebadrandom is not set) 
   Moving:|0                                                        100%|
          ||
  Function value after moving molecules:   139.22355145635544     

--------------------------------------------------------------------------------

  Starting GENCAN loop:          341
  Scaling radii by:    1.0000000000000000     

  Packing:|0                                                        100%|
          |

  Function value from last GENCAN loop: f = .13922E+03
  Best function value before: f = .13922E+03
  Improvement from best function value:    -0.00 %
  Improvement from last loop:    -0.00 %
  Maximum violation of target distance:     3.082562
  Maximum violation of the constraints: .00000E+00
  All-type function value: .13922E+03

--------------------------------------------------------------------------------

  Moving worst molecules ... 
  Function value before moving molecules:   139.22355145635544     
  Type         1 molecules with non-zero contributions:    2.78%
  Moving         0 molecules of type         1
  New positions will be based on good molecules (movebadrandom is not set) 
   Moving:|0                                                        100%|
          ||
  Function value after moving molecules:   139.22355145635544     

--------------------------------------------------------------------------------

  Starting GENCAN loop:          342
  Scaling radii by:    1.0000000000000000     

  Packing:|0                                                        100%|
          |

  Function value from last GENCAN loop: f = .13922E+03
  Best function value before: f = .13922E+03
  Improvement from best function value:    -0.00 %
  Improvement from last loop:    -0.00 %
  Maximum violation of target distance:     3.082562
  Maximum violation of the constraints: .00000E+00
  All-type function value: .13922E+03

--------------------------------------------------------------------------------

  Moving worst molecules ... 
  Function value before moving molecules:   139.22355145635544     
  Type         1 molecules with non-zero contributions:    2.78%
  Moving         0 molecules of type         1
  New positions will be based on good molecules (movebadrandom is not set) 
   Moving:|0                                                        100%|
          ||
  Function value after moving molecules:   139.22355145635544     

--------------------------------------------------------------------------------

  Starting GENCAN loop:          343
  Scaling radii by:    1.0000000000000000     

  Packing:|0                                                        100%|
          |

  Function value from last GENCAN loop: f = .13922E+03
  Best function value before: f = .13922E+03
  Improvement from best function value:    -0.00 %
  Improvement from last loop:    -0.00 %
  Maximum violation of target distance:     3.082562
  Maximum violation of the constraints: .00000E+00
  All-type function value: .13922E+03

--------------------------------------------------------------------------------

  Moving worst molecules ... 
  Function value before moving molecules:   139.22355145635544     
  Type         1 molecules with non-zero contributions:    2.78%
  Moving         0 molecules of type         1
  New positions will be based on good molecules (movebadrandom is not set) 
   Moving:|0                                                        100%|
          ||
  Function value after moving molecules:   139.22355145635544     

--------------------------------------------------------------------------------

  Starting GENCAN loop:          344
  Scaling radii by:    1.0000000000000000     

  Packing:|0                                                        100%|
          |

  Function value from last GENCAN loop: f = .13922E+03
  Best function value before: f = .13922E+03
  Improvement from best function value:    -0.00 %
  Improvement from last loop:    -0.00 %
  Maximum violation of target distance:     3.082562
  Maximum violation of the constraints: .00000E+00
  All-type function value: .13922E+03

--------------------------------------------------------------------------------

  Moving worst molecules ... 
  Function value before moving molecules:   139.22355145635544     
  Type         1 molecules with non-zero contributions:    2.78%
  Moving         0 molecules of type         1
  New positions will be based on good molecules (movebadrandom is not set) 
   Moving:|0                                                        100%|
          ||
  Function value after moving molecules:   139.22355145635544     

--------------------------------------------------------------------------------

  Starting GENCAN loop:          345
  Scaling radii by:    1.0000000000000000     

  Packing:|0                                                        100%|
          |

  Function value from last GENCAN loop: f = .13922E+03
  Best function value before: f = .13922E+03
  Improvement from best function value:    -0.00 %
  Improvement from last loop:    -0.00 %
  Maximum violation of target distance:     3.082562
  Maximum violation of the constraints: .00000E+00
  All-type function value: .13922E+03

--------------------------------------------------------------------------------

  Moving worst molecules ... 
  Function value before moving molecules:   139.22355145635544     
  Type         1 molecules with non-zero contributions:    2.78%
  Moving         0 molecules of type         1
  New positions will be based on good molecules (movebadrandom is not set) 
   Moving:|0                                                        100%|
          ||
  Function value after moving molecules:   139.22355145635544     

--------------------------------------------------------------------------------

  Starting GENCAN loop:          346
  Scaling radii by:    1.0000000000000000     

  Packing:|0                                                        100%|
          |

  Function value from last GENCAN loop: f = .13922E+03
  Best function value before: f = .13922E+03
  Improvement from best function value:    -0.00 %
  Improvement from last loop:    -0.00 %
  Maximum violation of target distance:     3.082562
  Maximum violation of the constraints: .00000E+00
  All-type function value: .13922E+03

--------------------------------------------------------------------------------

  Moving worst molecules ... 
  Function value before moving molecules:   139.22355145635544     
  Type         1 molecules with non-zero contributions:    2.78%
  Moving         0 molecules of type         1
  New positions will be based on good molecules (movebadrandom is not set) 
   Moving:|0                                                        100%|
          ||
  Function value after moving molecules:   139.22355145635544     

--------------------------------------------------------------------------------

  Starting GENCAN loop:          347
  Scaling radii by:    1.0000000000000000     

  Packing:|0                                                        100%|
          |

  Function value from last GENCAN loop: f = .13922E+03
  Best function value before: f = .13922E+03
  Improvement from best function value:    -0.00 %
  Improvement from last loop:    -0.00 %
  Maximum violation of target distance:     3.082562
  Maximum violation of the constraints: .00000E+00
  All-type function value: .13922E+03

--------------------------------------------------------------------------------

  Moving worst molecules ... 
  Function value before moving molecules:   139.22355145635544     
  Type         1 molecules with non-zero contributions:    2.78%
  Moving         0 molecules of type         1
  New positions will be based on good molecules (movebadrandom is not set) 
   Moving:|0                                                        100%|
          ||
  Function value after moving molecules:   139.22355145635544     

--------------------------------------------------------------------------------

  Starting GENCAN loop:          348
  Scaling radii by:    1.0000000000000000     

  Packing:|0                                                        100%|
          |

  Function value from last GENCAN loop: f = .13922E+03
  Best function value before: f = .13922E+03
  Improvement from best function value:    -0.00 %
  Improvement from last loop:    -0.00 %
  Maximum violation of target distance:     3.082562
  Maximum violation of the constraints: .00000E+00
  All-type function value: .13922E+03

--------------------------------------------------------------------------------

  Moving worst molecules ... 
  Function value before moving molecules:   139.22355145635544     
  Type         1 molecules with non-zero contributions:    2.78%
  Moving         0 molecules of type         1
  New positions will be based on good molecules (movebadrandom is not set) 
   Moving:|0                                                        100%|
          ||
  Function value after moving molecules:   139.22355145635544     

--------------------------------------------------------------------------------

  Starting GENCAN loop:          349
  Scaling radii by:    1.0000000000000000     

  Packing:|0                                                        100%|
          |

  Function value from last GENCAN loop: f = .13922E+03
  Best function value before: f = .13922E+03
  Improvement from best function value:    -0.00 %
  Improvement from last loop:    -0.00 %
  Maximum violation of target distance:     3.082562
  Maximum violation of the constraints: .00000E+00
  All-type function value: .13922E+03

--------------------------------------------------------------------------------

  Moving worst molecules ... 
  Function value before moving molecules:   139.22355145635544     
  Type         1 molecules with non-zero contributions:    2.78%
  Moving         0 molecules of type         1
  New positions will be based on good molecules (movebadrandom is not set) 
   Moving:|0                                                        100%|
          ||
  Function value after moving molecules:   139.22355145635544     

--------------------------------------------------------------------------------

  Starting GENCAN loop:          350
  Scaling radii by:    1.0000000000000000     

  Packing:|0                                                        100%|
          |

  Function value from last GENCAN loop: f = .13922E+03
  Best function value before: f = .13922E+03
  Improvement from best function value:    -0.00 %
  Improvement from last loop:    -0.00 %
  Maximum violation of target distance:     3.082562
  Maximum violation of the constraints: .00000E+00
  All-type function value: .13922E+03

--------------------------------------------------------------------------------

  Moving worst molecules ... 
  Function value before moving molecules:   139.22355145635544     
  Type         1 molecules with non-zero contributions:    2.78%
  Moving         0 molecules of type         1
  New positions will be based on good molecules (movebadrandom is not set) 
   Moving:|0                                                        100%|
          ||
  Function value after moving molecules:   139.22355145635544     

--------------------------------------------------------------------------------

  Starting GENCAN loop:          351
  Scaling radii by:    1.0000000000000000     

  Packing:|0                                                        100%|
          |

  Function value from last GENCAN loop: f = .13922E+03
  Best function value before: f = .13922E+03
  Improvement from best function value:    -0.00 %
  Improvement from last loop:    -0.00 %
  Maximum violation of target distance:     3.082562
  Maximum violation of the constraints: .00000E+00
  All-type function value: .13922E+03

--------------------------------------------------------------------------------

  Moving worst molecules ... 
  Function value before moving molecules:   139.22355145635544     
  Type         1 molecules with non-zero contributions:    2.78%
  Moving         0 molecules of type         1
  New positions will be based on good molecules (movebadrandom is not set) 
   Moving:|0                                                        100%|
          ||
  Function value after moving molecules:   139.22355145635544     

--------------------------------------------------------------------------------

  Starting GENCAN loop:          352
  Scaling radii by:    1.0000000000000000     

  Packing:|0                                                        100%|
          |

  Function value from last GENCAN loop: f = .13922E+03
  Best function value before: f = .13922E+03
  Improvement from best function value:    -0.00 %
  Improvement from last loop:    -0.00 %
  Maximum violation of target distance:     3.082562
  Maximum violation of the constraints: .00000E+00
  All-type function value: .13922E+03

--------------------------------------------------------------------------------

  Moving worst molecules ... 
  Function value before moving molecules:   139.22355145635544     
  Type         1 molecules with non-zero contributions:    2.78%
  Moving         0 molecules of type         1
  New positions will be based on good molecules (movebadrandom is not set) 
   Moving:|0                                                        100%|
          ||
  Function value after moving molecules:   139.22355145635544     

--------------------------------------------------------------------------------

  Starting GENCAN loop:          353
  Scaling radii by:    1.0000000000000000     

  Packing:|0                                                        100%|
          |

  Function value from last GENCAN loop: f = .13922E+03
  Best function value before: f = .13922E+03
  Improvement from best function value:    -0.00 %
  Improvement from last loop:    -0.00 %
  Maximum violation of target distance:     3.082562
  Maximum violation of the constraints: .00000E+00
  All-type function value: .13922E+03

--------------------------------------------------------------------------------

  Moving worst molecules ... 
  Function value before moving molecules:   139.22355145635544     
  Type         1 molecules with non-zero contributions:    2.78%
  Moving         0 molecules of type         1
  New positions will be based on good molecules (movebadrandom is not set) 
   Moving:|0                                                        100%|
          ||
  Function value after moving molecules:   139.22355145635544     

--------------------------------------------------------------------------------

  Starting GENCAN loop:          354
  Scaling radii by:    1.0000000000000000     

  Packing:|0                                                        100%|
          |

  Function value from last GENCAN loop: f = .13922E+03
  Best function value before: f = .13922E+03
  Improvement from best function value:    -0.00 %
  Improvement from last loop:    -0.00 %
  Maximum violation of target distance:     3.082562
  Maximum violation of the constraints: .00000E+00
  All-type function value: .13922E+03

--------------------------------------------------------------------------------

  Moving worst molecules ... 
  Function value before moving molecules:   139.22355145635544     
  Type         1 molecules with non-zero contributions:    2.78%
  Moving         0 molecules of type         1
  New positions will be based on good molecules (movebadrandom is not set) 
   Moving:|0                                                        100%|
          ||
  Function value after moving molecules:   139.22355145635544     

--------------------------------------------------------------------------------

  Starting GENCAN loop:          355
  Scaling radii by:    1.0000000000000000     

  Packing:|0                                                        100%|
          |

  Function value from last GENCAN loop: f = .13922E+03
  Best function value before: f = .13922E+03
  Improvement from best function value:    -0.00 %
  Improvement from last loop:    -0.00 %
  Maximum violation of target distance:     3.082562
  Maximum violation of the constraints: .00000E+00
  All-type function value: .13922E+03

--------------------------------------------------------------------------------

  Moving worst molecules ... 
  Function value before moving molecules:   139.22355145635544     
  Type         1 molecules with non-zero contributions:    2.78%
  Moving         0 molecules of type         1
  New positions will be based on good molecules (movebadrandom is not set) 
   Moving:|0                                                        100%|
          ||
  Function value after moving molecules:   139.22355145635544     

--------------------------------------------------------------------------------

  Starting GENCAN loop:          356
  Scaling radii by:    1.0000000000000000     

  Packing:|0                                                        100%|
          |

  Function value from last GENCAN loop: f = .13922E+03
  Best function value before: f = .13922E+03
  Improvement from best function value:    -0.00 %
  Improvement from last loop:    -0.00 %
  Maximum violation of target distance:     3.082562
  Maximum violation of the constraints: .00000E+00
  All-type function value: .13922E+03

--------------------------------------------------------------------------------

  Moving worst molecules ... 
  Function value before moving molecules:   139.22355145635544     
  Type         1 molecules with non-zero contributions:    2.78%
  Moving         0 molecules of type         1
  New positions will be based on good molecules (movebadrandom is not set) 
   Moving:|0                                                        100%|
          ||
  Function value after moving molecules:   139.22355145635544     

--------------------------------------------------------------------------------

  Starting GENCAN loop:          357
  Scaling radii by:    1.0000000000000000     

  Packing:|0                                                        100%|
          |

  Function value from last GENCAN loop: f = .13922E+03
  Best function value before: f = .13922E+03
  Improvement from best function value:    -0.00 %
  Improvement from last loop:    -0.00 %
  Maximum violation of target distance:     3.082562
  Maximum violation of the constraints: .00000E+00
  All-type function value: .13922E+03

--------------------------------------------------------------------------------

  Moving worst molecules ... 
  Function value before moving molecules:   139.22355145635544     
  Type         1 molecules with non-zero contributions:    2.78%
  Moving         0 molecules of type         1
  New positions will be based on good molecules (movebadrandom is not set) 
   Moving:|0                                                        100%|
          ||
  Function value after moving molecules:   139.22355145635544     

--------------------------------------------------------------------------------

  Starting GENCAN loop:          358
  Scaling radii by:    1.0000000000000000     

  Packing:|0                                                        100%|
          |

  Function value from last GENCAN loop: f = .13922E+03
  Best function value before: f = .13922E+03
  Improvement from best function value:    -0.00 %
  Improvement from last loop:    -0.00 %
  Maximum violation of target distance:     3.082562
  Maximum violation of the constraints: .00000E+00
  All-type function value: .13922E+03

--------------------------------------------------------------------------------

  Moving worst molecules ... 
  Function value before moving molecules:   139.22355145635544     
  Type         1 molecules with non-zero contributions:    2.78%
  Moving         0 molecules of type         1
  New positions will be based on good molecules (movebadrandom is not set) 
   Moving:|0                                                        100%|
          ||
  Function value after moving molecules:   139.22355145635544     

--------------------------------------------------------------------------------

  Starting GENCAN loop:          359
  Scaling radii by:    1.0000000000000000     

  Packing:|0                                                        100%|
          |

  Function value from last GENCAN loop: f = .13922E+03
  Best function value before: f = .13922E+03
  Improvement from best function value:    -0.00 %
  Improvement from last loop:    -0.00 %
  Maximum violation of target distance:     3.082562
  Maximum violation of the constraints: .00000E+00
  All-type function value: .13922E+03

--------------------------------------------------------------------------------

  Moving worst molecules ... 
  Function value before moving molecules:   139.22355145635544     
  Type         1 molecules with non-zero contributions:    2.78%
  Moving         0 molecules of type         1
  New positions will be based on good molecules (movebadrandom is not set) 
   Moving:|0                                                        100%|
          ||
  Function value after moving molecules:   139.22355145635544     

--------------------------------------------------------------------------------

  Starting GENCAN loop:          360
  Scaling radii by:    1.0000000000000000     

  Packing:|0                                                        100%|
          |

  Function value from last GENCAN loop: f = .13922E+03
  Best function value before: f = .13922E+03
  Improvement from best function value:    -0.00 %
  Improvement from last loop:    -0.00 %
  Maximum violation of target distance:     3.082562
  Maximum violation of the constraints: .00000E+00
  All-type function value: .13922E+03

--------------------------------------------------------------------------------

  Moving worst molecules ... 
  Function value before moving molecules:   139.22355145635544     
  Type         1 molecules with non-zero contributions:    2.78%
  Moving         0 molecules of type         1
  New positions will be based on good molecules (movebadrandom is not set) 
   Moving:|0                                                        100%|
          ||
  Function value after moving molecules:   139.22355145635544     

--------------------------------------------------------------------------------

  Starting GENCAN loop:          361
  Scaling radii by:    1.0000000000000000     

  Packing:|0                                                        100%|
          |

  Function value from last GENCAN loop: f = .13922E+03
  Best function value before: f = .13922E+03
  Improvement from best function value:    -0.00 %
  Improvement from last loop:    -0.00 %
  Maximum violation of target distance:     3.082562
  Maximum violation of the constraints: .00000E+00
  All-type function value: .13922E+03

--------------------------------------------------------------------------------

  Moving worst molecules ... 
  Function value before moving molecules:   139.22355145635544     
  Type         1 molecules with non-zero contributions:    2.78%
  Moving         0 molecules of type         1
  New positions will be based on good molecules (movebadrandom is not set) 
   Moving:|0                                                        100%|
          ||
  Function value after moving molecules:   139.22355145635544     

--------------------------------------------------------------------------------

  Starting GENCAN loop:          362
  Scaling radii by:    1.0000000000000000     

  Packing:|0                                                        100%|
          |

  Function value from last GENCAN loop: f = .13922E+03
  Best function value before: f = .13922E+03
  Improvement from best function value:    -0.00 %
  Improvement from last loop:    -0.00 %
  Maximum violation of target distance:     3.082562
  Maximum violation of the constraints: .00000E+00
  All-type function value: .13922E+03

--------------------------------------------------------------------------------

  Moving worst molecules ... 
  Function value before moving molecules:   139.22355145635544     
  Type         1 molecules with non-zero contributions:    2.78%
  Moving         0 molecules of type         1
  New positions will be based on good molecules (movebadrandom is not set) 
   Moving:|0                                                        100%|
          ||
  Function value after moving molecules:   139.22355145635544     

--------------------------------------------------------------------------------

  Starting GENCAN loop:          363
  Scaling radii by:    1.0000000000000000     

  Packing:|0                                                        100%|
          |

  Function value from last GENCAN loop: f = .13922E+03
  Best function value before: f = .13922E+03
  Improvement from best function value:    -0.00 %
  Improvement from last loop:    -0.00 %
  Maximum violation of target distance:     3.082562
  Maximum violation of the constraints: .00000E+00
  All-type function value: .13922E+03

--------------------------------------------------------------------------------

  Moving worst molecules ... 
  Function value before moving molecules:   139.22355145635544     
  Type         1 molecules with non-zero contributions:    2.78%
  Moving         0 molecules of type         1
  New positions will be based on good molecules (movebadrandom is not set) 
   Moving:|0                                                        100%|
          ||
  Function value after moving molecules:   139.22355145635544     

--------------------------------------------------------------------------------

  Starting GENCAN loop:          364
  Scaling radii by:    1.0000000000000000     

  Packing:|0                                                        100%|
          |

  Function value from last GENCAN loop: f = .13922E+03
  Best function value before: f = .13922E+03
  Improvement from best function value:    -0.00 %
  Improvement from last loop:    -0.00 %
  Maximum violation of target distance:     3.082562
  Maximum violation of the constraints: .00000E+00
  All-type function value: .13922E+03

--------------------------------------------------------------------------------

  Moving worst molecules ... 
  Function value before moving molecules:   139.22355145635544     
  Type         1 molecules with non-zero contributions:    2.78%
  Moving         0 molecules of type         1
  New positions will be based on good molecules (movebadrandom is not set) 
   Moving:|0                                                        100%|
          ||
  Function value after moving molecules:   139.22355145635544     

--------------------------------------------------------------------------------

  Starting GENCAN loop:          365
  Scaling radii by:    1.0000000000000000     

  Packing:|0                                                        100%|
          |

  Function value from last GENCAN loop: f = .13922E+03
  Best function value before: f = .13922E+03
  Improvement from best function value:    -0.00 %
  Improvement from last loop:    -0.00 %
  Maximum violation of target distance:     3.082562
  Maximum violation of the constraints: .00000E+00
  All-type function value: .13922E+03

--------------------------------------------------------------------------------

  Moving worst molecules ... 
  Function value before moving molecules:   139.22355145635544     
  Type         1 molecules with non-zero contributions:    2.78%
  Moving         0 molecules of type         1
  New positions will be based on good molecules (movebadrandom is not set) 
   Moving:|0                                                        100%|
          ||
  Function value after moving molecules:   139.22355145635544     

--------------------------------------------------------------------------------

  Starting GENCAN loop:          366
  Scaling radii by:    1.0000000000000000     

  Packing:|0                                                        100%|
          |

  Function value from last GENCAN loop: f = .13922E+03
  Best function value before: f = .13922E+03
  Improvement from best function value:    -0.00 %
  Improvement from last loop:    -0.00 %
  Maximum violation of target distance:     3.082562
  Maximum violation of the constraints: .00000E+00
  All-type function value: .13922E+03

--------------------------------------------------------------------------------

  Moving worst molecules ... 
  Function value before moving molecules:   139.22355145635544     
  Type         1 molecules with non-zero contributions:    2.78%
  Moving         0 molecules of type         1
  New positions will be based on good molecules (movebadrandom is not set) 
   Moving:|0                                                        100%|
          ||
  Function value after moving molecules:   139.22355145635544     

--------------------------------------------------------------------------------

  Starting GENCAN loop:          367
  Scaling radii by:    1.0000000000000000     

  Packing:|0                                                        100%|
          |

  Function value from last GENCAN loop: f = .13922E+03
  Best function value before: f = .13922E+03
  Improvement from best function value:    -0.00 %
  Improvement from last loop:    -0.00 %
  Maximum violation of target distance:     3.082562
  Maximum violation of the constraints: .00000E+00
  All-type function value: .13922E+03

--------------------------------------------------------------------------------

  Moving worst molecules ... 
  Function value before moving molecules:   139.22355145635544     
  Type         1 molecules with non-zero contributions:    2.78%
  Moving         0 molecules of type         1
  New positions will be based on good molecules (movebadrandom is not set) 
   Moving:|0                                                        100%|
          ||
  Function value after moving molecules:   139.22355145635544     

--------------------------------------------------------------------------------

  Starting GENCAN loop:          368
  Scaling radii by:    1.0000000000000000     

  Packing:|0                                                        100%|
          |

  Function value from last GENCAN loop: f = .13922E+03
  Best function value before: f = .13922E+03
  Improvement from best function value:    -0.00 %
  Improvement from last loop:    -0.00 %
  Maximum violation of target distance:     3.082562
  Maximum violation of the constraints: .00000E+00
  All-type function value: .13922E+03

--------------------------------------------------------------------------------

  Moving worst molecules ... 
  Function value before moving molecules:   139.22355145635544     
  Type         1 molecules with non-zero contributions:    2.78%
  Moving         0 molecules of type         1
  New positions will be based on good molecules (movebadrandom is not set) 
   Moving:|0                                                        100%|
          ||
  Function value after moving molecules:   139.22355145635544     

--------------------------------------------------------------------------------

  Starting GENCAN loop:          369
  Scaling radii by:    1.0000000000000000     

  Packing:|0                                                        100%|
          |

  Function value from last GENCAN loop: f = .13922E+03
  Best function value before: f = .13922E+03
  Improvement from best function value:    -0.00 %
  Improvement from last loop:    -0.00 %
  Maximum violation of target distance:     3.082562
  Maximum violation of the constraints: .00000E+00
  All-type function value: .13922E+03

--------------------------------------------------------------------------------

  Moving worst molecules ... 
  Function value before moving molecules:   139.22355145635544     
  Type         1 molecules with non-zero contributions:    2.78%
  Moving         0 molecules of type         1
  New positions will be based on good molecules (movebadrandom is not set) 
   Moving:|0                                                        100%|
          ||
  Function value after moving molecules:   139.22355145635544     

--------------------------------------------------------------------------------

  Starting GENCAN loop:          370
  Scaling radii by:    1.0000000000000000     

  Packing:|0                                                        100%|
          |

  Function value from last GENCAN loop: f = .13922E+03
  Best function value before: f = .13922E+03
  Improvement from best function value:    -0.00 %
  Improvement from last loop:    -0.00 %
  Maximum violation of target distance:     3.082562
  Maximum violation of the constraints: .00000E+00
  All-type function value: .13922E+03

--------------------------------------------------------------------------------

  Moving worst molecules ... 
  Function value before moving molecules:   139.22355145635544     
  Type         1 molecules with non-zero contributions:    2.78%
  Moving         0 molecules of type         1
  New positions will be based on good molecules (movebadrandom is not set) 
   Moving:|0                                                        100%|
          ||
  Function value after moving molecules:   139.22355145635544     

--------------------------------------------------------------------------------

  Starting GENCAN loop:          371
  Scaling radii by:    1.0000000000000000     

  Packing:|0                                                        100%|
          |

  Function value from last GENCAN loop: f = .13922E+03
  Best function value before: f = .13922E+03
  Improvement from best function value:    -0.00 %
  Improvement from last loop:    -0.00 %
  Maximum violation of target distance:     3.082562
  Maximum violation of the constraints: .00000E+00
  All-type function value: .13922E+03

--------------------------------------------------------------------------------

  Moving worst molecules ... 
  Function value before moving molecules:   139.22355145635544     
  Type         1 molecules with non-zero contributions:    2.78%
  Moving         0 molecules of type         1
  New positions will be based on good molecules (movebadrandom is not set) 
   Moving:|0                                                        100%|
          ||
  Function value after moving molecules:   139.22355145635544     

--------------------------------------------------------------------------------

  Starting GENCAN loop:          372
  Scaling radii by:    1.0000000000000000     

  Packing:|0                                                        100%|
          |

  Function value from last GENCAN loop: f = .13922E+03
  Best function value before: f = .13922E+03
  Improvement from best function value:    -0.00 %
  Improvement from last loop:    -0.00 %
  Maximum violation of target distance:     3.082562
  Maximum violation of the constraints: .00000E+00
  All-type function value: .13922E+03

--------------------------------------------------------------------------------

  Moving worst molecules ... 
  Function value before moving molecules:   139.22355145635544     
  Type         1 molecules with non-zero contributions:    2.78%
  Moving         0 molecules of type         1
  New positions will be based on good molecules (movebadrandom is not set) 
   Moving:|0                                                        100%|
          ||
  Function value after moving molecules:   139.22355145635544     

--------------------------------------------------------------------------------

  Starting GENCAN loop:          373
  Scaling radii by:    1.0000000000000000     

  Packing:|0                                                        100%|
          |

  Function value from last GENCAN loop: f = .13922E+03
  Best function value before: f = .13922E+03
  Improvement from best function value:    -0.00 %
  Improvement from last loop:    -0.00 %
  Maximum violation of target distance:     3.082562
  Maximum violation of the constraints: .00000E+00
  All-type function value: .13922E+03

--------------------------------------------------------------------------------

  Moving worst molecules ... 
  Function value before moving molecules:   139.22355145635544     
  Type         1 molecules with non-zero contributions:    2.78%
  Moving         0 molecules of type         1
  New positions will be based on good molecules (movebadrandom is not set) 
   Moving:|0                                                        100%|
          ||
  Function value after moving molecules:   139.22355145635544     

--------------------------------------------------------------------------------

  Starting GENCAN loop:          374
  Scaling radii by:    1.0000000000000000     

  Packing:|0                                                        100%|
          |

  Function value from last GENCAN loop: f = .13922E+03
  Best function value before: f = .13922E+03
  Improvement from best function value:    -0.00 %
  Improvement from last loop:    -0.00 %
  Maximum violation of target distance:     3.082562
  Maximum violation of the constraints: .00000E+00
  All-type function value: .13922E+03

--------------------------------------------------------------------------------

  Moving worst molecules ... 
  Function value before moving molecules:   139.22355145635544     
  Type         1 molecules with non-zero contributions:    2.78%
  Moving         0 molecules of type         1
  New positions will be based on good molecules (movebadrandom is not set) 
   Moving:|0                                                        100%|
          ||
  Function value after moving molecules:   139.22355145635544     

--------------------------------------------------------------------------------

  Starting GENCAN loop:          375
  Scaling radii by:    1.0000000000000000     

  Packing:|0                                                        100%|
          |

  Function value from last GENCAN loop: f = .13922E+03
  Best function value before: f = .13922E+03
  Improvement from best function value:    -0.00 %
  Improvement from last loop:    -0.00 %
  Maximum violation of target distance:     3.082562
  Maximum violation of the constraints: .00000E+00
  All-type function value: .13922E+03

--------------------------------------------------------------------------------

  Moving worst molecules ... 
  Function value before moving molecules:   139.22355145635544     
  Type         1 molecules with non-zero contributions:    2.78%
  Moving         0 molecules of type         1
  New positions will be based on good molecules (movebadrandom is not set) 
   Moving:|0                                                        100%|
          ||
  Function value after moving molecules:   139.22355145635544     

--------------------------------------------------------------------------------

  Starting GENCAN loop:          376
  Scaling radii by:    1.0000000000000000     

  Packing:|0                                                        100%|
          |

  Function value from last GENCAN loop: f = .13922E+03
  Best function value before: f = .13922E+03
  Improvement from best function value:    -0.00 %
  Improvement from last loop:    -0.00 %
  Maximum violation of target distance:     3.082562
  Maximum violation of the constraints: .00000E+00
  All-type function value: .13922E+03

--------------------------------------------------------------------------------

  Moving worst molecules ... 
  Function value before moving molecules:   139.22355145635544     
  Type         1 molecules with non-zero contributions:    2.78%
  Moving         0 molecules of type         1
  New positions will be based on good molecules (movebadrandom is not set) 
   Moving:|0                                                        100%|
          ||
  Function value after moving molecules:   139.22355145635544     

--------------------------------------------------------------------------------

  Starting GENCAN loop:          377
  Scaling radii by:    1.0000000000000000     

  Packing:|0                                                        100%|
          |

  Function value from last GENCAN loop: f = .13922E+03
  Best function value before: f = .13922E+03
  Improvement from best function value:    -0.00 %
  Improvement from last loop:    -0.00 %
  Maximum violation of target distance:     3.082562
  Maximum violation of the constraints: .00000E+00
  All-type function value: .13922E+03

--------------------------------------------------------------------------------

  Moving worst molecules ... 
  Function value before moving molecules:   139.22355145635544     
  Type         1 molecules with non-zero contributions:    2.78%
  Moving         0 molecules of type         1
  New positions will be based on good molecules (movebadrandom is not set) 
   Moving:|0                                                        100%|
          ||
  Function value after moving molecules:   139.22355145635544     

--------------------------------------------------------------------------------

  Starting GENCAN loop:          378
  Scaling radii by:    1.0000000000000000     

  Packing:|0                                                        100%|
          |

  Function value from last GENCAN loop: f = .13922E+03
  Best function value before: f = .13922E+03
  Improvement from best function value:    -0.00 %
  Improvement from last loop:    -0.00 %
  Maximum violation of target distance:     3.082562
  Maximum violation of the constraints: .00000E+00
  All-type function value: .13922E+03

--------------------------------------------------------------------------------

  Moving worst molecules ... 
  Function value before moving molecules:   139.22355145635544     
  Type         1 molecules with non-zero contributions:    2.78%
  Moving         0 molecules of type         1
  New positions will be based on good molecules (movebadrandom is not set) 
   Moving:|0                                                        100%|
          ||
  Function value after moving molecules:   139.22355145635544     

--------------------------------------------------------------------------------

  Starting GENCAN loop:          379
  Scaling radii by:    1.0000000000000000     

  Packing:|0                                                        100%|
          |

  Function value from last GENCAN loop: f = .13922E+03
  Best function value before: f = .13922E+03
  Improvement from best function value:    -0.00 %
  Improvement from last loop:    -0.00 %
  Maximum violation of target distance:     3.082562
  Maximum violation of the constraints: .00000E+00
  All-type function value: .13922E+03

--------------------------------------------------------------------------------

  Moving worst molecules ... 
  Function value before moving molecules:   139.22355145635544     
  Type         1 molecules with non-zero contributions:    2.78%
  Moving         0 molecules of type         1
  New positions will be based on good molecules (movebadrandom is not set) 
   Moving:|0                                                        100%|
          ||
  Function value after moving molecules:   139.22355145635544     

--------------------------------------------------------------------------------

  Starting GENCAN loop:          380
  Scaling radii by:    1.0000000000000000     

  Packing:|0                                                        100%|
          |

  Function value from last GENCAN loop: f = .13922E+03
  Best function value before: f = .13922E+03
  Improvement from best function value:    -0.00 %
  Improvement from last loop:    -0.00 %
  Maximum violation of target distance:     3.082562
  Maximum violation of the constraints: .00000E+00
  All-type function value: .13922E+03

--------------------------------------------------------------------------------

  Moving worst molecules ... 
  Function value before moving molecules:   139.22355145635544     
  Type         1 molecules with non-zero contributions:    2.78%
  Moving         0 molecules of type         1
  New positions will be based on good molecules (movebadrandom is not set) 
   Moving:|0                                                        100%|
          ||
  Function value after moving molecules:   139.22355145635544     

--------------------------------------------------------------------------------

  Starting GENCAN loop:          381
  Scaling radii by:    1.0000000000000000     

  Packing:|0                                                        100%|
          |

  Function value from last GENCAN loop: f = .13922E+03
  Best function value before: f = .13922E+03
  Improvement from best function value:    -0.00 %
  Improvement from last loop:    -0.00 %
  Maximum violation of target distance:     3.082562
  Maximum violation of the constraints: .00000E+00
  All-type function value: .13922E+03

--------------------------------------------------------------------------------

  Moving worst molecules ... 
  Function value before moving molecules:   139.22355145635544     
  Type         1 molecules with non-zero contributions:    2.78%
  Moving         0 molecules of type         1
  New positions will be based on good molecules (movebadrandom is not set) 
   Moving:|0                                                        100%|
          ||
  Function value after moving molecules:   139.22355145635544     

--------------------------------------------------------------------------------

  Starting GENCAN loop:          382
  Scaling radii by:    1.0000000000000000     

  Packing:|0                                                        100%|
          |

  Function value from last GENCAN loop: f = .13922E+03
  Best function value before: f = .13922E+03
  Improvement from best function value:    -0.00 %
  Improvement from last loop:    -0.00 %
  Maximum violation of target distance:     3.082562
  Maximum violation of the constraints: .00000E+00
  All-type function value: .13922E+03

--------------------------------------------------------------------------------

  Moving worst molecules ... 
  Function value before moving molecules:   139.22355145635544     
  Type         1 molecules with non-zero contributions:    2.78%
  Moving         0 molecules of type         1
  New positions will be based on good molecules (movebadrandom is not set) 
   Moving:|0                                                        100%|
          ||
  Function value after moving molecules:   139.22355145635544     

--------------------------------------------------------------------------------

  Starting GENCAN loop:          383
  Scaling radii by:    1.0000000000000000     

  Packing:|0                                                        100%|
          |

  Function value from last GENCAN loop: f = .13922E+03
  Best function value before: f = .13922E+03
  Improvement from best function value:    -0.00 %
  Improvement from last loop:    -0.00 %
  Maximum violation of target distance:     3.082562
  Maximum violation of the constraints: .00000E+00
  All-type function value: .13922E+03

--------------------------------------------------------------------------------

  Moving worst molecules ... 
  Function value before moving molecules:   139.22355145635544     
  Type         1 molecules with non-zero contributions:    2.78%
  Moving         0 molecules of type         1
  New positions will be based on good molecules (movebadrandom is not set) 
   Moving:|0                                                        100%|
          ||
  Function value after moving molecules:   139.22355145635544     

--------------------------------------------------------------------------------

  Starting GENCAN loop:          384
  Scaling radii by:    1.0000000000000000     

  Packing:|0                                                        100%|
          |

  Function value from last GENCAN loop: f = .13922E+03
  Best function value before: f = .13922E+03
  Improvement from best function value:    -0.00 %
  Improvement from last loop:    -0.00 %
  Maximum violation of target distance:     3.082562
  Maximum violation of the constraints: .00000E+00
  All-type function value: .13922E+03

--------------------------------------------------------------------------------

  Moving worst molecules ... 
  Function value before moving molecules:   139.22355145635544     
  Type         1 molecules with non-zero contributions:    2.78%
  Moving         0 molecules of type         1
  New positions will be based on good molecules (movebadrandom is not set) 
   Moving:|0                                                        100%|
          ||
  Function value after moving molecules:   139.22355145635544     

--------------------------------------------------------------------------------

  Starting GENCAN loop:          385
  Scaling radii by:    1.0000000000000000     

  Packing:|0                                                        100%|
          |

  Function value from last GENCAN loop: f = .13922E+03
  Best function value before: f = .13922E+03
  Improvement from best function value:    -0.00 %
  Improvement from last loop:    -0.00 %
  Maximum violation of target distance:     3.082562
  Maximum violation of the constraints: .00000E+00
  All-type function value: .13922E+03

--------------------------------------------------------------------------------

  Moving worst molecules ... 
  Function value before moving molecules:   139.22355145635544     
  Type         1 molecules with non-zero contributions:    2.78%
  Moving         0 molecules of type         1
  New positions will be based on good molecules (movebadrandom is not set) 
   Moving:|0                                                        100%|
          ||
  Function value after moving molecules:   139.22355145635544     

--------------------------------------------------------------------------------

  Starting GENCAN loop:          386
  Scaling radii by:    1.0000000000000000     

  Packing:|0                                                        100%|
          |

  Function value from last GENCAN loop: f = .13922E+03
  Best function value before: f = .13922E+03
  Improvement from best function value:    -0.00 %
  Improvement from last loop:    -0.00 %
  Maximum violation of target distance:     3.082562
  Maximum violation of the constraints: .00000E+00
  All-type function value: .13922E+03

--------------------------------------------------------------------------------

  Moving worst molecules ... 
  Function value before moving molecules:   139.22355145635544     
  Type         1 molecules with non-zero contributions:    2.78%
  Moving         0 molecules of type         1
  New positions will be based on good molecules (movebadrandom is not set) 
   Moving:|0                                                        100%|
          ||
  Function value after moving molecules:   139.22355145635544     

--------------------------------------------------------------------------------

  Starting GENCAN loop:          387
  Scaling radii by:    1.0000000000000000     

  Packing:|0                                                        100%|
          |

  Function value from last GENCAN loop: f = .13922E+03
  Best function value before: f = .13922E+03
  Improvement from best function value:    -0.00 %
  Improvement from last loop:    -0.00 %
  Maximum violation of target distance:     3.082562
  Maximum violation of the constraints: .00000E+00
  All-type function value: .13922E+03

--------------------------------------------------------------------------------

  Moving worst molecules ... 
  Function value before moving molecules:   139.22355145635544     
  Type         1 molecules with non-zero contributions:    2.78%
  Moving         0 molecules of type         1
  New positions will be based on good molecules (movebadrandom is not set) 
   Moving:|0                                                        100%|
          ||
  Function value after moving molecules:   139.22355145635544     

--------------------------------------------------------------------------------

  Starting GENCAN loop:          388
  Scaling radii by:    1.0000000000000000     

  Packing:|0                                                        100%|
          |

  Function value from last GENCAN loop: f = .13922E+03
  Best function value before: f = .13922E+03
  Improvement from best function value:    -0.00 %
  Improvement from last loop:    -0.00 %
  Maximum violation of target distance:     3.082562
  Maximum violation of the constraints: .00000E+00
  All-type function value: .13922E+03

--------------------------------------------------------------------------------

  Moving worst molecules ... 
  Function value before moving molecules:   139.22355145635544     
  Type         1 molecules with non-zero contributions:    2.78%
  Moving         0 molecules of type         1
  New positions will be based on good molecules (movebadrandom is not set) 
   Moving:|0                                                        100%|
          ||
  Function value after moving molecules:   139.22355145635544     

--------------------------------------------------------------------------------

  Starting GENCAN loop:          389
  Scaling radii by:    1.0000000000000000     

  Packing:|0                                                        100%|
          |

  Function value from last GENCAN loop: f = .13922E+03
  Best function value before: f = .13922E+03
  Improvement from best function value:    -0.00 %
  Improvement from last loop:    -0.00 %
  Maximum violation of target distance:     3.082562
  Maximum violation of the constraints: .00000E+00
  All-type function value: .13922E+03

--------------------------------------------------------------------------------

  Moving worst molecules ... 
  Function value before moving molecules:   139.22355145635544     
  Type         1 molecules with non-zero contributions:    2.78%
  Moving         0 molecules of type         1
  New positions will be based on good molecules (movebadrandom is not set) 
   Moving:|0                                                        100%|
          ||
  Function value after moving molecules:   139.22355145635544     

--------------------------------------------------------------------------------

  Starting GENCAN loop:          390
  Scaling radii by:    1.0000000000000000     

  Packing:|0                                                        100%|
          |

  Function value from last GENCAN loop: f = .13922E+03
  Best function value before: f = .13922E+03
  Improvement from best function value:    -0.00 %
  Improvement from last loop:    -0.00 %
  Maximum violation of target distance:     3.082562
  Maximum violation of the constraints: .00000E+00
  All-type function value: .13922E+03

--------------------------------------------------------------------------------

  Moving worst molecules ... 
  Function value before moving molecules:   139.22355145635544     
  Type         1 molecules with non-zero contributions:    2.78%
  Moving         0 molecules of type         1
  New positions will be based on good molecules (movebadrandom is not set) 
   Moving:|0                                                        100%|
          ||
  Function value after moving molecules:   139.22355145635544     

--------------------------------------------------------------------------------

  Starting GENCAN loop:          391
  Scaling radii by:    1.0000000000000000     

  Packing:|0                                                        100%|
          |

  Function value from last GENCAN loop: f = .13922E+03
  Best function value before: f = .13922E+03
  Improvement from best function value:    -0.00 %
  Improvement from last loop:    -0.00 %
  Maximum violation of target distance:     3.082562
  Maximum violation of the constraints: .00000E+00
  All-type function value: .13922E+03

--------------------------------------------------------------------------------

  Moving worst molecules ... 
  Function value before moving molecules:   139.22355145635544     
  Type         1 molecules with non-zero contributions:    2.78%
  Moving         0 molecules of type         1
  New positions will be based on good molecules (movebadrandom is not set) 
   Moving:|0                                                        100%|
          ||
  Function value after moving molecules:   139.22355145635544     

--------------------------------------------------------------------------------

  Starting GENCAN loop:          392
  Scaling radii by:    1.0000000000000000     

  Packing:|0                                                        100%|
          |

  Function value from last GENCAN loop: f = .13922E+03
  Best function value before: f = .13922E+03
  Improvement from best function value:    -0.00 %
  Improvement from last loop:    -0.00 %
  Maximum violation of target distance:     3.082562
  Maximum violation of the constraints: .00000E+00
  All-type function value: .13922E+03

--------------------------------------------------------------------------------

  Moving worst molecules ... 
  Function value before moving molecules:   139.22355145635544     
  Type         1 molecules with non-zero contributions:    2.78%
  Moving         0 molecules of type         1
  New positions will be based on good molecules (movebadrandom is not set) 
   Moving:|0                                                        100%|
          ||
  Function value after moving molecules:   139.22355145635544     

--------------------------------------------------------------------------------

  Starting GENCAN loop:          393
  Scaling radii by:    1.0000000000000000     

  Packing:|0                                                        100%|
          |

  Function value from last GENCAN loop: f = .13922E+03
  Best function value before: f = .13922E+03
  Improvement from best function value:    -0.00 %
  Improvement from last loop:    -0.00 %
  Maximum violation of target distance:     3.082562
  Maximum violation of the constraints: .00000E+00
  All-type function value: .13922E+03

--------------------------------------------------------------------------------

  Moving worst molecules ... 
  Function value before moving molecules:   139.22355145635544     
  Type         1 molecules with non-zero contributions:    2.78%
  Moving         0 molecules of type         1
  New positions will be based on good molecules (movebadrandom is not set) 
   Moving:|0                                                        100%|
          ||
  Function value after moving molecules:   139.22355145635544     

--------------------------------------------------------------------------------

  Starting GENCAN loop:          394
  Scaling radii by:    1.0000000000000000     

  Packing:|0                                                        100%|
          |

  Function value from last GENCAN loop: f = .13922E+03
  Best function value before: f = .13922E+03
  Improvement from best function value:    -0.00 %
  Improvement from last loop:    -0.00 %
  Maximum violation of target distance:     3.082562
  Maximum violation of the constraints: .00000E+00
  All-type function value: .13922E+03

--------------------------------------------------------------------------------

  Moving worst molecules ... 
  Function value before moving molecules:   139.22355145635544     
  Type         1 molecules with non-zero contributions:    2.78%
  Moving         0 molecules of type         1
  New positions will be based on good molecules (movebadrandom is not set) 
   Moving:|0                                                        100%|
          ||
  Function value after moving molecules:   139.22355145635544     

--------------------------------------------------------------------------------

  Starting GENCAN loop:          395
  Scaling radii by:    1.0000000000000000     

  Packing:|0                                                        100%|
          |

  Function value from last GENCAN loop: f = .13922E+03
  Best function value before: f = .13922E+03
  Improvement from best function value:    -0.00 %
  Improvement from last loop:    -0.00 %
  Maximum violation of target distance:     3.082562
  Maximum violation of the constraints: .00000E+00
  All-type function value: .13922E+03

--------------------------------------------------------------------------------

  Moving worst molecules ... 
  Function value before moving molecules:   139.22355145635544     
  Type         1 molecules with non-zero contributions:    2.78%
  Moving         0 molecules of type         1
  New positions will be based on good molecules (movebadrandom is not set) 
   Moving:|0                                                        100%|
          ||
  Function value after moving molecules:   139.22355145635544     

--------------------------------------------------------------------------------

  Starting GENCAN loop:          396
  Scaling radii by:    1.0000000000000000     

  Packing:|0                                                        100%|
          |

  Function value from last GENCAN loop: f = .13922E+03
  Best function value before: f = .13922E+03
  Improvement from best function value:    -0.00 %
  Improvement from last loop:    -0.00 %
  Maximum violation of target distance:     3.082562
  Maximum violation of the constraints: .00000E+00
  All-type function value: .13922E+03

--------------------------------------------------------------------------------

  Moving worst molecules ... 
  Function value before moving molecules:   139.22355145635544     
  Type         1 molecules with non-zero contributions:    2.78%
  Moving         0 molecules of type         1
  New positions will be based on good molecules (movebadrandom is not set) 
   Moving:|0                                                        100%|
          ||
  Function value after moving molecules:   139.22355145635544     

--------------------------------------------------------------------------------

  Starting GENCAN loop:          397
  Scaling radii by:    1.0000000000000000     

  Packing:|0                                                        100%|
          |

  Function value from last GENCAN loop: f = .13922E+03
  Best function value before: f = .13922E+03
  Improvement from best function value:    -0.00 %
  Improvement from last loop:    -0.00 %
  Maximum violation of target distance:     3.082562
  Maximum violation of the constraints: .00000E+00
  All-type function value: .13922E+03

--------------------------------------------------------------------------------

  Moving worst molecules ... 
  Function value before moving molecules:   139.22355145635544     
  Type         1 molecules with non-zero contributions:    2.78%
  Moving         0 molecules of type         1
  New positions will be based on good molecules (movebadrandom is not set) 
   Moving:|0                                                        100%|
          ||
  Function value after moving molecules:   139.22355145635544     

--------------------------------------------------------------------------------

  Starting GENCAN loop:          398
  Scaling radii by:    1.0000000000000000     

  Packing:|0                                                        100%|
          |

  Function value from last GENCAN loop: f = .13922E+03
  Best function value before: f = .13922E+03
  Improvement from best function value:    -0.00 %
  Improvement from last loop:    -0.00 %
  Maximum violation of target distance:     3.082562
  Maximum violation of the constraints: .00000E+00
  All-type function value: .13922E+03

--------------------------------------------------------------------------------

  Moving worst molecules ... 
  Function value before moving molecules:   139.22355145635544     
  Type         1 molecules with non-zero contributions:    2.78%
  Moving         0 molecules of type         1
  New positions will be based on good molecules (movebadrandom is not set) 
   Moving:|0                                                        100%|
          ||
  Function value after moving molecules:   139.22355145635544     

--------------------------------------------------------------------------------

  Starting GENCAN loop:          399
  Scaling radii by:    1.0000000000000000     

  Packing:|0                                                        100%|
          |

  Function value from last GENCAN loop: f = .13922E+03
  Best function value before: f = .13922E+03
  Improvement from best function value:    -0.00 %
  Improvement from last loop:    -0.00 %
  Maximum violation of target distance:     3.082562
  Maximum violation of the constraints: .00000E+00
  All-type function value: .13922E+03

--------------------------------------------------------------------------------

  Moving worst molecules ... 
  Function value before moving molecules:   139.22355145635544     
  Type         1 molecules with non-zero contributions:    2.78%
  Moving         0 molecules of type         1
  New positions will be based on good molecules (movebadrandom is not set) 
   Moving:|0                                                        100%|
          ||
  Function value after moving molecules:   139.22355145635544     

--------------------------------------------------------------------------------

  Starting GENCAN loop:          400
  Scaling radii by:    1.0000000000000000     

  Packing:|0                                                        100%|
          |

  Function value from last GENCAN loop: f = .13922E+03
  Best function value before: f = .13922E+03
  Improvement from best function value:    -0.00 %
  Improvement from last loop:    -0.00 %
  Maximum violation of target distance:     3.082562
  Maximum violation of the constraints: .00000E+00
  All-type function value: .13922E+03

--------------------------------------------------------------------------------

  Moving worst molecules ... 
  Function value before moving molecules:   139.22355145635544     
  Type         1 molecules with non-zero contributions:    2.78%
  Moving         0 molecules of type         1
  New positions will be based on good molecules (movebadrandom is not set) 
   Moving:|0                                                        100%|
          ||
  Function value after moving molecules:   139.22355145635544     

--------------------------------------------------------------------------------

  Starting GENCAN loop:          401
  Scaling radii by:    1.0000000000000000     

  Packing:|0                                                        100%|
          |

  Function value from last GENCAN loop: f = .13922E+03
  Best function value before: f = .13922E+03
  Improvement from best function value:    -0.00 %
  Improvement from last loop:    -0.00 %
  Maximum violation of target distance:     3.082562
  Maximum violation of the constraints: .00000E+00
  All-type function value: .13922E+03

--------------------------------------------------------------------------------

  Moving worst molecules ... 
  Function value before moving molecules:   139.22355145635544     
  Type         1 molecules with non-zero contributions:    2.78%
  Moving         0 molecules of type         1
  New positions will be based on good molecules (movebadrandom is not set) 
   Moving:|0                                                        100%|
          ||
  Function value after moving molecules:   139.22355145635544     

--------------------------------------------------------------------------------

  Starting GENCAN loop:          402
  Scaling radii by:    1.0000000000000000     

  Packing:|0                                                        100%|
          |

  Function value from last GENCAN loop: f = .13922E+03
  Best function value before: f = .13922E+03
  Improvement from best function value:    -0.00 %
  Improvement from last loop:    -0.00 %
  Maximum violation of target distance:     3.082562
  Maximum violation of the constraints: .00000E+00
  All-type function value: .13922E+03

--------------------------------------------------------------------------------

  Moving worst molecules ... 
  Function value before moving molecules:   139.22355145635544     
  Type         1 molecules with non-zero contributions:    2.78%
  Moving         0 molecules of type         1
  New positions will be based on good molecules (movebadrandom is not set) 
   Moving:|0                                                        100%|
          ||
  Function value after moving molecules:   139.22355145635544     

--------------------------------------------------------------------------------

  Starting GENCAN loop:          403
  Scaling radii by:    1.0000000000000000     

  Packing:|0                                                        100%|
          |

  Function value from last GENCAN loop: f = .13922E+03
  Best function value before: f = .13922E+03
  Improvement from best function value:    -0.00 %
  Improvement from last loop:    -0.00 %
  Maximum violation of target distance:     3.082562
  Maximum violation of the constraints: .00000E+00
  All-type function value: .13922E+03

--------------------------------------------------------------------------------

  Moving worst molecules ... 
  Function value before moving molecules:   139.22355145635544     
  Type         1 molecules with non-zero contributions:    2.78%
  Moving         0 molecules of type         1
  New positions will be based on good molecules (movebadrandom is not set) 
   Moving:|0                                                        100%|
          ||
  Function value after moving molecules:   139.22355145635544     

--------------------------------------------------------------------------------

  Starting GENCAN loop:          404
  Scaling radii by:    1.0000000000000000     

  Packing:|0                                                        100%|
          |

  Function value from last GENCAN loop: f = .13922E+03
  Best function value before: f = .13922E+03
  Improvement from best function value:    -0.00 %
  Improvement from last loop:    -0.00 %
  Maximum violation of target distance:     3.082562
  Maximum violation of the constraints: .00000E+00
  All-type function value: .13922E+03

--------------------------------------------------------------------------------

  Moving worst molecules ... 
  Function value before moving molecules:   139.22355145635544     
  Type         1 molecules with non-zero contributions:    2.78%
  Moving         0 molecules of type         1
  New positions will be based on good molecules (movebadrandom is not set) 
   Moving:|0                                                        100%|
          ||
  Function value after moving molecules:   139.22355145635544     

--------------------------------------------------------------------------------

  Starting GENCAN loop:          405
  Scaling radii by:    1.0000000000000000     

  Packing:|0                                                        100%|
          |

  Function value from last GENCAN loop: f = .13922E+03
  Best function value before: f = .13922E+03
  Improvement from best function value:    -0.00 %
  Improvement from last loop:    -0.00 %
  Maximum violation of target distance:     3.082562
  Maximum violation of the constraints: .00000E+00
  All-type function value: .13922E+03

--------------------------------------------------------------------------------

  Moving worst molecules ... 
  Function value before moving molecules:   139.22355145635544     
  Type         1 molecules with non-zero contributions:    2.78%
  Moving         0 molecules of type         1
  New positions will be based on good molecules (movebadrandom is not set) 
   Moving:|0                                                        100%|
          ||
  Function value after moving molecules:   139.22355145635544     

--------------------------------------------------------------------------------

  Starting GENCAN loop:          406
  Scaling radii by:    1.0000000000000000     

  Packing:|0                                                        100%|
          |

  Function value from last GENCAN loop: f = .13922E+03
  Best function value before: f = .13922E+03
  Improvement from best function value:    -0.00 %
  Improvement from last loop:    -0.00 %
  Maximum violation of target distance:     3.082562
  Maximum violation of the constraints: .00000E+00
  All-type function value: .13922E+03

--------------------------------------------------------------------------------

  Moving worst molecules ... 
  Function value before moving molecules:   139.22355145635544     
  Type         1 molecules with non-zero contributions:    2.78%
  Moving         0 molecules of type         1
  New positions will be based on good molecules (movebadrandom is not set) 
   Moving:|0                                                        100%|
          ||
  Function value after moving molecules:   139.22355145635544     

--------------------------------------------------------------------------------

  Starting GENCAN loop:          407
  Scaling radii by:    1.0000000000000000     

  Packing:|0                                                        100%|
          |

  Function value from last GENCAN loop: f = .13922E+03
  Best function value before: f = .13922E+03
  Improvement from best function value:    -0.00 %
  Improvement from last loop:    -0.00 %
  Maximum violation of target distance:     3.082562
  Maximum violation of the constraints: .00000E+00
  All-type function value: .13922E+03

--------------------------------------------------------------------------------

  Moving worst molecules ... 
  Function value before moving molecules:   139.22355145635544     
  Type         1 molecules with non-zero contributions:    2.78%
  Moving         0 molecules of type         1
  New positions will be based on good molecules (movebadrandom is not set) 
   Moving:|0                                                        100%|
          ||
  Function value after moving molecules:   139.22355145635544     

--------------------------------------------------------------------------------

  Starting GENCAN loop:          408
  Scaling radii by:    1.0000000000000000     

  Packing:|0                                                        100%|
          |

  Function value from last GENCAN loop: f = .13922E+03
  Best function value before: f = .13922E+03
  Improvement from best function value:    -0.00 %
  Improvement from last loop:    -0.00 %
  Maximum violation of target distance:     3.082562
  Maximum violation of the constraints: .00000E+00
  All-type function value: .13922E+03

--------------------------------------------------------------------------------

  Moving worst molecules ... 
  Function value before moving molecules:   139.22355145635544     
  Type         1 molecules with non-zero contributions:    2.78%
  Moving         0 molecules of type         1
  New positions will be based on good molecules (movebadrandom is not set) 
   Moving:|0                                                        100%|
          ||
  Function value after moving molecules:   139.22355145635544     

--------------------------------------------------------------------------------

  Starting GENCAN loop:          409
  Scaling radii by:    1.0000000000000000     

  Packing:|0                                                        100%|
          |

  Function value from last GENCAN loop: f = .13922E+03
  Best function value before: f = .13922E+03
  Improvement from best function value:    -0.00 %
  Improvement from last loop:    -0.00 %
  Maximum violation of target distance:     3.082562
  Maximum violation of the constraints: .00000E+00
  All-type function value: .13922E+03

--------------------------------------------------------------------------------

  Moving worst molecules ... 
  Function value before moving molecules:   139.22355145635544     
  Type         1 molecules with non-zero contributions:    2.78%
  Moving         0 molecules of type         1
  New positions will be based on good molecules (movebadrandom is not set) 
   Moving:|0                                                        100%|
          ||
  Function value after moving molecules:   139.22355145635544     

--------------------------------------------------------------------------------

  Starting GENCAN loop:          410
  Scaling radii by:    1.0000000000000000     

  Packing:|0                                                        100%|
          |

  Function value from last GENCAN loop: f = .13922E+03
  Best function value before: f = .13922E+03
  Improvement from best function value:    -0.00 %
  Improvement from last loop:    -0.00 %
  Maximum violation of target distance:     3.082562
  Maximum violation of the constraints: .00000E+00
  All-type function value: .13922E+03

--------------------------------------------------------------------------------

  Moving worst molecules ... 
  Function value before moving molecules:   139.22355145635544     
  Type         1 molecules with non-zero contributions:    2.78%
  Moving         0 molecules of type         1
  New positions will be based on good molecules (movebadrandom is not set) 
   Moving:|0                                                        100%|
          ||
  Function value after moving molecules:   139.22355145635544     

--------------------------------------------------------------------------------

  Starting GENCAN loop:          411
  Scaling radii by:    1.0000000000000000     

  Packing:|0                                                        100%|
          |

  Function value from last GENCAN loop: f = .13922E+03
  Best function value before: f = .13922E+03
  Improvement from best function value:    -0.00 %
  Improvement from last loop:    -0.00 %
  Maximum violation of target distance:     3.082562
  Maximum violation of the constraints: .00000E+00
  All-type function value: .13922E+03

--------------------------------------------------------------------------------

  Moving worst molecules ... 
  Function value before moving molecules:   139.22355145635544     
  Type         1 molecules with non-zero contributions:    2.78%
  Moving         0 molecules of type         1
  New positions will be based on good molecules (movebadrandom is not set) 
   Moving:|0                                                        100%|
          ||
  Function value after moving molecules:   139.22355145635544     

--------------------------------------------------------------------------------

  Starting GENCAN loop:          412
  Scaling radii by:    1.0000000000000000     

  Packing:|0                                                        100%|
          |

  Function value from last GENCAN loop: f = .13922E+03
  Best function value before: f = .13922E+03
  Improvement from best function value:    -0.00 %
  Improvement from last loop:    -0.00 %
  Maximum violation of target distance:     3.082562
  Maximum violation of the constraints: .00000E+00
  All-type function value: .13922E+03

--------------------------------------------------------------------------------

  Moving worst molecules ... 
  Function value before moving molecules:   139.22355145635544     
  Type         1 molecules with non-zero contributions:    2.78%
  Moving         0 molecules of type         1
  New positions will be based on good molecules (movebadrandom is not set) 
   Moving:|0                                                        100%|
          ||
  Function value after moving molecules:   139.22355145635544     

--------------------------------------------------------------------------------

  Starting GENCAN loop:          413
  Scaling radii by:    1.0000000000000000     

  Packing:|0                                                        100%|
          |

  Function value from last GENCAN loop: f = .13922E+03
  Best function value before: f = .13922E+03
  Improvement from best function value:    -0.00 %
  Improvement from last loop:    -0.00 %
  Maximum violation of target distance:     3.082562
  Maximum violation of the constraints: .00000E+00
  All-type function value: .13922E+03

--------------------------------------------------------------------------------

  Moving worst molecules ... 
  Function value before moving molecules:   139.22355145635544     
  Type         1 molecules with non-zero contributions:    2.78%
  Moving         0 molecules of type         1
  New positions will be based on good molecules (movebadrandom is not set) 
   Moving:|0                                                        100%|
          ||
  Function value after moving molecules:   139.22355145635544     

--------------------------------------------------------------------------------

  Starting GENCAN loop:          414
  Scaling radii by:    1.0000000000000000     

  Packing:|0                                                        100%|
          |

  Function value from last GENCAN loop: f = .13922E+03
  Best function value before: f = .13922E+03
  Improvement from best function value:    -0.00 %
  Improvement from last loop:    -0.00 %
  Maximum violation of target distance:     3.082562
  Maximum violation of the constraints: .00000E+00
  All-type function value: .13922E+03

--------------------------------------------------------------------------------

  Moving worst molecules ... 
  Function value before moving molecules:   139.22355145635544     
  Type         1 molecules with non-zero contributions:    2.78%
  Moving         0 molecules of type         1
  New positions will be based on good molecules (movebadrandom is not set) 
   Moving:|0                                                        100%|
          ||
  Function value after moving molecules:   139.22355145635544     

--------------------------------------------------------------------------------

  Starting GENCAN loop:          415
  Scaling radii by:    1.0000000000000000     

  Packing:|0                                                        100%|
          |

  Function value from last GENCAN loop: f = .13922E+03
  Best function value before: f = .13922E+03
  Improvement from best function value:    -0.00 %
  Improvement from last loop:    -0.00 %
  Maximum violation of target distance:     3.082562
  Maximum violation of the constraints: .00000E+00
  All-type function value: .13922E+03

--------------------------------------------------------------------------------

  Moving worst molecules ... 
  Function value before moving molecules:   139.22355145635544     
  Type         1 molecules with non-zero contributions:    2.78%
  Moving         0 molecules of type         1
  New positions will be based on good molecules (movebadrandom is not set) 
   Moving:|0                                                        100%|
          ||
  Function value after moving molecules:   139.22355145635544     

--------------------------------------------------------------------------------

  Starting GENCAN loop:          416
  Scaling radii by:    1.0000000000000000     

  Packing:|0                                                        100%|
          |

  Function value from last GENCAN loop: f = .13922E+03
  Best function value before: f = .13922E+03
  Improvement from best function value:    -0.00 %
  Improvement from last loop:    -0.00 %
  Maximum violation of target distance:     3.082562
  Maximum violation of the constraints: .00000E+00
  All-type function value: .13922E+03

--------------------------------------------------------------------------------

  Moving worst molecules ... 
  Function value before moving molecules:   139.22355145635544     
  Type         1 molecules with non-zero contributions:    2.78%
  Moving         0 molecules of type         1
  New positions will be based on good molecules (movebadrandom is not set) 
   Moving:|0                                                        100%|
          ||
  Function value after moving molecules:   139.22355145635544     

--------------------------------------------------------------------------------

  Starting GENCAN loop:          417
  Scaling radii by:    1.0000000000000000     

  Packing:|0                                                        100%|
          |

  Function value from last GENCAN loop: f = .13922E+03
  Best function value before: f = .13922E+03
  Improvement from best function value:    -0.00 %
  Improvement from last loop:    -0.00 %
  Maximum violation of target distance:     3.082562
  Maximum violation of the constraints: .00000E+00
  All-type function value: .13922E+03

--------------------------------------------------------------------------------

  Moving worst molecules ... 
  Function value before moving molecules:   139.22355145635544     
  Type         1 molecules with non-zero contributions:    2.78%
  Moving         0 molecules of type         1
  New positions will be based on good molecules (movebadrandom is not set) 
   Moving:|0                                                        100%|
          ||
  Function value after moving molecules:   139.22355145635544     

--------------------------------------------------------------------------------

  Starting GENCAN loop:          418
  Scaling radii by:    1.0000000000000000     

  Packing:|0                                                        100%|
          |

  Function value from last GENCAN loop: f = .13922E+03
  Best function value before: f = .13922E+03
  Improvement from best function value:    -0.00 %
  Improvement from last loop:    -0.00 %
  Maximum violation of target distance:     3.082562
  Maximum violation of the constraints: .00000E+00
  All-type function value: .13922E+03

--------------------------------------------------------------------------------

  Moving worst molecules ... 
  Function value before moving molecules:   139.22355145635544     
  Type         1 molecules with non-zero contributions:    2.78%
  Moving         0 molecules of type         1
  New positions will be based on good molecules (movebadrandom is not set) 
   Moving:|0                                                        100%|
          ||
  Function value after moving molecules:   139.22355145635544     

--------------------------------------------------------------------------------

  Starting GENCAN loop:          419
  Scaling radii by:    1.0000000000000000     

  Packing:|0                                                        100%|
          |

  Function value from last GENCAN loop: f = .13922E+03
  Best function value before: f = .13922E+03
  Improvement from best function value:    -0.00 %
  Improvement from last loop:    -0.00 %
  Maximum violation of target distance:     3.082562
  Maximum violation of the constraints: .00000E+00
  All-type function value: .13922E+03

--------------------------------------------------------------------------------

  Moving worst molecules ... 
  Function value before moving molecules:   139.22355145635544     
  Type         1 molecules with non-zero contributions:    2.78%
  Moving         0 molecules of type         1
  New positions will be based on good molecules (movebadrandom is not set) 
   Moving:|0                                                        100%|
          ||
  Function value after moving molecules:   139.22355145635544     

--------------------------------------------------------------------------------

  Starting GENCAN loop:          420
  Scaling radii by:    1.0000000000000000     

  Packing:|0                                                        100%|
          |

  Function value from last GENCAN loop: f = .13922E+03
  Best function value before: f = .13922E+03
  Improvement from best function value:    -0.00 %
  Improvement from last loop:    -0.00 %
  Maximum violation of target distance:     3.082562
  Maximum violation of the constraints: .00000E+00
  All-type function value: .13922E+03

--------------------------------------------------------------------------------

  Moving worst molecules ... 
  Function value before moving molecules:   139.22355145635544     
  Type         1 molecules with non-zero contributions:    2.78%
  Moving         0 molecules of type         1
  New positions will be based on good molecules (movebadrandom is not set) 
   Moving:|0                                                        100%|
          ||
  Function value after moving molecules:   139.22355145635544     

--------------------------------------------------------------------------------

  Starting GENCAN loop:          421
  Scaling radii by:    1.0000000000000000     

  Packing:|0                                                        100%|
          |

  Function value from last GENCAN loop: f = .13922E+03
  Best function value before: f = .13922E+03
  Improvement from best function value:    -0.00 %
  Improvement from last loop:    -0.00 %
  Maximum violation of target distance:     3.082562
  Maximum violation of the constraints: .00000E+00
  All-type function value: .13922E+03

--------------------------------------------------------------------------------

  Moving worst molecules ... 
  Function value before moving molecules:   139.22355145635544     
  Type         1 molecules with non-zero contributions:    2.78%
  Moving         0 molecules of type         1
  New positions will be based on good molecules (movebadrandom is not set) 
   Moving:|0                                                        100%|
          ||
  Function value after moving molecules:   139.22355145635544     

--------------------------------------------------------------------------------

  Starting GENCAN loop:          422
  Scaling radii by:    1.0000000000000000     

  Packing:|0                                                        100%|
          |

  Function value from last GENCAN loop: f = .13922E+03
  Best function value before: f = .13922E+03
  Improvement from best function value:    -0.00 %
  Improvement from last loop:    -0.00 %
  Maximum violation of target distance:     3.082562
  Maximum violation of the constraints: .00000E+00
  All-type function value: .13922E+03

--------------------------------------------------------------------------------

  Moving worst molecules ... 
  Function value before moving molecules:   139.22355145635544     
  Type         1 molecules with non-zero contributions:    2.78%
  Moving         0 molecules of type         1
  New positions will be based on good molecules (movebadrandom is not set) 
   Moving:|0                                                        100%|
          ||
  Function value after moving molecules:   139.22355145635544     

--------------------------------------------------------------------------------

  Starting GENCAN loop:          423
  Scaling radii by:    1.0000000000000000     

  Packing:|0                                                        100%|
          |

  Function value from last GENCAN loop: f = .13922E+03
  Best function value before: f = .13922E+03
  Improvement from best function value:    -0.00 %
  Improvement from last loop:    -0.00 %
  Maximum violation of target distance:     3.082562
  Maximum violation of the constraints: .00000E+00
  All-type function value: .13922E+03

--------------------------------------------------------------------------------

  Moving worst molecules ... 
  Function value before moving molecules:   139.22355145635544     
  Type         1 molecules with non-zero contributions:    2.78%
  Moving         0 molecules of type         1
  New positions will be based on good molecules (movebadrandom is not set) 
   Moving:|0                                                        100%|
          ||
  Function value after moving molecules:   139.22355145635544     

--------------------------------------------------------------------------------

  Starting GENCAN loop:          424
  Scaling radii by:    1.0000000000000000     

  Packing:|0                                                        100%|
          |

  Function value from last GENCAN loop: f = .13922E+03
  Best function value before: f = .13922E+03
  Improvement from best function value:    -0.00 %
  Improvement from last loop:    -0.00 %
  Maximum violation of target distance:     3.082562
  Maximum violation of the constraints: .00000E+00
  All-type function value: .13922E+03

--------------------------------------------------------------------------------

  Moving worst molecules ... 
  Function value before moving molecules:   139.22355145635544     
  Type         1 molecules with non-zero contributions:    2.78%
  Moving         0 molecules of type         1
  New positions will be based on good molecules (movebadrandom is not set) 
   Moving:|0                                                        100%|
          ||
  Function value after moving molecules:   139.22355145635544     

--------------------------------------------------------------------------------

  Starting GENCAN loop:          425
  Scaling radii by:    1.0000000000000000     

  Packing:|0                                                        100%|
          |

  Function value from last GENCAN loop: f = .13922E+03
  Best function value before: f = .13922E+03
  Improvement from best function value:    -0.00 %
  Improvement from last loop:    -0.00 %
  Maximum violation of target distance:     3.082562
  Maximum violation of the constraints: .00000E+00
  All-type function value: .13922E+03

--------------------------------------------------------------------------------

  Moving worst molecules ... 
  Function value before moving molecules:   139.22355145635544     
  Type         1 molecules with non-zero contributions:    2.78%
  Moving         0 molecules of type         1
  New positions will be based on good molecules (movebadrandom is not set) 
   Moving:|0                                                        100%|
          ||
  Function value after moving molecules:   139.22355145635544     

--------------------------------------------------------------------------------

  Starting GENCAN loop:          426
  Scaling radii by:    1.0000000000000000     

  Packing:|0                                                        100%|
          |

  Function value from last GENCAN loop: f = .13922E+03
  Best function value before: f = .13922E+03
  Improvement from best function value:    -0.00 %
  Improvement from last loop:    -0.00 %
  Maximum violation of target distance:     3.082562
  Maximum violation of the constraints: .00000E+00
  All-type function value: .13922E+03

--------------------------------------------------------------------------------

  Moving worst molecules ... 
  Function value before moving molecules:   139.22355145635544     
  Type         1 molecules with non-zero contributions:    2.78%
  Moving         0 molecules of type         1
  New positions will be based on good molecules (movebadrandom is not set) 
   Moving:|0                                                        100%|
          ||
  Function value after moving molecules:   139.22355145635544     

--------------------------------------------------------------------------------

  Starting GENCAN loop:          427
  Scaling radii by:    1.0000000000000000     

  Packing:|0                                                        100%|
          |

  Function value from last GENCAN loop: f = .13922E+03
  Best function value before: f = .13922E+03
  Improvement from best function value:    -0.00 %
  Improvement from last loop:    -0.00 %
  Maximum violation of target distance:     3.082562
  Maximum violation of the constraints: .00000E+00
  All-type function value: .13922E+03

--------------------------------------------------------------------------------

  Moving worst molecules ... 
  Function value before moving molecules:   139.22355145635544     
  Type         1 molecules with non-zero contributions:    2.78%
  Moving         0 molecules of type         1
  New positions will be based on good molecules (movebadrandom is not set) 
   Moving:|0                                                        100%|
          ||
  Function value after moving molecules:   139.22355145635544     

--------------------------------------------------------------------------------

  Starting GENCAN loop:          428
  Scaling radii by:    1.0000000000000000     

  Packing:|0                                                        100%|
          |

  Function value from last GENCAN loop: f = .13922E+03
  Best function value before: f = .13922E+03
  Improvement from best function value:    -0.00 %
  Improvement from last loop:    -0.00 %
  Maximum violation of target distance:     3.082562
  Maximum violation of the constraints: .00000E+00
  All-type function value: .13922E+03

--------------------------------------------------------------------------------

  Moving worst molecules ... 
  Function value before moving molecules:   139.22355145635544     
  Type         1 molecules with non-zero contributions:    2.78%
  Moving         0 molecules of type         1
  New positions will be based on good molecules (movebadrandom is not set) 
   Moving:|0                                                        100%|
          ||
  Function value after moving molecules:   139.22355145635544     

--------------------------------------------------------------------------------

  Starting GENCAN loop:          429
  Scaling radii by:    1.0000000000000000     

  Packing:|0                                                        100%|
          |

  Function value from last GENCAN loop: f = .13922E+03
  Best function value before: f = .13922E+03
  Improvement from best function value:    -0.00 %
  Improvement from last loop:    -0.00 %
  Maximum violation of target distance:     3.082562
  Maximum violation of the constraints: .00000E+00
  All-type function value: .13922E+03

--------------------------------------------------------------------------------

  Moving worst molecules ... 
  Function value before moving molecules:   139.22355145635544     
  Type         1 molecules with non-zero contributions:    2.78%
  Moving         0 molecules of type         1
  New positions will be based on good molecules (movebadrandom is not set) 
   Moving:|0                                                        100%|
          ||
  Function value after moving molecules:   139.22355145635544     

--------------------------------------------------------------------------------

  Starting GENCAN loop:          430
  Scaling radii by:    1.0000000000000000     

  Packing:|0                                                        100%|
          |

  Function value from last GENCAN loop: f = .13922E+03
  Best function value before: f = .13922E+03
  Improvement from best function value:    -0.00 %
  Improvement from last loop:    -0.00 %
  Maximum violation of target distance:     3.082562
  Maximum violation of the constraints: .00000E+00
  All-type function value: .13922E+03

--------------------------------------------------------------------------------

  Moving worst molecules ... 
  Function value before moving molecules:   139.22355145635544     
  Type         1 molecules with non-zero contributions:    2.78%
  Moving         0 molecules of type         1
  New positions will be based on good molecules (movebadrandom is not set) 
   Moving:|0                                                        100%|
          ||
  Function value after moving molecules:   139.22355145635544     

--------------------------------------------------------------------------------

  Starting GENCAN loop:          431
  Scaling radii by:    1.0000000000000000     

  Packing:|0                                                        100%|
          |

  Function value from last GENCAN loop: f = .13922E+03
  Best function value before: f = .13922E+03
  Improvement from best function value:    -0.00 %
  Improvement from last loop:    -0.00 %
  Maximum violation of target distance:     3.082562
  Maximum violation of the constraints: .00000E+00
  All-type function value: .13922E+03

--------------------------------------------------------------------------------

  Moving worst molecules ... 
  Function value before moving molecules:   139.22355145635544     
  Type         1 molecules with non-zero contributions:    2.78%
  Moving         0 molecules of type         1
  New positions will be based on good molecules (movebadrandom is not set) 
   Moving:|0                                                        100%|
          ||
  Function value after moving molecules:   139.22355145635544     

--------------------------------------------------------------------------------

  Starting GENCAN loop:          432
  Scaling radii by:    1.0000000000000000     

  Packing:|0                                                        100%|
          |

  Function value from last GENCAN loop: f = .13922E+03
  Best function value before: f = .13922E+03
  Improvement from best function value:    -0.00 %
  Improvement from last loop:    -0.00 %
  Maximum violation of target distance:     3.082562
  Maximum violation of the constraints: .00000E+00
  All-type function value: .13922E+03

--------------------------------------------------------------------------------

  Moving worst molecules ... 
  Function value before moving molecules:   139.22355145635544     
  Type         1 molecules with non-zero contributions:    2.78%
  Moving         0 molecules of type         1
  New positions will be based on good molecules (movebadrandom is not set) 
   Moving:|0                                                        100%|
          ||
  Function value after moving molecules:   139.22355145635544     

--------------------------------------------------------------------------------

  Starting GENCAN loop:          433
  Scaling radii by:    1.0000000000000000     

  Packing:|0                                                        100%|
          |

  Function value from last GENCAN loop: f = .13922E+03
  Best function value before: f = .13922E+03
  Improvement from best function value:    -0.00 %
  Improvement from last loop:    -0.00 %
  Maximum violation of target distance:     3.082562
  Maximum violation of the constraints: .00000E+00
  All-type function value: .13922E+03

--------------------------------------------------------------------------------

  Moving worst molecules ... 
  Function value before moving molecules:   139.22355145635544     
  Type         1 molecules with non-zero contributions:    2.78%
  Moving         0 molecules of type         1
  New positions will be based on good molecules (movebadrandom is not set) 
   Moving:|0                                                        100%|
          ||
  Function value after moving molecules:   139.22355145635544     

--------------------------------------------------------------------------------

  Starting GENCAN loop:          434
  Scaling radii by:    1.0000000000000000     

  Packing:|0                                                        100%|
          |

  Function value from last GENCAN loop: f = .13922E+03
  Best function value before: f = .13922E+03
  Improvement from best function value:    -0.00 %
  Improvement from last loop:    -0.00 %
  Maximum violation of target distance:     3.082562
  Maximum violation of the constraints: .00000E+00
  All-type function value: .13922E+03

--------------------------------------------------------------------------------

  Moving worst molecules ... 
  Function value before moving molecules:   139.22355145635544     
  Type         1 molecules with non-zero contributions:    2.78%
  Moving         0 molecules of type         1
  New positions will be based on good molecules (movebadrandom is not set) 
   Moving:|0                                                        100%|
          ||
  Function value after moving molecules:   139.22355145635544     

--------------------------------------------------------------------------------

  Starting GENCAN loop:          435
  Scaling radii by:    1.0000000000000000     

  Packing:|0                                                        100%|
          |

  Function value from last GENCAN loop: f = .13922E+03
  Best function value before: f = .13922E+03
  Improvement from best function value:    -0.00 %
  Improvement from last loop:    -0.00 %
  Maximum violation of target distance:     3.082562
  Maximum violation of the constraints: .00000E+00
  All-type function value: .13922E+03

--------------------------------------------------------------------------------

  Moving worst molecules ... 
  Function value before moving molecules:   139.22355145635544     
  Type         1 molecules with non-zero contributions:    2.78%
  Moving         0 molecules of type         1
  New positions will be based on good molecules (movebadrandom is not set) 
   Moving:|0                                                        100%|
          ||
  Function value after moving molecules:   139.22355145635544     

--------------------------------------------------------------------------------

  Starting GENCAN loop:          436
  Scaling radii by:    1.0000000000000000     

  Packing:|0                                                        100%|
          |

  Function value from last GENCAN loop: f = .13922E+03
  Best function value before: f = .13922E+03
  Improvement from best function value:    -0.00 %
  Improvement from last loop:    -0.00 %
  Maximum violation of target distance:     3.082562
  Maximum violation of the constraints: .00000E+00
  All-type function value: .13922E+03

--------------------------------------------------------------------------------

  Moving worst molecules ... 
  Function value before moving molecules:   139.22355145635544     
  Type         1 molecules with non-zero contributions:    2.78%
  Moving         0 molecules of type         1
  New positions will be based on good molecules (movebadrandom is not set) 
   Moving:|0                                                        100%|
          ||
  Function value after moving molecules:   139.22355145635544     

--------------------------------------------------------------------------------

  Starting GENCAN loop:          437
  Scaling radii by:    1.0000000000000000     

  Packing:|0                                                        100%|
          |

  Function value from last GENCAN loop: f = .13922E+03
  Best function value before: f = .13922E+03
  Improvement from best function value:    -0.00 %
  Improvement from last loop:    -0.00 %
  Maximum violation of target distance:     3.082562
  Maximum violation of the constraints: .00000E+00
  All-type function value: .13922E+03

--------------------------------------------------------------------------------

  Moving worst molecules ... 
  Function value before moving molecules:   139.22355145635544     
  Type         1 molecules with non-zero contributions:    2.78%
  Moving         0 molecules of type         1
  New positions will be based on good molecules (movebadrandom is not set) 
   Moving:|0                                                        100%|
          ||
  Function value after moving molecules:   139.22355145635544     

--------------------------------------------------------------------------------

  Starting GENCAN loop:          438
  Scaling radii by:    1.0000000000000000     

  Packing:|0                                                        100%|
          |

  Function value from last GENCAN loop: f = .13922E+03
  Best function value before: f = .13922E+03
  Improvement from best function value:    -0.00 %
  Improvement from last loop:    -0.00 %
  Maximum violation of target distance:     3.082562
  Maximum violation of the constraints: .00000E+00
  All-type function value: .13922E+03

--------------------------------------------------------------------------------

  Moving worst molecules ... 
  Function value before moving molecules:   139.22355145635544     
  Type         1 molecules with non-zero contributions:    2.78%
  Moving         0 molecules of type         1
  New positions will be based on good molecules (movebadrandom is not set) 
   Moving:|0                                                        100%|
          ||
  Function value after moving molecules:   139.22355145635544     

--------------------------------------------------------------------------------

  Starting GENCAN loop:          439
  Scaling radii by:    1.0000000000000000     

  Packing:|0                                                        100%|
          |

  Function value from last GENCAN loop: f = .13922E+03
  Best function value before: f = .13922E+03
  Improvement from best function value:    -0.00 %
  Improvement from last loop:    -0.00 %
  Maximum violation of target distance:     3.082562
  Maximum violation of the constraints: .00000E+00
  All-type function value: .13922E+03

--------------------------------------------------------------------------------

  Moving worst molecules ... 
  Function value before moving molecules:   139.22355145635544     
  Type         1 molecules with non-zero contributions:    2.78%
  Moving         0 molecules of type         1
  New positions will be based on good molecules (movebadrandom is not set) 
   Moving:|0                                                        100%|
          ||
  Function value after moving molecules:   139.22355145635544     

--------------------------------------------------------------------------------

  Starting GENCAN loop:          440
  Scaling radii by:    1.0000000000000000     

  Packing:|0                                                        100%|
          |

  Function value from last GENCAN loop: f = .13922E+03
  Best function value before: f = .13922E+03
  Improvement from best function value:    -0.00 %
  Improvement from last loop:    -0.00 %
  Maximum violation of target distance:     3.082562
  Maximum violation of the constraints: .00000E+00
  All-type function value: .13922E+03

--------------------------------------------------------------------------------

  Moving worst molecules ... 
  Function value before moving molecules:   139.22355145635544     
  Type         1 molecules with non-zero contributions:    2.78%
  Moving         0 molecules of type         1
  New positions will be based on good molecules (movebadrandom is not set) 
   Moving:|0                                                        100%|
          ||
  Function value after moving molecules:   139.22355145635544     

--------------------------------------------------------------------------------

  Starting GENCAN loop:          441
  Scaling radii by:    1.0000000000000000     

  Packing:|0                                                        100%|
          |

  Function value from last GENCAN loop: f = .13922E+03
  Best function value before: f = .13922E+03
  Improvement from best function value:    -0.00 %
  Improvement from last loop:    -0.00 %
  Maximum violation of target distance:     3.082562
  Maximum violation of the constraints: .00000E+00
  All-type function value: .13922E+03

--------------------------------------------------------------------------------

  Moving worst molecules ... 
  Function value before moving molecules:   139.22355145635544     
  Type         1 molecules with non-zero contributions:    2.78%
  Moving         0 molecules of type         1
  New positions will be based on good molecules (movebadrandom is not set) 
   Moving:|0                                                        100%|
          ||
  Function value after moving molecules:   139.22355145635544     

--------------------------------------------------------------------------------

  Starting GENCAN loop:          442
  Scaling radii by:    1.0000000000000000     

  Packing:|0                                                        100%|
          |

  Function value from last GENCAN loop: f = .13922E+03
  Best function value before: f = .13922E+03
  Improvement from best function value:    -0.00 %
  Improvement from last loop:    -0.00 %
  Maximum violation of target distance:     3.082562
  Maximum violation of the constraints: .00000E+00
  All-type function value: .13922E+03

--------------------------------------------------------------------------------

  Moving worst molecules ... 
  Function value before moving molecules:   139.22355145635544     
  Type         1 molecules with non-zero contributions:    2.78%
  Moving         0 molecules of type         1
  New positions will be based on good molecules (movebadrandom is not set) 
   Moving:|0                                                        100%|
          ||
  Function value after moving molecules:   139.22355145635544     

--------------------------------------------------------------------------------

  Starting GENCAN loop:          443
  Scaling radii by:    1.0000000000000000     

  Packing:|0                                                        100%|
          |

  Function value from last GENCAN loop: f = .13922E+03
  Best function value before: f = .13922E+03
  Improvement from best function value:    -0.00 %
  Improvement from last loop:    -0.00 %
  Maximum violation of target distance:     3.082562
  Maximum violation of the constraints: .00000E+00
  All-type function value: .13922E+03

--------------------------------------------------------------------------------

  Moving worst molecules ... 
  Function value before moving molecules:   139.22355145635544     
  Type         1 molecules with non-zero contributions:    2.78%
  Moving         0 molecules of type         1
  New positions will be based on good molecules (movebadrandom is not set) 
   Moving:|0                                                        100%|
          ||
  Function value after moving molecules:   139.22355145635544     

--------------------------------------------------------------------------------

  Starting GENCAN loop:          444
  Scaling radii by:    1.0000000000000000     

  Packing:|0                                                        100%|
          |

  Function value from last GENCAN loop: f = .13922E+03
  Best function value before: f = .13922E+03
  Improvement from best function value:    -0.00 %
  Improvement from last loop:    -0.00 %
  Maximum violation of target distance:     3.082562
  Maximum violation of the constraints: .00000E+00
  All-type function value: .13922E+03

--------------------------------------------------------------------------------

  Moving worst molecules ... 
  Function value before moving molecules:   139.22355145635544     
  Type         1 molecules with non-zero contributions:    2.78%
  Moving         0 molecules of type         1
  New positions will be based on good molecules (movebadrandom is not set) 
   Moving:|0                                                        100%|
          ||
  Function value after moving molecules:   139.22355145635544     

--------------------------------------------------------------------------------

  Starting GENCAN loop:          445
  Scaling radii by:    1.0000000000000000     

  Packing:|0                                                        100%|
          |

  Function value from last GENCAN loop: f = .13922E+03
  Best function value before: f = .13922E+03
  Improvement from best function value:    -0.00 %
  Improvement from last loop:    -0.00 %
  Maximum violation of target distance:     3.082562
  Maximum violation of the constraints: .00000E+00
  All-type function value: .13922E+03

--------------------------------------------------------------------------------

  Moving worst molecules ... 
  Function value before moving molecules:   139.22355145635544     
  Type         1 molecules with non-zero contributions:    2.78%
  Moving         0 molecules of type         1
  New positions will be based on good molecules (movebadrandom is not set) 
   Moving:|0                                                        100%|
          ||
  Function value after moving molecules:   139.22355145635544     

--------------------------------------------------------------------------------

  Starting GENCAN loop:          446
  Scaling radii by:    1.0000000000000000     

  Packing:|0                                                        100%|
          |

  Function value from last GENCAN loop: f = .13922E+03
  Best function value before: f = .13922E+03
  Improvement from best function value:    -0.00 %
  Improvement from last loop:    -0.00 %
  Maximum violation of target distance:     3.082562
  Maximum violation of the constraints: .00000E+00
  All-type function value: .13922E+03

--------------------------------------------------------------------------------

  Moving worst molecules ... 
  Function value before moving molecules:   139.22355145635544     
  Type         1 molecules with non-zero contributions:    2.78%
  Moving         0 molecules of type         1
  New positions will be based on good molecules (movebadrandom is not set) 
   Moving:|0                                                        100%|
          ||
  Function value after moving molecules:   139.22355145635544     

--------------------------------------------------------------------------------

  Starting GENCAN loop:          447
  Scaling radii by:    1.0000000000000000     

  Packing:|0                                                        100%|
          |

  Function value from last GENCAN loop: f = .13922E+03
  Best function value before: f = .13922E+03
  Improvement from best function value:    -0.00 %
  Improvement from last loop:    -0.00 %
  Maximum violation of target distance:     3.082562
  Maximum violation of the constraints: .00000E+00
  All-type function value: .13922E+03

--------------------------------------------------------------------------------

  Moving worst molecules ... 
  Function value before moving molecules:   139.22355145635544     
  Type         1 molecules with non-zero contributions:    2.78%
  Moving         0 molecules of type         1
  New positions will be based on good molecules (movebadrandom is not set) 
   Moving:|0                                                        100%|
          ||
  Function value after moving molecules:   139.22355145635544     

--------------------------------------------------------------------------------

  Starting GENCAN loop:          448
  Scaling radii by:    1.0000000000000000     

  Packing:|0                                                        100%|
          |

  Function value from last GENCAN loop: f = .13922E+03
  Best function value before: f = .13922E+03
  Improvement from best function value:    -0.00 %
  Improvement from last loop:    -0.00 %
  Maximum violation of target distance:     3.082562
  Maximum violation of the constraints: .00000E+00
  All-type function value: .13922E+03

--------------------------------------------------------------------------------

  Moving worst molecules ... 
  Function value before moving molecules:   139.22355145635544     
  Type         1 molecules with non-zero contributions:    2.78%
  Moving         0 molecules of type         1
  New positions will be based on good molecules (movebadrandom is not set) 
   Moving:|0                                                        100%|
          ||
  Function value after moving molecules:   139.22355145635544     

--------------------------------------------------------------------------------

  Starting GENCAN loop:          449
  Scaling radii by:    1.0000000000000000     

  Packing:|0                                                        100%|
          |

  Function value from last GENCAN loop: f = .13922E+03
  Best function value before: f = .13922E+03
  Improvement from best function value:    -0.00 %
  Improvement from last loop:    -0.00 %
  Maximum violation of target distance:     3.082562
  Maximum violation of the constraints: .00000E+00
  All-type function value: .13922E+03

--------------------------------------------------------------------------------

  Moving worst molecules ... 
  Function value before moving molecules:   139.22355145635544     
  Type         1 molecules with non-zero contributions:    2.78%
  Moving         0 molecules of type         1
  New positions will be based on good molecules (movebadrandom is not set) 
   Moving:|0                                                        100%|
          ||
  Function value after moving molecules:   139.22355145635544     

--------------------------------------------------------------------------------

  Starting GENCAN loop:          450
  Scaling radii by:    1.0000000000000000     

  Packing:|0                                                        100%|
          |

  Function value from last GENCAN loop: f = .13922E+03
  Best function value before: f = .13922E+03
  Improvement from best function value:    -0.00 %
  Improvement from last loop:    -0.00 %
  Maximum violation of target distance:     3.082562
  Maximum violation of the constraints: .00000E+00
  All-type function value: .13922E+03

--------------------------------------------------------------------------------

  Moving worst molecules ... 
  Function value before moving molecules:   139.22355145635544     
  Type         1 molecules with non-zero contributions:    2.78%
  Moving         0 molecules of type         1
  New positions will be based on good molecules (movebadrandom is not set) 
   Moving:|0                                                        100%|
          ||
  Function value after moving molecules:   139.22355145635544     

--------------------------------------------------------------------------------

  Starting GENCAN loop:          451
  Scaling radii by:    1.0000000000000000     

  Packing:|0                                                        100%|
          |

  Function value from last GENCAN loop: f = .13922E+03
  Best function value before: f = .13922E+03
  Improvement from best function value:    -0.00 %
  Improvement from last loop:    -0.00 %
  Maximum violation of target distance:     3.082562
  Maximum violation of the constraints: .00000E+00
  All-type function value: .13922E+03

--------------------------------------------------------------------------------

  Moving worst molecules ... 
  Function value before moving molecules:   139.22355145635544     
  Type         1 molecules with non-zero contributions:    2.78%
  Moving         0 molecules of type         1
  New positions will be based on good molecules (movebadrandom is not set) 
   Moving:|0                                                        100%|
          ||
  Function value after moving molecules:   139.22355145635544     

--------------------------------------------------------------------------------

  Starting GENCAN loop:          452
  Scaling radii by:    1.0000000000000000     

  Packing:|0                                                        100%|
          |

  Function value from last GENCAN loop: f = .13922E+03
  Best function value before: f = .13922E+03
  Improvement from best function value:    -0.00 %
  Improvement from last loop:    -0.00 %
  Maximum violation of target distance:     3.082562
  Maximum violation of the constraints: .00000E+00
  All-type function value: .13922E+03

--------------------------------------------------------------------------------

  Moving worst molecules ... 
  Function value before moving molecules:   139.22355145635544     
  Type         1 molecules with non-zero contributions:    2.78%
  Moving         0 molecules of type         1
  New positions will be based on good molecules (movebadrandom is not set) 
   Moving:|0                                                        100%|
          ||
  Function value after moving molecules:   139.22355145635544     

--------------------------------------------------------------------------------

  Starting GENCAN loop:          453
  Scaling radii by:    1.0000000000000000     

  Packing:|0                                                        100%|
          |

  Function value from last GENCAN loop: f = .13922E+03
  Best function value before: f = .13922E+03
  Improvement from best function value:    -0.00 %
  Improvement from last loop:    -0.00 %
  Maximum violation of target distance:     3.082562
  Maximum violation of the constraints: .00000E+00
  All-type function value: .13922E+03

--------------------------------------------------------------------------------

  Moving worst molecules ... 
  Function value before moving molecules:   139.22355145635544     
  Type         1 molecules with non-zero contributions:    2.78%
  Moving         0 molecules of type         1
  New positions will be based on good molecules (movebadrandom is not set) 
   Moving:|0                                                        100%|
          ||
  Function value after moving molecules:   139.22355145635544     

--------------------------------------------------------------------------------

  Starting GENCAN loop:          454
  Scaling radii by:    1.0000000000000000     

  Packing:|0                                                        100%|
          |

  Function value from last GENCAN loop: f = .13922E+03
  Best function value before: f = .13922E+03
  Improvement from best function value:    -0.00 %
  Improvement from last loop:    -0.00 %
  Maximum violation of target distance:     3.082562
  Maximum violation of the constraints: .00000E+00
  All-type function value: .13922E+03

--------------------------------------------------------------------------------

  Moving worst molecules ... 
  Function value before moving molecules:   139.22355145635544     
  Type         1 molecules with non-zero contributions:    2.78%
  Moving         0 molecules of type         1
  New positions will be based on good molecules (movebadrandom is not set) 
   Moving:|0                                                        100%|
          ||
  Function value after moving molecules:   139.22355145635544     

--------------------------------------------------------------------------------

  Starting GENCAN loop:          455
  Scaling radii by:    1.0000000000000000     

  Packing:|0                                                        100%|
          |

  Function value from last GENCAN loop: f = .13922E+03
  Best function value before: f = .13922E+03
  Improvement from best function value:    -0.00 %
  Improvement from last loop:    -0.00 %
  Maximum violation of target distance:     3.082562
  Maximum violation of the constraints: .00000E+00
  All-type function value: .13922E+03

--------------------------------------------------------------------------------

  Moving worst molecules ... 
  Function value before moving molecules:   139.22355145635544     
  Type         1 molecules with non-zero contributions:    2.78%
  Moving         0 molecules of type         1
  New positions will be based on good molecules (movebadrandom is not set) 
   Moving:|0                                                        100%|
          ||
  Function value after moving molecules:   139.22355145635544     

--------------------------------------------------------------------------------

  Starting GENCAN loop:          456
  Scaling radii by:    1.0000000000000000     

  Packing:|0                                                        100%|
          |

  Function value from last GENCAN loop: f = .13922E+03
  Best function value before: f = .13922E+03
  Improvement from best function value:    -0.00 %
  Improvement from last loop:    -0.00 %
  Maximum violation of target distance:     3.082562
  Maximum violation of the constraints: .00000E+00
  All-type function value: .13922E+03

--------------------------------------------------------------------------------

  Moving worst molecules ... 
  Function value before moving molecules:   139.22355145635544     
  Type         1 molecules with non-zero contributions:    2.78%
  Moving         0 molecules of type         1
  New positions will be based on good molecules (movebadrandom is not set) 
   Moving:|0                                                        100%|
          ||
  Function value after moving molecules:   139.22355145635544     

--------------------------------------------------------------------------------

  Starting GENCAN loop:          457
  Scaling radii by:    1.0000000000000000     

  Packing:|0                                                        100%|
          |

  Function value from last GENCAN loop: f = .13922E+03
  Best function value before: f = .13922E+03
  Improvement from best function value:    -0.00 %
  Improvement from last loop:    -0.00 %
  Maximum violation of target distance:     3.082562
  Maximum violation of the constraints: .00000E+00
  All-type function value: .13922E+03

--------------------------------------------------------------------------------

  Moving worst molecules ... 
  Function value before moving molecules:   139.22355145635544     
  Type         1 molecules with non-zero contributions:    2.78%
  Moving         0 molecules of type         1
  New positions will be based on good molecules (movebadrandom is not set) 
   Moving:|0                                                        100%|
          ||
  Function value after moving molecules:   139.22355145635544     

--------------------------------------------------------------------------------

  Starting GENCAN loop:          458
  Scaling radii by:    1.0000000000000000     

  Packing:|0                                                        100%|
          |

  Function value from last GENCAN loop: f = .13922E+03
  Best function value before: f = .13922E+03
  Improvement from best function value:    -0.00 %
  Improvement from last loop:    -0.00 %
  Maximum violation of target distance:     3.082562
  Maximum violation of the constraints: .00000E+00
  All-type function value: .13922E+03

--------------------------------------------------------------------------------

  Moving worst molecules ... 
  Function value before moving molecules:   139.22355145635544     
  Type         1 molecules with non-zero contributions:    2.78%
  Moving         0 molecules of type         1
  New positions will be based on good molecules (movebadrandom is not set) 
   Moving:|0                                                        100%|
          ||
  Function value after moving molecules:   139.22355145635544     

--------------------------------------------------------------------------------

  Starting GENCAN loop:          459
  Scaling radii by:    1.0000000000000000     

  Packing:|0                                                        100%|
          |

  Function value from last GENCAN loop: f = .13922E+03
  Best function value before: f = .13922E+03
  Improvement from best function value:    -0.00 %
  Improvement from last loop:    -0.00 %
  Maximum violation of target distance:     3.082562
  Maximum violation of the constraints: .00000E+00
  All-type function value: .13922E+03

--------------------------------------------------------------------------------

  Moving worst molecules ... 
  Function value before moving molecules:   139.22355145635544     
  Type         1 molecules with non-zero contributions:    2.78%
  Moving         0 molecules of type         1
  New positions will be based on good molecules (movebadrandom is not set) 
   Moving:|0                                                        100%|
          ||
  Function value after moving molecules:   139.22355145635544     

--------------------------------------------------------------------------------

  Starting GENCAN loop:          460
  Scaling radii by:    1.0000000000000000     

  Packing:|0                                                        100%|
          |

  Function value from last GENCAN loop: f = .13922E+03
  Best function value before: f = .13922E+03
  Improvement from best function value:    -0.00 %
  Improvement from last loop:    -0.00 %
  Maximum violation of target distance:     3.082562
  Maximum violation of the constraints: .00000E+00
  All-type function value: .13922E+03

--------------------------------------------------------------------------------

  Moving worst molecules ... 
  Function value before moving molecules:   139.22355145635544     
  Type         1 molecules with non-zero contributions:    2.78%
  Moving         0 molecules of type         1
  New positions will be based on good molecules (movebadrandom is not set) 
   Moving:|0                                                        100%|
          ||
  Function value after moving molecules:   139.22355145635544     

--------------------------------------------------------------------------------

  Starting GENCAN loop:          461
  Scaling radii by:    1.0000000000000000     

  Packing:|0                                                        100%|
          |

  Function value from last GENCAN loop: f = .13922E+03
  Best function value before: f = .13922E+03
  Improvement from best function value:    -0.00 %
  Improvement from last loop:    -0.00 %
  Maximum violation of target distance:     3.082562
  Maximum violation of the constraints: .00000E+00
  All-type function value: .13922E+03

--------------------------------------------------------------------------------

  Moving worst molecules ... 
  Function value before moving molecules:   139.22355145635544     
  Type         1 molecules with non-zero contributions:    2.78%
  Moving         0 molecules of type         1
  New positions will be based on good molecules (movebadrandom is not set) 
   Moving:|0                                                        100%|
          ||
  Function value after moving molecules:   139.22355145635544     

--------------------------------------------------------------------------------

  Starting GENCAN loop:          462
  Scaling radii by:    1.0000000000000000     

  Packing:|0                                                        100%|
          |

  Function value from last GENCAN loop: f = .13922E+03
  Best function value before: f = .13922E+03
  Improvement from best function value:    -0.00 %
  Improvement from last loop:    -0.00 %
  Maximum violation of target distance:     3.082562
  Maximum violation of the constraints: .00000E+00
  All-type function value: .13922E+03

--------------------------------------------------------------------------------

  Moving worst molecules ... 
  Function value before moving molecules:   139.22355145635544     
  Type         1 molecules with non-zero contributions:    2.78%
  Moving         0 molecules of type         1
  New positions will be based on good molecules (movebadrandom is not set) 
   Moving:|0                                                        100%|
          ||
  Function value after moving molecules:   139.22355145635544     

--------------------------------------------------------------------------------

  Starting GENCAN loop:          463
  Scaling radii by:    1.0000000000000000     

  Packing:|0                                                        100%|
          |

  Function value from last GENCAN loop: f = .13922E+03
  Best function value before: f = .13922E+03
  Improvement from best function value:    -0.00 %
  Improvement from last loop:    -0.00 %
  Maximum violation of target distance:     3.082562
  Maximum violation of the constraints: .00000E+00
  All-type function value: .13922E+03

--------------------------------------------------------------------------------

  Moving worst molecules ... 
  Function value before moving molecules:   139.22355145635544     
  Type         1 molecules with non-zero contributions:    2.78%
  Moving         0 molecules of type         1
  New positions will be based on good molecules (movebadrandom is not set) 
   Moving:|0                                                        100%|
          ||
  Function value after moving molecules:   139.22355145635544     

--------------------------------------------------------------------------------

  Starting GENCAN loop:          464
  Scaling radii by:    1.0000000000000000     

  Packing:|0                                                        100%|
          |

  Function value from last GENCAN loop: f = .13922E+03
  Best function value before: f = .13922E+03
  Improvement from best function value:    -0.00 %
  Improvement from last loop:    -0.00 %
  Maximum violation of target distance:     3.082562
  Maximum violation of the constraints: .00000E+00
  All-type function value: .13922E+03

--------------------------------------------------------------------------------

  Moving worst molecules ... 
  Function value before moving molecules:   139.22355145635544     
  Type         1 molecules with non-zero contributions:    2.78%
  Moving         0 molecules of type         1
  New positions will be based on good molecules (movebadrandom is not set) 
   Moving:|0                                                        100%|
          ||
  Function value after moving molecules:   139.22355145635544     

--------------------------------------------------------------------------------

  Starting GENCAN loop:          465
  Scaling radii by:    1.0000000000000000     

  Packing:|0                                                        100%|
          |

  Function value from last GENCAN loop: f = .13922E+03
  Best function value before: f = .13922E+03
  Improvement from best function value:    -0.00 %
  Improvement from last loop:    -0.00 %
  Maximum violation of target distance:     3.082562
  Maximum violation of the constraints: .00000E+00
  All-type function value: .13922E+03

--------------------------------------------------------------------------------

  Moving worst molecules ... 
  Function value before moving molecules:   139.22355145635544     
  Type         1 molecules with non-zero contributions:    2.78%
  Moving         0 molecules of type         1
  New positions will be based on good molecules (movebadrandom is not set) 
   Moving:|0                                                        100%|
          ||
  Function value after moving molecules:   139.22355145635544     

--------------------------------------------------------------------------------

  Starting GENCAN loop:          466
  Scaling radii by:    1.0000000000000000     

  Packing:|0                                                        100%|
          |

  Function value from last GENCAN loop: f = .13922E+03
  Best function value before: f = .13922E+03
  Improvement from best function value:    -0.00 %
  Improvement from last loop:    -0.00 %
  Maximum violation of target distance:     3.082562
  Maximum violation of the constraints: .00000E+00
  All-type function value: .13922E+03

--------------------------------------------------------------------------------

  Moving worst molecules ... 
  Function value before moving molecules:   139.22355145635544     
  Type         1 molecules with non-zero contributions:    2.78%
  Moving         0 molecules of type         1
  New positions will be based on good molecules (movebadrandom is not set) 
   Moving:|0                                                        100%|
          ||
  Function value after moving molecules:   139.22355145635544     

--------------------------------------------------------------------------------

  Starting GENCAN loop:          467
  Scaling radii by:    1.0000000000000000     

  Packing:|0                                                        100%|
          |

  Function value from last GENCAN loop: f = .13922E+03
  Best function value before: f = .13922E+03
  Improvement from best function value:    -0.00 %
  Improvement from last loop:    -0.00 %
  Maximum violation of target distance:     3.082562
  Maximum violation of the constraints: .00000E+00
  All-type function value: .13922E+03

--------------------------------------------------------------------------------

  Moving worst molecules ... 
  Function value before moving molecules:   139.22355145635544     
  Type         1 molecules with non-zero contributions:    2.78%
  Moving         0 molecules of type         1
  New positions will be based on good molecules (movebadrandom is not set) 
   Moving:|0                                                        100%|
          ||
  Function value after moving molecules:   139.22355145635544     

--------------------------------------------------------------------------------

  Starting GENCAN loop:          468
  Scaling radii by:    1.0000000000000000     

  Packing:|0                                                        100%|
          |

  Function value from last GENCAN loop: f = .13922E+03
  Best function value before: f = .13922E+03
  Improvement from best function value:    -0.00 %
  Improvement from last loop:    -0.00 %
  Maximum violation of target distance:     3.082562
  Maximum violation of the constraints: .00000E+00
  All-type function value: .13922E+03

--------------------------------------------------------------------------------

  Moving worst molecules ... 
  Function value before moving molecules:   139.22355145635544     
  Type         1 molecules with non-zero contributions:    2.78%
  Moving         0 molecules of type         1
  New positions will be based on good molecules (movebadrandom is not set) 
   Moving:|0                                                        100%|
          ||
  Function value after moving molecules:   139.22355145635544     

--------------------------------------------------------------------------------

  Starting GENCAN loop:          469
  Scaling radii by:    1.0000000000000000     

  Packing:|0                                                        100%|
          |

  Function value from last GENCAN loop: f = .13922E+03
  Best function value before: f = .13922E+03
  Improvement from best function value:    -0.00 %
  Improvement from last loop:    -0.00 %
  Maximum violation of target distance:     3.082562
  Maximum violation of the constraints: .00000E+00
  All-type function value: .13922E+03

--------------------------------------------------------------------------------

  Moving worst molecules ... 
  Function value before moving molecules:   139.22355145635544     
  Type         1 molecules with non-zero contributions:    2.78%
  Moving         0 molecules of type         1
  New positions will be based on good molecules (movebadrandom is not set) 
   Moving:|0                                                        100%|
          ||
  Function value after moving molecules:   139.22355145635544     

--------------------------------------------------------------------------------

  Starting GENCAN loop:          470
  Scaling radii by:    1.0000000000000000     

  Packing:|0                                                        100%|
          |

  Function value from last GENCAN loop: f = .13922E+03
  Best function value before: f = .13922E+03
  Improvement from best function value:    -0.00 %
  Improvement from last loop:    -0.00 %
  Maximum violation of target distance:     3.082562
  Maximum violation of the constraints: .00000E+00
  All-type function value: .13922E+03

--------------------------------------------------------------------------------

  Moving worst molecules ... 
  Function value before moving molecules:   139.22355145635544     
  Type         1 molecules with non-zero contributions:    2.78%
  Moving         0 molecules of type         1
  New positions will be based on good molecules (movebadrandom is not set) 
   Moving:|0                                                        100%|
          ||
  Function value after moving molecules:   139.22355145635544     

--------------------------------------------------------------------------------

  Starting GENCAN loop:          471
  Scaling radii by:    1.0000000000000000     

  Packing:|0                                                        100%|
          |

  Function value from last GENCAN loop: f = .13922E+03
  Best function value before: f = .13922E+03
  Improvement from best function value:    -0.00 %
  Improvement from last loop:    -0.00 %
  Maximum violation of target distance:     3.082562
  Maximum violation of the constraints: .00000E+00
  All-type function value: .13922E+03

--------------------------------------------------------------------------------

  Moving worst molecules ... 
  Function value before moving molecules:   139.22355145635544     
  Type         1 molecules with non-zero contributions:    2.78%
  Moving         0 molecules of type         1
  New positions will be based on good molecules (movebadrandom is not set) 
   Moving:|0                                                        100%|
          ||
  Function value after moving molecules:   139.22355145635544     

--------------------------------------------------------------------------------

  Starting GENCAN loop:          472
  Scaling radii by:    1.0000000000000000     

  Packing:|0                                                        100%|
          |

  Function value from last GENCAN loop: f = .13922E+03
  Best function value before: f = .13922E+03
  Improvement from best function value:    -0.00 %
  Improvement from last loop:    -0.00 %
  Maximum violation of target distance:     3.082562
  Maximum violation of the constraints: .00000E+00
  All-type function value: .13922E+03

--------------------------------------------------------------------------------

  Moving worst molecules ... 
  Function value before moving molecules:   139.22355145635544     
  Type         1 molecules with non-zero contributions:    2.78%
  Moving         0 molecules of type         1
  New positions will be based on good molecules (movebadrandom is not set) 
   Moving:|0                                                        100%|
          ||
  Function value after moving molecules:   139.22355145635544     

--------------------------------------------------------------------------------

  Starting GENCAN loop:          473
  Scaling radii by:    1.0000000000000000     

  Packing:|0                                                        100%|
          |

  Function value from last GENCAN loop: f = .13922E+03
  Best function value before: f = .13922E+03
  Improvement from best function value:    -0.00 %
  Improvement from last loop:    -0.00 %
  Maximum violation of target distance:     3.082562
  Maximum violation of the constraints: .00000E+00
  All-type function value: .13922E+03

--------------------------------------------------------------------------------

  Moving worst molecules ... 
  Function value before moving molecules:   139.22355145635544     
  Type         1 molecules with non-zero contributions:    2.78%
  Moving         0 molecules of type         1
  New positions will be based on good molecules (movebadrandom is not set) 
   Moving:|0                                                        100%|
          ||
  Function value after moving molecules:   139.22355145635544     

--------------------------------------------------------------------------------

  Starting GENCAN loop:          474
  Scaling radii by:    1.0000000000000000     

  Packing:|0                                                        100%|
          |

  Function value from last GENCAN loop: f = .13922E+03
  Best function value before: f = .13922E+03
  Improvement from best function value:    -0.00 %
  Improvement from last loop:    -0.00 %
  Maximum violation of target distance:     3.082562
  Maximum violation of the constraints: .00000E+00
  All-type function value: .13922E+03

--------------------------------------------------------------------------------

  Moving worst molecules ... 
  Function value before moving molecules:   139.22355145635544     
  Type         1 molecules with non-zero contributions:    2.78%
  Moving         0 molecules of type         1
  New positions will be based on good molecules (movebadrandom is not set) 
   Moving:|0                                                        100%|
          ||
  Function value after moving molecules:   139.22355145635544     

--------------------------------------------------------------------------------

  Starting GENCAN loop:          475
  Scaling radii by:    1.0000000000000000     

  Packing:|0                                                        100%|
          |

  Function value from last GENCAN loop: f = .13922E+03
  Best function value before: f = .13922E+03
  Improvement from best function value:    -0.00 %
  Improvement from last loop:    -0.00 %
  Maximum violation of target distance:     3.082562
  Maximum violation of the constraints: .00000E+00
  All-type function value: .13922E+03

--------------------------------------------------------------------------------

  Moving worst molecules ... 
  Function value before moving molecules:   139.22355145635544     
  Type         1 molecules with non-zero contributions:    2.78%
  Moving         0 molecules of type         1
  New positions will be based on good molecules (movebadrandom is not set) 
   Moving:|0                                                        100%|
          ||
  Function value after moving molecules:   139.22355145635544     

--------------------------------------------------------------------------------

  Starting GENCAN loop:          476
  Scaling radii by:    1.0000000000000000     

  Packing:|0                                                        100%|
          |

  Function value from last GENCAN loop: f = .13922E+03
  Best function value before: f = .13922E+03
  Improvement from best function value:    -0.00 %
  Improvement from last loop:    -0.00 %
  Maximum violation of target distance:     3.082562
  Maximum violation of the constraints: .00000E+00
  All-type function value: .13922E+03

--------------------------------------------------------------------------------

  Moving worst molecules ... 
  Function value before moving molecules:   139.22355145635544     
  Type         1 molecules with non-zero contributions:    2.78%
  Moving         0 molecules of type         1
  New positions will be based on good molecules (movebadrandom is not set) 
   Moving:|0                                                        100%|
          ||
  Function value after moving molecules:   139.22355145635544     

--------------------------------------------------------------------------------

  Starting GENCAN loop:          477
  Scaling radii by:    1.0000000000000000     

  Packing:|0                                                        100%|
          |

  Function value from last GENCAN loop: f = .13922E+03
  Best function value before: f = .13922E+03
  Improvement from best function value:    -0.00 %
  Improvement from last loop:    -0.00 %
  Maximum violation of target distance:     3.082562
  Maximum violation of the constraints: .00000E+00
  All-type function value: .13922E+03

--------------------------------------------------------------------------------

  Moving worst molecules ... 
  Function value before moving molecules:   139.22355145635544     
  Type         1 molecules with non-zero contributions:    2.78%
  Moving         0 molecules of type         1
  New positions will be based on good molecules (movebadrandom is not set) 
   Moving:|0                                                        100%|
          ||
  Function value after moving molecules:   139.22355145635544     

--------------------------------------------------------------------------------

  Starting GENCAN loop:          478
  Scaling radii by:    1.0000000000000000     

  Packing:|0                                                        100%|
          |

  Function value from last GENCAN loop: f = .13922E+03
  Best function value before: f = .13922E+03
  Improvement from best function value:    -0.00 %
  Improvement from last loop:    -0.00 %
  Maximum violation of target distance:     3.082562
  Maximum violation of the constraints: .00000E+00
  All-type function value: .13922E+03

--------------------------------------------------------------------------------

  Moving worst molecules ... 
  Function value before moving molecules:   139.22355145635544     
  Type         1 molecules with non-zero contributions:    2.78%
  Moving         0 molecules of type         1
  New positions will be based on good molecules (movebadrandom is not set) 
   Moving:|0                                                        100%|
          ||
  Function value after moving molecules:   139.22355145635544     

--------------------------------------------------------------------------------

  Starting GENCAN loop:          479
  Scaling radii by:    1.0000000000000000     

  Packing:|0                                                        100%|
          |

  Function value from last GENCAN loop: f = .13922E+03
  Best function value before: f = .13922E+03
  Improvement from best function value:    -0.00 %
  Improvement from last loop:    -0.00 %
  Maximum violation of target distance:     3.082562
  Maximum violation of the constraints: .00000E+00
  All-type function value: .13922E+03

--------------------------------------------------------------------------------

  Moving worst molecules ... 
  Function value before moving molecules:   139.22355145635544     
  Type         1 molecules with non-zero contributions:    2.78%
  Moving         0 molecules of type         1
  New positions will be based on good molecules (movebadrandom is not set) 
   Moving:|0                                                        100%|
          ||
  Function value after moving molecules:   139.22355145635544     

--------------------------------------------------------------------------------

  Starting GENCAN loop:          480
  Scaling radii by:    1.0000000000000000     

  Packing:|0                                                        100%|
          |

  Function value from last GENCAN loop: f = .13922E+03
  Best function value before: f = .13922E+03
  Improvement from best function value:    -0.00 %
  Improvement from last loop:    -0.00 %
  Maximum violation of target distance:     3.082562
  Maximum violation of the constraints: .00000E+00
  All-type function value: .13922E+03

--------------------------------------------------------------------------------

  Moving worst molecules ... 
  Function value before moving molecules:   139.22355145635544     
  Type         1 molecules with non-zero contributions:    2.78%
  Moving         0 molecules of type         1
  New positions will be based on good molecules (movebadrandom is not set) 
   Moving:|0                                                        100%|
          ||
  Function value after moving molecules:   139.22355145635544     

--------------------------------------------------------------------------------

  Starting GENCAN loop:          481
  Scaling radii by:    1.0000000000000000     

  Packing:|0                                                        100%|
          |

  Function value from last GENCAN loop: f = .13922E+03
  Best function value before: f = .13922E+03
  Improvement from best function value:    -0.00 %
  Improvement from last loop:    -0.00 %
  Maximum violation of target distance:     3.082562
  Maximum violation of the constraints: .00000E+00
  All-type function value: .13922E+03

--------------------------------------------------------------------------------

  Moving worst molecules ... 
  Function value before moving molecules:   139.22355145635544     
  Type         1 molecules with non-zero contributions:    2.78%
  Moving         0 molecules of type         1
  New positions will be based on good molecules (movebadrandom is not set) 
   Moving:|0                                                        100%|
          ||
  Function value after moving molecules:   139.22355145635544     

--------------------------------------------------------------------------------

  Starting GENCAN loop:          482
  Scaling radii by:    1.0000000000000000     

  Packing:|0                                                        100%|
          |

  Function value from last GENCAN loop: f = .13922E+03
  Best function value before: f = .13922E+03
  Improvement from best function value:    -0.00 %
  Improvement from last loop:    -0.00 %
  Maximum violation of target distance:     3.082562
  Maximum violation of the constraints: .00000E+00
  All-type function value: .13922E+03

--------------------------------------------------------------------------------

  Moving worst molecules ... 
  Function value before moving molecules:   139.22355145635544     
  Type         1 molecules with non-zero contributions:    2.78%
  Moving         0 molecules of type         1
  New positions will be based on good molecules (movebadrandom is not set) 
   Moving:|0                                                        100%|
          ||
  Function value after moving molecules:   139.22355145635544     

--------------------------------------------------------------------------------

  Starting GENCAN loop:          483
  Scaling radii by:    1.0000000000000000     

  Packing:|0                                                        100%|
          |

  Function value from last GENCAN loop: f = .13922E+03
  Best function value before: f = .13922E+03
  Improvement from best function value:    -0.00 %
  Improvement from last loop:    -0.00 %
  Maximum violation of target distance:     3.082562
  Maximum violation of the constraints: .00000E+00
  All-type function value: .13922E+03

--------------------------------------------------------------------------------

  Moving worst molecules ... 
  Function value before moving molecules:   139.22355145635544     
  Type         1 molecules with non-zero contributions:    2.78%
  Moving         0 molecules of type         1
  New positions will be based on good molecules (movebadrandom is not set) 
   Moving:|0                                                        100%|
          ||
  Function value after moving molecules:   139.22355145635544     

--------------------------------------------------------------------------------

  Starting GENCAN loop:          484
  Scaling radii by:    1.0000000000000000     

  Packing:|0                                                        100%|
          |

  Function value from last GENCAN loop: f = .13922E+03
  Best function value before: f = .13922E+03
  Improvement from best function value:    -0.00 %
  Improvement from last loop:    -0.00 %
  Maximum violation of target distance:     3.082562
  Maximum violation of the constraints: .00000E+00
  All-type function value: .13922E+03

--------------------------------------------------------------------------------

  Moving worst molecules ... 
  Function value before moving molecules:   139.22355145635544     
  Type         1 molecules with non-zero contributions:    2.78%
  Moving         0 molecules of type         1
  New positions will be based on good molecules (movebadrandom is not set) 
   Moving:|0                                                        100%|
          ||
  Function value after moving molecules:   139.22355145635544     

--------------------------------------------------------------------------------

  Starting GENCAN loop:          485
  Scaling radii by:    1.0000000000000000     

  Packing:|0                                                        100%|
          |

  Function value from last GENCAN loop: f = .13922E+03
  Best function value before: f = .13922E+03
  Improvement from best function value:    -0.00 %
  Improvement from last loop:    -0.00 %
  Maximum violation of target distance:     3.082562
  Maximum violation of the constraints: .00000E+00
  All-type function value: .13922E+03

--------------------------------------------------------------------------------

  Moving worst molecules ... 
  Function value before moving molecules:   139.22355145635544     
  Type         1 molecules with non-zero contributions:    2.78%
  Moving         0 molecules of type         1
  New positions will be based on good molecules (movebadrandom is not set) 
   Moving:|0                                                        100%|
          ||
  Function value after moving molecules:   139.22355145635544     

--------------------------------------------------------------------------------

  Starting GENCAN loop:          486
  Scaling radii by:    1.0000000000000000     

  Packing:|0                                                        100%|
          |

  Function value from last GENCAN loop: f = .13922E+03
  Best function value before: f = .13922E+03
  Improvement from best function value:    -0.00 %
  Improvement from last loop:    -0.00 %
  Maximum violation of target distance:     3.082562
  Maximum violation of the constraints: .00000E+00
  All-type function value: .13922E+03

--------------------------------------------------------------------------------

  Moving worst molecules ... 
  Function value before moving molecules:   139.22355145635544     
  Type         1 molecules with non-zero contributions:    2.78%
  Moving         0 molecules of type         1
  New positions will be based on good molecules (movebadrandom is not set) 
   Moving:|0                                                        100%|
          ||
  Function value after moving molecules:   139.22355145635544     

--------------------------------------------------------------------------------

  Starting GENCAN loop:          487
  Scaling radii by:    1.0000000000000000     

  Packing:|0                                                        100%|
          |

  Function value from last GENCAN loop: f = .13922E+03
  Best function value before: f = .13922E+03
  Improvement from best function value:    -0.00 %
  Improvement from last loop:    -0.00 %
  Maximum violation of target distance:     3.082562
  Maximum violation of the constraints: .00000E+00
  All-type function value: .13922E+03

--------------------------------------------------------------------------------

  Moving worst molecules ... 
  Function value before moving molecules:   139.22355145635544     
  Type         1 molecules with non-zero contributions:    2.78%
  Moving         0 molecules of type         1
  New positions will be based on good molecules (movebadrandom is not set) 
   Moving:|0                                                        100%|
          ||
  Function value after moving molecules:   139.22355145635544     

--------------------------------------------------------------------------------

  Starting GENCAN loop:          488
  Scaling radii by:    1.0000000000000000     

  Packing:|0                                                        100%|
          |

  Function value from last GENCAN loop: f = .13922E+03
  Best function value before: f = .13922E+03
  Improvement from best function value:    -0.00 %
  Improvement from last loop:    -0.00 %
  Maximum violation of target distance:     3.082562
  Maximum violation of the constraints: .00000E+00
  All-type function value: .13922E+03

--------------------------------------------------------------------------------

  Moving worst molecules ... 
  Function value before moving molecules:   139.22355145635544     
  Type         1 molecules with non-zero contributions:    2.78%
  Moving         0 molecules of type         1
  New positions will be based on good molecules (movebadrandom is not set) 
   Moving:|0                                                        100%|
          ||
  Function value after moving molecules:   139.22355145635544     

--------------------------------------------------------------------------------

  Starting GENCAN loop:          489
  Scaling radii by:    1.0000000000000000     

  Packing:|0                                                        100%|
          |

  Function value from last GENCAN loop: f = .13922E+03
  Best function value before: f = .13922E+03
  Improvement from best function value:    -0.00 %
  Improvement from last loop:    -0.00 %
  Maximum violation of target distance:     3.082562
  Maximum violation of the constraints: .00000E+00
  All-type function value: .13922E+03

--------------------------------------------------------------------------------

  Moving worst molecules ... 
  Function value before moving molecules:   139.22355145635544     
  Type         1 molecules with non-zero contributions:    2.78%
  Moving         0 molecules of type         1
  New positions will be based on good molecules (movebadrandom is not set) 
   Moving:|0                                                        100%|
          ||
  Function value after moving molecules:   139.22355145635544     

--------------------------------------------------------------------------------

  Starting GENCAN loop:          490
  Scaling radii by:    1.0000000000000000     

  Packing:|0                                                        100%|
          |

  Function value from last GENCAN loop: f = .13922E+03
  Best function value before: f = .13922E+03
  Improvement from best function value:    -0.00 %
  Improvement from last loop:    -0.00 %
  Maximum violation of target distance:     3.082562
  Maximum violation of the constraints: .00000E+00
  All-type function value: .13922E+03

--------------------------------------------------------------------------------

  Moving worst molecules ... 
  Function value before moving molecules:   139.22355145635544     
  Type         1 molecules with non-zero contributions:    2.78%
  Moving         0 molecules of type         1
  New positions will be based on good molecules (movebadrandom is not set) 
   Moving:|0                                                        100%|
          ||
  Function value after moving molecules:   139.22355145635544     

--------------------------------------------------------------------------------

  Starting GENCAN loop:          491
  Scaling radii by:    1.0000000000000000     

  Packing:|0                                                        100%|
          |

  Function value from last GENCAN loop: f = .13922E+03
  Best function value before: f = .13922E+03
  Improvement from best function value:    -0.00 %
  Improvement from last loop:    -0.00 %
  Maximum violation of target distance:     3.082562
  Maximum violation of the constraints: .00000E+00
  All-type function value: .13922E+03

--------------------------------------------------------------------------------

  Moving worst molecules ... 
  Function value before moving molecules:   139.22355145635544     
  Type         1 molecules with non-zero contributions:    2.78%
  Moving         0 molecules of type         1
  New positions will be based on good molecules (movebadrandom is not set) 
   Moving:|0                                                        100%|
          ||
  Function value after moving molecules:   139.22355145635544     

--------------------------------------------------------------------------------

  Starting GENCAN loop:          492
  Scaling radii by:    1.0000000000000000     

  Packing:|0                                                        100%|
          |

  Function value from last GENCAN loop: f = .13922E+03
  Best function value before: f = .13922E+03
  Improvement from best function value:    -0.00 %
  Improvement from last loop:    -0.00 %
  Maximum violation of target distance:     3.082562
  Maximum violation of the constraints: .00000E+00
  All-type function value: .13922E+03

--------------------------------------------------------------------------------

  Moving worst molecules ... 
  Function value before moving molecules:   139.22355145635544     
  Type         1 molecules with non-zero contributions:    2.78%
  Moving         0 molecules of type         1
  New positions will be based on good molecules (movebadrandom is not set) 
   Moving:|0                                                        100%|
          ||
  Function value after moving molecules:   139.22355145635544     

--------------------------------------------------------------------------------

  Starting GENCAN loop:          493
  Scaling radii by:    1.0000000000000000     

  Packing:|0                                                        100%|
          |

  Function value from last GENCAN loop: f = .13922E+03
  Best function value before: f = .13922E+03
  Improvement from best function value:    -0.00 %
  Improvement from last loop:    -0.00 %
  Maximum violation of target distance:     3.082562
  Maximum violation of the constraints: .00000E+00
  All-type function value: .13922E+03

--------------------------------------------------------------------------------

  Moving worst molecules ... 
  Function value before moving molecules:   139.22355145635544     
  Type         1 molecules with non-zero contributions:    2.78%
  Moving         0 molecules of type         1
  New positions will be based on good molecules (movebadrandom is not set) 
   Moving:|0                                                        100%|
          ||
  Function value after moving molecules:   139.22355145635544     

--------------------------------------------------------------------------------

  Starting GENCAN loop:          494
  Scaling radii by:    1.0000000000000000     

  Packing:|0                                                        100%|
          |

  Function value from last GENCAN loop: f = .13922E+03
  Best function value before: f = .13922E+03
  Improvement from best function value:    -0.00 %
  Improvement from last loop:    -0.00 %
  Maximum violation of target distance:     3.082562
  Maximum violation of the constraints: .00000E+00
  All-type function value: .13922E+03

--------------------------------------------------------------------------------

  Moving worst molecules ... 
  Function value before moving molecules:   139.22355145635544     
  Type         1 molecules with non-zero contributions:    2.78%
  Moving         0 molecules of type         1
  New positions will be based on good molecules (movebadrandom is not set) 
   Moving:|0                                                        100%|
          ||
  Function value after moving molecules:   139.22355145635544     

--------------------------------------------------------------------------------

  Starting GENCAN loop:          495
  Scaling radii by:    1.0000000000000000     

  Packing:|0                                                        100%|
          |

  Function value from last GENCAN loop: f = .13922E+03
  Best function value before: f = .13922E+03
  Improvement from best function value:    -0.00 %
  Improvement from last loop:    -0.00 %
  Maximum violation of target distance:     3.082562
  Maximum violation of the constraints: .00000E+00
  All-type function value: .13922E+03

--------------------------------------------------------------------------------

  Moving worst molecules ... 
  Function value before moving molecules:   139.22355145635544     
  Type         1 molecules with non-zero contributions:    2.78%
  Moving         0 molecules of type         1
  New positions will be based on good molecules (movebadrandom is not set) 
   Moving:|0                                                        100%|
          ||
  Function value after moving molecules:   139.22355145635544     

--------------------------------------------------------------------------------

  Starting GENCAN loop:          496
  Scaling radii by:    1.0000000000000000     

  Packing:|0                                                        100%|
          |

  Function value from last GENCAN loop: f = .13922E+03
  Best function value before: f = .13922E+03
  Improvement from best function value:    -0.00 %
  Improvement from last loop:    -0.00 %
  Maximum violation of target distance:     3.082562
  Maximum violation of the constraints: .00000E+00
  All-type function value: .13922E+03

--------------------------------------------------------------------------------

  Moving worst molecules ... 
  Function value before moving molecules:   139.22355145635544     
  Type         1 molecules with non-zero contributions:    2.78%
  Moving         0 molecules of type         1
  New positions will be based on good molecules (movebadrandom is not set) 
   Moving:|0                                                        100%|
          ||
  Function value after moving molecules:   139.22355145635544     

--------------------------------------------------------------------------------

  Starting GENCAN loop:          497
  Scaling radii by:    1.0000000000000000     

  Packing:|0                                                        100%|
          |

  Function value from last GENCAN loop: f = .13922E+03
  Best function value before: f = .13922E+03
  Improvement from best function value:    -0.00 %
  Improvement from last loop:    -0.00 %
  Maximum violation of target distance:     3.082562
  Maximum violation of the constraints: .00000E+00
  All-type function value: .13922E+03

--------------------------------------------------------------------------------

  Moving worst molecules ... 
  Function value before moving molecules:   139.22355145635544     
  Type         1 molecules with non-zero contributions:    2.78%
  Moving         0 molecules of type         1
  New positions will be based on good molecules (movebadrandom is not set) 
   Moving:|0                                                        100%|
          ||
  Function value after moving molecules:   139.22355145635544     

--------------------------------------------------------------------------------

  Starting GENCAN loop:          498
  Scaling radii by:    1.0000000000000000     

  Packing:|0                                                        100%|
          |

  Function value from last GENCAN loop: f = .13922E+03
  Best function value before: f = .13922E+03
  Improvement from best function value:    -0.00 %
  Improvement from last loop:    -0.00 %
  Maximum violation of target distance:     3.082562
  Maximum violation of the constraints: .00000E+00
  All-type function value: .13922E+03

--------------------------------------------------------------------------------

  Moving worst molecules ... 
  Function value before moving molecules:   139.22355145635544     
  Type         1 molecules with non-zero contributions:    2.78%
  Moving         0 molecules of type         1
  New positions will be based on good molecules (movebadrandom is not set) 
   Moving:|0                                                        100%|
          ||
  Function value after moving molecules:   139.22355145635544     

--------------------------------------------------------------------------------

  Starting GENCAN loop:          499
  Scaling radii by:    1.0000000000000000     

  Packing:|0                                                        100%|
          |

  Function value from last GENCAN loop: f = .13922E+03
  Best function value before: f = .13922E+03
  Improvement from best function value:    -0.00 %
  Improvement from last loop:    -0.00 %
  Maximum violation of target distance:     3.082562
  Maximum violation of the constraints: .00000E+00
  All-type function value: .13922E+03

--------------------------------------------------------------------------------

  Moving worst molecules ... 
  Function value before moving molecules:   139.22355145635544     
  Type         1 molecules with non-zero contributions:    2.78%
  Moving         0 molecules of type         1
  New positions will be based on good molecules (movebadrandom is not set) 
   Moving:|0                                                        100%|
          ||
  Function value after moving molecules:   139.22355145635544     

--------------------------------------------------------------------------------

  Starting GENCAN loop:          500
  Scaling radii by:    1.0000000000000000     

  Packing:|0                                                        100%|
          |

  Function value from last GENCAN loop: f = .13922E+03
  Best function value before: f = .13922E+03
  Improvement from best function value:    -0.00 %
  Improvement from last loop:    -0.00 %
  Maximum violation of target distance:     3.082562
  Maximum violation of the constraints: .00000E+00
  All-type function value: .13922E+03

--------------------------------------------------------------------------------

  Maximum number of GENCAN loops achieved.

################################################################################

  Packing all molecules together 

################################################################################


--------------------------------------------------------------------------------

  Starting GENCAN loop:            0
  Scaling radii by:    1.1000000000000001     

  Packing:|0                                                        100%|
          |*************************************************************|

  Function value from last GENCAN loop: f = .48982E+00
  Best function value before: f = .13922E+03
  Improvement from best function value:    99.65 %
  Improvement from last loop:    99.65 %
  Maximum violation of target distance:     0.000000
  Maximum violation of the constraints: .22047E+00

--------------------------------------------------------------------------------


--------------------------------------------------------------------------------

  Starting GENCAN loop:            1
  Scaling radii by:    1.1000000000000001     

  Packing:|0                                                        100%|
          |*************************************************************|

  Function value from last GENCAN loop: f = .79319E-01
  Best function value before: f = .48982E+00
  Improvement from best function value:    83.81 %
  Improvement from last loop:    83.81 %
  Maximum violation of target distance:     0.000000
  Maximum violation of the constraints: .19301E-01

--------------------------------------------------------------------------------


--------------------------------------------------------------------------------

  Starting GENCAN loop:            2
  Scaling radii by:    1.1000000000000001     

  Packing:|0                                                        100%|
          |*********************************

  Function value from last GENCAN loop: f = .34609E-01
  Best function value before: f = .79319E-01
  Improvement from best function value:    56.37 %
  Improvement from last loop:    56.37 %
  Maximum violation of target distance:     0.000000
  Maximum violation of the constraints: .95291E-02

################################################################################

                                 Success! 
              Final objective function value: .34609E-01
              Maximum violation of target distance:   0.000000
              Maximum violation of the constraints: .95291E-02

--------------------------------------------------------------------------------

              Please cite this work if Packmol was useful: 

           L. Martinez, R. Andrade, E. G. Birgin, J. M. Martinez, 
         PACKMOL: A package for building initial configurations for
                   molecular dynamics simulations. 
        Journal of Computational Chemistry, 30(13) pp. 2157-2164, 2009.
                  https://doi.org/10.1002/jcc.21224

################################################################################

  Solution written to file: packed.xyz

--------------------------------------------------------------------------------

   Running time:    17.1687088      seconds. 

--------------------------------------------------------------------------------


