                :-) GROMACS - gmx mdrun, 2026.3-conda_forge (-:

Copyright 1991-2026 The GROMACS Authors.
GROMACS is free software; you can redistribute it and/or modify it
under the terms of the GNU Lesser General Public License
as published by the Free Software Foundation; either version 2.1
of the License, or (at your option) any later version.

                         Current GROMACS contributors:
       Mark Abraham           Andrey Alekseenko           Brian Andrews       
        Paul Bauer              Cathrine Bergh              Hugh Bird         
      Eliane Briand               Ania Brown                Yiqi Chen         
      Mahesh Doijade            Giacomo Fiorin          Stefan Fleischmann    
      Sergey Gorelov         Gilles Gouaillardet            Alan Gray         
   Farzaneh Jalalypour         Petter Johansson          Carsten Kutzner      
    Grzegorz Łazarski         Justin A. Lemkul          Magnus Lundborg      
        Julio Maia               Pascal Merz             Vedran Miletić      
      Dmitry Morozov           Lukas Müllender           Szilárd Páll      
 Andrea Pasquadibisceglie     Michele Pellegrino         Nicola Piasentin     
     Daniele Rapetti         Muhammad Umair Sadiq         Hubert Santuz       
      Michael Shirts           Tatiana Shugaeva          Alexey Shvetsov      
     Bálint Soproni            Philip Turner            Alessandra Villa     
        Yang Zhang        

                         Previous GROMACS contributors:
        Emile Apol             Rossen Apostolov           James Barnett       
      Vladimir Basov        Herman J.C. Berendsen          Par Bjelkmar       
      Christian Blau          Viacheslav Bolnykh            Kevin Boyd        
    Aldert van Buuren          Carlo Camilloni           Rudi van Drunen      
      Anton Feenstra           Oliver Fleetwood            Vytas Gapsys       
       Gaurav Garg             Gerrit Groenhof            Bert de Groot       
      Anca Hamuraru           Vincent Hindriksen          Victor Holanda      
     M. Eric Irrgang           Aleksei Iupinov              Joe Jordan        
    Christoph Junghans        Prashanth Kanduri        Dimitrios Karkoulis    
       Peter Kasson             Sebastian Kehl           Sebastian Keller     
        Jiri Kraus               Per Larsson              Viveca Lindahl      
      Erik Marklund           Pieter Meulenhoff           Teemu Murtola       
       Julien Nabet              Sander Pronk             Roland Schulz       
      Alfons Sijbers         David van der Spoel          Peter Tieleman      
      Carsten Uphoff             Jon Vincent             Teemu Virolainen     
    Christian Wennberg     Sebastian Wingbermühle         Maarten Wolf       
      Artem Zhmurov       

                  Coordinated by the GROMACS project leaders:
                           Berk Hess and Erik Lindahl

GROMACS:      gmx mdrun, version 2026.3-conda_forge
Executable:   /Users/mattiaapicella/Documents/Codex/2026-10-06/06-10-26-00-55-24/work/molecular/gromacs-env/bin.ARM_NEON_ASIMD/gmx
Data prefix:  /Users/mattiaapicella/Documents/Codex/2026-10-06/06-10-26-00-55-24/work/molecular/gromacs-env
Working dir:  /Users/mattiaapicella/Documents/Codex/2026-10-06/06-10-26-00-55-24/work/molecular/results/umbrella/HFIP_n4/z0.600_k2000
Process ID:   88117
Command line:
  gmx mdrun -deffnm run -pf pullf.xvg -px pullx.xvg -ntmpi 1 -ntomp 2 -pin off -nice 8

GROMACS version:     2026.3-conda_forge
Precision:           mixed
Memory model:        64 bit
MPI library:         thread_mpi
MPI version:         built in
OpenMP support:      enabled (GMX_OPENMP_MAX_THREADS = 128)
GPU support:         disabled
SIMD instructions:   ARM_NEON_ASIMD
CPU FFT library:     fftw-3.3.11
GPU FFT library:     none
Multi-GPU FFT:       none
TNG support:         enabled
Hwloc support:       disabled
Tracing support:     disabled
Colvars support:     enabled (version 2025-10-13)
CP2K support:        disabled
Torch support:       disabled
Plumed support:      enabled
C compiler:          /Users/runner/miniforge3/conda-bld/gromacs_1785262939206/_build_env/bin/arm64-apple-darwin20.0.0-clang Clang 19.1.7
C compiler flags:    -Wno-missing-field-initializers -O3 -DNDEBUG
C++ compiler:        /Users/runner/miniforge3/conda-bld/gromacs_1785262939206/_build_env/bin/arm64-apple-darwin20.0.0-clang++ Clang 19.1.7
C++ compiler flags:  -Wno-reserved-identifier -Wno-missing-field-initializers -Weverything -Wno-c++98-compat -Wno-c++98-compat-pedantic -Wno-source-uses-openmp -Wno-c++17-extensions -Wno-documentation-unknown-command -Wno-covered-switch-default -Wno-switch-enum -Wno-switch-default -Wno-extra-semi-stmt -Wno-weak-vtables -Wno-shadow -Wno-padded -Wno-reserved-id-macro -Wno-double-promotion -Wno-exit-time-destructors -Wno-global-constructors -Wno-documentation -Wno-format-nonliteral -Wno-used-but-marked-unused -Wno-float-equal -Wno-conditional-uninitialized -Wno-conversion -Wno-disabled-macro-expansion -Wno-unused-macros -Wno-unsafe-buffer-usage -Wno-cast-function-type-strict SHELL:-fopenmp=libomp -O3 -DNDEBUG
BLAS library:        External - detected on the system
LAPACK library:      External - detected on the system


Running on 1 node with total 0 processing units
Hardware detected on host Mattias-MacBook-Pro.local:
  CPU info:
    Vendor: ARM
    Brand:  Unknown CPU brand
    Family: 0   Model: 0   Stepping: 0
    Features: neon neon_asimd
  Hardware topology: Only logical processor count
    CPU limit set by OS: -1   Recommended max number of threads: 8


++++ PLEASE READ AND CITE THE FOLLOWING REFERENCE ++++
M. J. Abraham, T. Murtola, R. Schulz, S. Páll, J. C. Smith, B. Hess, E.
Lindahl
GROMACS: High performance molecular simulations through multi-level
parallelism from laptops to supercomputers
SoftwareX (2015)
https://doi.org/10.1016/j.softx.2015.06.001
-------- -------- --- Thank You --- -------- --------


++++ PLEASE READ AND CITE THE FOLLOWING REFERENCE ++++
S. Páll, M. J. Abraham, C. Kutzner, B. Hess, E. Lindahl
Tackling Exascale Software Challenges in Molecular Dynamics Simulations with
GROMACS
In S. Markidis & E. Laure (Eds.), Solving Software Challenges for Exascale (2015)
https://doi.org/10.1007/978-3-319-15976-8_1
-------- -------- --- Thank You --- -------- --------


++++ PLEASE READ AND CITE THE FOLLOWING REFERENCE ++++
S. Pronk, S. Páll, R. Schulz, P. Larsson, P. Bjelkmar, R. Apostolov, M. R.
Shirts, J. C. Smith, P. M. Kasson, D. van der Spoel, B. Hess, E. Lindahl
GROMACS 4.5: a high-throughput and highly parallel open source molecular
simulation toolkit
Bioinformatics (2013)
https://doi.org/10.1093/bioinformatics/btt055
-------- -------- --- Thank You --- -------- --------


++++ PLEASE READ AND CITE THE FOLLOWING REFERENCE ++++
B. Hess, C. Kutzner, D. van der Spoel, E. Lindahl
GROMACS 4: Algorithms for highly efficient, load-balanced, and scalable
molecular simulation
J. Chem. Theory Comput. (2008)
https://doi.org/10.1021/ct700301q
-------- -------- --- Thank You --- -------- --------


++++ PLEASE READ AND CITE THE FOLLOWING REFERENCE ++++
D. van der Spoel, E. Lindahl, B. Hess, G. Groenhof, A. E. Mark, H. J. C.
Berendsen
GROMACS: Fast, Flexible and Free
J. Comp. Chem. (2005)
https://doi.org/10.1002/jcc.20291
-------- -------- --- Thank You --- -------- --------


++++ PLEASE READ AND CITE THE FOLLOWING REFERENCE ++++
E. Lindahl, B. Hess, D. van der Spoel
GROMACS 3.0: A package for molecular simulation and trajectory analysis
J. Mol. Mod. (2001)
https://doi.org/10.1007/s008940100045
-------- -------- --- Thank You --- -------- --------


++++ PLEASE READ AND CITE THE FOLLOWING REFERENCE ++++
H. J. C. Berendsen, D. van der Spoel and R. van Drunen
GROMACS: A message-passing parallel molecular dynamics implementation
Comp. Phys. Comm. (1995)
https://doi.org/10.1016/0010-4655(95)00042-E
-------- -------- --- Thank You --- -------- --------

Input Parameters:
   integrator                     = md
   tinit                          = 0
   dt                             = 0.001
   nsteps                         = 125000
   init-step                      = 0
   simulation-part                = 1
   mts                            = false
   mass-repartition-factor        = 1
   comm-mode                      = None
   nstcomm                        = 0
   bd-fric                        = 0
   ld-seed                        = -185087107
   emtol                          = 10
   emstep                         = 0.01
   niter                          = 20
   fcstep                         = 0
   nstcgsteep                     = 1000
   nbfgscorr                      = 10
   rtpi                           = 0.05
   nstxout                        = 0
   nstvout                        = 0
   nstfout                        = 0
   nstlog                         = 1000
   nstcalcenergy                  = 100
   nstenergy                      = 1000
   nstxout-compressed             = 1000
   compressed-x-precision         = 10000
   cutoff-scheme                  = Verlet
   nstlist                        = 20
   pbc                            = xyz
   periodic-molecules             = false
   verlet-buffer-tolerance        = 0.005
   verlet-buffer-pressure-tolerance = 0.5
   rlist                          = 1.004
   coulombtype                    = PME
   coulomb-modifier               = Potential-shift
   rcoulomb-switch                = 0
   rcoulomb                       = 1
   epsilon-r                      = 1
   epsilon-rf                     = inf
   vdw-type                       = Cut-off
   vdw-modifier                   = Potential-shift
   rvdw-switch                    = 0
   rvdw                           = 1
   DispCorr                       = EnerPres
   table-extension                = 1
   fourierspacing                 = 0.12
   fourier-nx                     = 32
   fourier-ny                     = 32
   fourier-nz                     = 32
   pme-order                      = 4
   ewald-rtol                     = 0.0001
   ewald-rtol-lj                  = 0.001
   lj-pme-comb-rule               = Geometric
   ewald-geometry                 = 3d
   epsilon-surface                = 0
   ensemble-temperature-setting   = constant
   ensemble-temperature           = 298.15
   tcoupl                         = V-rescale
   nsttcouple                     = 25
   nh-chain-length                = 0
   print-nose-hoover-chain-variables = false
   pcoupl                         = No
   refcoord-scaling               = No
   posres-com: not available
   posres-comB: not available
   QMMM                           = false
qm-opts:
   ngQM                           = 0
   constraint-algorithm           = Lincs
   continuation                   = true
   Shake-SOR                      = false
   shake-tol                      = 0.0001
   lincs-order                    = 6
   lincs-iter                     = 2
   lincs-warnangle                = 30
   nwall                          = 0
   wall-type                      = 9-3
   wall-r-linpot                  = -1
   wall-atomtype[0]               = -1
   wall-atomtype[1]               = -1
   wall-density[0]                = 0
   wall-density[1]                = 0
   wall-ewald-zfac                = 3
   pull                           = true
   pull-cylinder-r                = 1.5
   pull-constr-tol                = 1e-06
   pull-print-COM                 = false
   pull-print-ref-value           = false
   pull-print-components          = false
   pull-nstxout                   = 100
   pull-nstfout                   = 100
   pull-pbc-ref-prev-step-com     = false
   pull-xout-average              = false
   pull-fout-average              = false
   pull-ngroups                   = 3
   pull-group 0:
     atom: not available
     weight: not available
     pbcatom                        = -1
   pull-group 1:
     atom (448):
        atom[0,...,447] = {0,...,447}
     weight: not available
     pbcatom                        = 0
   pull-group 2:
     atom (65):
        atom[0,...,64] = {448,...,512}
     weight: not available
     pbcatom                        = 461
   pull-ncoords                   = 1
   pull-coord 0:
   type                           = umbrella
   geometry                       = direction-periodic
   group[0]                       = 1
   group[1]                       = 2
   dim (3):
      dim[0]=0
      dim[1]=0
      dim[2]=1
   origin (3):
      origin[0]= 0.00000e+00
      origin[1]= 0.00000e+00
      origin[2]= 0.00000e+00
   vec (3):
      vec[0]= 0.00000e+00
      vec[1]= 0.00000e+00
      vec[2]= 1.00000e+00
   start                          = false
   init                           = 0.6
   rate                           = 0
   k                              = 2000
   kB                             = 2000
   awh                            = false
   rotation                       = false
   interactiveMD                  = false
   disre                          = No
   disre-weighting                = Conservative
   disre-mixed                    = false
   dr-fc                          = 1000
   dr-tau                         = 0
   nstdisreout                    = 100
   orire-fc                       = 0
   orire-tau                      = 0
   nstorireout                    = 100
   free-energy                    = no
   cos-acceleration               = 0
   deform (3x3):
      deform[    0]={ 0.00000e+00,  0.00000e+00,  0.00000e+00}
      deform[    1]={ 0.00000e+00,  0.00000e+00,  0.00000e+00}
      deform[    2]={ 0.00000e+00,  0.00000e+00,  0.00000e+00}
   simulated-tempering            = false
   swapcoords                     = no
   userint1                       = 0
   userint2                       = 0
   userint3                       = 0
   userint4                       = 0
   userreal1                      = 0
   userreal2                      = 0
   userreal3                      = 0
   userreal4                      = 0
   applied-forces:
     electric-field:
       x:
         E0                       = 0
         omega                    = 0
         t0                       = 0
         sigma                    = 0
       y:
         E0                       = 0
         omega                    = 0
         t0                       = 0
         sigma                    = 0
       z:
         E0                       = 0
         omega                    = 0
         t0                       = 0
         sigma                    = 0
     density-guided-simulation:
       active                     = false
       group                      = protein
       similarity-measure         = inner-product
       atom-spreading-weight      = unity
       force-constant             = 1e+09
       gaussian-transform-spreading-width = 0.2
       gaussian-transform-spreading-range-in-multiples-of-width = 4
       reference-density-filename = reference.mrc
       nst                        = 1
       normalize-densities        = true
       adaptive-force-scaling     = false
       adaptive-force-scaling-time-constant = 4
       shift-vector               = 
       transformation-matrix      = 
     qmmm-cp2k:
       active                     = false
       qmgroup                    = System
       qmmethod                   = PBE
       qmfilenames                = 
       qmcharge                   = 0
       qmmultiplicity             = 1
     colvars:
       active                     = false
       configfile                 = 
       seed                       = -1
     nnpot:
       active                     = false
       modelfile                  = model.pt
       input-group                = System
       link-type                  = H
       link-distance              = 0.1
       pair-cutoff                = 0
       embedding                  = mechanical
       nnp-charge                 = 0
       model-input1               = 
       model-input2               = 
       model-input3               = 
       model-input4               = 
       model-input5               = 
       model-input6               = 
       model-input7               = 
       model-input8               = 
       model-input9               = 
   fast-multipole-method:
     fmm:
       backend                    = inactive
       exafmm-order               = 6
       exafmm-direct-range        = 2
       exafmm-direct-provider     = GROMACS
       exafmm-tree-type           = uniform
       exafmm-tree-depth          = 0
       exafmm-max-particles-per-cell = 0
       fmsolvr-order              = 8
       fmsolvr-direct-range       = 1
       fmsolvr-direct-provider    = FMM
       fmsolvr-dipole-compensation = true
       fmsolvr-tree-depth         = 3
       fmsolvr-sparse             = false
grpopts:
   nrdf:        7843
   ref-t:      298.15
   tau-t:         0.2
annealing:          No
annealing-npoints:           0
   acc:	           0           0           0
   nfreeze:           Y           Y           Y           N           N           N
   energygrp-flags[  0]: 0

Changing nstlist from 20 to 100, rlist from 1.004 to 1.093

Update groups can not be used for this system because atoms that are (in)directly constrained together are interdispersed with other atoms

Initializing Domain Decomposition on 1 ranks
Dynamic load balancing: auto
Minimum cell size due to atom displacement: 0.458 nm
Initial maximum distances in bonded interactions:
    two-body bonded interactions: 0.401 nm, LJ-14, atoms 1599 1600
  multi-body bonded interactions: 0.410 nm, Proper Dih., atoms 456 464
Minimum cell size due to bonded interactions: 0.451 nm
Maximum distance for 7 constraints, at 120 deg. angles, all-trans: 0.219 nm
Estimated maximum distance required for P-LINCS: 0.219 nm
Using 0 separate PME ranks because: there are too few total ranks for efficient splitting
Optimizing the DD grid for 1 cells with a minimum initial size of 0.458 nm
The maximum allowed number of cells is: X 7 Y 7 Z 8
Domain decomposition grid 1 x 1 x 1, separate PME ranks 0
PME domain decomposition: 1 x 1 x 1

The initial number of communication pulses is:
The initial domain decomposition cell size is:

The maximum allowed distance for atoms involved in interactions is:
                 non-bonded interactions           1.093 nm
            two-body bonded interactions  (-rdd)   1.093 nm
          multi-body bonded interactions  (-rdd)   1.093 nm
  atoms separated by up to 7 constraints  (-rcon)  3.403 nm

When dynamic load balancing gets turned on, these settings will change to:
The maximum number of communication pulses is:
The minimum size for domain decomposition cells is 1.093 nm
The requested allowed shrink of DD cells (option -dds) is: 0.80
The allowed shrink of domain decomposition cells is:
The maximum allowed distance for atoms involved in interactions is:
                 non-bonded interactions           1.093 nm
            two-body bonded interactions  (-rdd)   1.093 nm
          multi-body bonded interactions  (-rdd)   1.093 nm
  atoms separated by up to 7 constraints  (-rcon)  1.093 nm

Local state does not use filler particles

Using 1 MPI thread
Using 2 OpenMP threads 

System total charge: 0.000
Will do PME sum in reciprocal space for electrostatic interactions.

++++ PLEASE READ AND CITE THE FOLLOWING REFERENCE ++++
U. Essmann, L. Perera, M. L. Berkowitz, T. Darden, H. Lee, L. G. Pedersen 
A smooth particle mesh Ewald method
J. Chem. Phys. (1995)
https://doi.org/10.1063/1.470117
-------- -------- --- Thank You --- -------- --------

Using a Gaussian width (1/beta) of 0.363496 nm for Ewald
Potential shift: LJ r^-12: -1.000e+00 r^-6: -1.000e+00, Ewald -1.000e-04
Initialized non-bonded Coulomb Ewald tables, spacing: 9.94e-04 size: 1007

Generated table with 1046 data points for 1-4 COUL.
Tabscale = 500 points/nm
Generated table with 1046 data points for 1-4 LJ6.
Tabscale = 500 points/nm
Generated table with 1046 data points for 1-4 LJ12.
Tabscale = 500 points/nm
Long Range LJ corr.: <C6> 1.2090e-03


Using SIMD4xM 4x4 nonbonded short-range kernels

Using a dual 4x4 pair-list setup updated with dynamic pruning:
  outer list: updated every 100 steps, buffer 0.093 nm, rlist 1.093 nm
  inner list: updated every   7 steps, buffer 0.001 nm, rlist 1.001 nm
At tolerance 0.005 kJ/mol/ps per atom, equivalent classical 1x1 list would be:
  outer list: updated every 100 steps, buffer 0.184 nm, rlist 1.184 nm
  inner list: updated every   7 steps, buffer 0.005 nm, rlist 1.005 nm

The average pressure is off by at most 0.44 bar due to missing LJ interactions

Using full Lennard-Jones parameter combination matrix

Linking all bonded interactions to atoms


Will apply potential COM pulling
with 1 pull coordinate and 2 groups
Pull group 1:   448 atoms, mass  5380.928
Pull group 2:    65 atoms, mass   416.514

Initializing Parallel LINear Constraint Solver

++++ PLEASE READ AND CITE THE FOLLOWING REFERENCE ++++
B. Hess
P-LINCS: A Parallel Linear Constraint Solver for molecular simulation
J. Chem. Theory Comput. (2008)
https://doi.org/10.1021/ct700200b
-------- -------- --- Thank You --- -------- --------

The number of constraints is 488
There are constraints between atoms in different decomposition domains,
will communicate selected coordinates each lincs iteration

++++ PLEASE READ AND CITE THE FOLLOWING REFERENCE ++++
G. Bussi, D. Donadio, M. Parrinello
Canonical sampling through velocity rescaling
J. Chem. Phys. (2007)
https://doi.org/10.1063/1.2408420
-------- -------- --- Thank You --- -------- --------

There are: 3225 Atoms

Atom distribution over 1 domains: av 3225 stddev 0 min 3225 max 3225

Started mdrun on rank 0 Tue Oct  6 05:16:45 2026

           Step           Time
              0        0.00000

   Energies (kJ/mol)
           Bond          Angle    Proper Dih.          LJ-14     Coulomb-14
    3.32109e+03    5.60087e+03    1.41546e+03    1.70336e+03    3.31038e+04
        LJ (SR)  Disper. corr.   Coulomb (SR)   Coul. recip.   COM Pull En.
   -6.65157e+03   -1.18261e+03   -2.19636e+04    5.46313e+02    1.46795e-02
      Potential    Kinetic En.   Total Energy  Conserved En.    Temperature
    1.58931e+04    9.67110e+03    2.55642e+04    2.55642e+04    2.96612e+02
 Pres. DC (bar) Pressure (bar)   Constr. rmsd
   -4.42352e+02   -1.08218e+03    4.87489e-07

           Step           Time
           1000        1.00000

   Energies (kJ/mol)
           Bond          Angle    Proper Dih.          LJ-14     Coulomb-14
    3.25313e+03    5.53582e+03    1.30937e+03    1.67276e+03    3.31159e+04
        LJ (SR)  Disper. corr.   Coulomb (SR)   Coul. recip.   COM Pull En.
   -6.62485e+03   -1.18261e+03   -2.22236e+04    5.42212e+02    5.42718e-03
      Potential    Kinetic En.   Total Energy  Conserved En.    Temperature
    1.53982e+04    9.64914e+03    2.50473e+04    2.55675e+04    2.95939e+02
 Pres. DC (bar) Pressure (bar)   Constr. rmsd
   -4.42352e+02   -1.67721e+03    5.09727e-07

           Step           Time
           2000        2.00000

   Energies (kJ/mol)
           Bond          Angle    Proper Dih.          LJ-14     Coulomb-14
    3.10010e+03    5.67508e+03    1.37023e+03    1.73235e+03    3.33531e+04
        LJ (SR)  Disper. corr.   Coulomb (SR)   Coul. recip.   COM Pull En.
   -6.73928e+03   -1.18261e+03   -2.23444e+04    5.41730e+02    4.39160e-04
      Potential    Kinetic En.   Total Energy  Conserved En.    Temperature
    1.55064e+04    9.69022e+03    2.51966e+04    2.55632e+04    2.97199e+02
 Pres. DC (bar) Pressure (bar)   Constr. rmsd
   -4.42352e+02   -1.22659e+03    5.06718e-07

           Step           Time
           3000        3.00000

   Energies (kJ/mol)
           Bond          Angle    Proper Dih.          LJ-14     Coulomb-14
    3.26963e+03    5.81625e+03    1.34655e+03    1.68827e+03    3.31318e+04
        LJ (SR)  Disper. corr.   Coulomb (SR)   Coul. recip.   COM Pull En.
   -6.55262e+03   -1.18261e+03   -2.22445e+04    5.41957e+02    3.66049e-01
      Potential    Kinetic En.   Total Energy  Conserved En.    Temperature
    1.58151e+04    9.46287e+03    2.52780e+04    2.55678e+04    2.90226e+02
 Pres. DC (bar) Pressure (bar)   Constr. rmsd
   -4.42352e+02   -6.60250e+02    5.07013e-07

           Step           Time
           4000        4.00000

   Energies (kJ/mol)
           Bond          Angle    Proper Dih.          LJ-14     Coulomb-14
    3.10558e+03    5.49293e+03    1.31208e+03    1.69095e+03    3.32541e+04
        LJ (SR)  Disper. corr.   Coulomb (SR)   Coul. recip.   COM Pull En.
   -6.59550e+03   -1.18261e+03   -2.22988e+04    5.60892e+02    3.87806e-02
      Potential    Kinetic En.   Total Energy  Conserved En.    Temperature
    1.53397e+04    9.65785e+03    2.49975e+04    2.55626e+04    2.96206e+02
 Pres. DC (bar) Pressure (bar)   Constr. rmsd
   -4.42352e+02   -2.90945e+02    5.44884e-07

           Step           Time
           5000        5.00000

   Energies (kJ/mol)
           Bond          Angle    Proper Dih.          LJ-14     Coulomb-14
    3.05552e+03    5.66146e+03    1.37117e+03    1.69323e+03    3.30316e+04
        LJ (SR)  Disper. corr.   Coulomb (SR)   Coul. recip.   COM Pull En.
   -6.76884e+03   -1.18261e+03   -2.19764e+04    5.44317e+02    8.47467e-04
      Potential    Kinetic En.   Total Energy  Conserved En.    Temperature
    1.54295e+04    9.84862e+03    2.52781e+04    2.55603e+04    3.02057e+02
 Pres. DC (bar) Pressure (bar)   Constr. rmsd
   -4.42352e+02   -1.01054e+03    5.32567e-07

           Step           Time
           6000        6.00000

   Energies (kJ/mol)
           Bond          Angle    Proper Dih.          LJ-14     Coulomb-14
    3.31028e+03    5.76645e+03    1.39685e+03    1.73582e+03    3.29346e+04
        LJ (SR)  Disper. corr.   Coulomb (SR)   Coul. recip.   COM Pull En.
   -6.69869e+03   -1.18261e+03   -2.20958e+04    5.53358e+02    8.28853e-02
      Potential    Kinetic En.   Total Energy  Conserved En.    Temperature
    1.57203e+04    9.64489e+03    2.53652e+04    2.55640e+04    2.95809e+02
 Pres. DC (bar) Pressure (bar)   Constr. rmsd
   -4.42352e+02   -1.03817e+03    5.23210e-07

           Step           Time
           7000        7.00000

   Energies (kJ/mol)
           Bond          Angle    Proper Dih.          LJ-14     Coulomb-14
    3.12766e+03    5.60576e+03    1.32757e+03    1.72736e+03    3.31271e+04
        LJ (SR)  Disper. corr.   Coulomb (SR)   Coul. recip.   COM Pull En.
   -6.61573e+03   -1.18261e+03   -2.22178e+04    5.48190e+02    8.06058e-02
      Potential    Kinetic En.   Total Energy  Conserved En.    Temperature
    1.54475e+04    9.66550e+03    2.51130e+04    2.55622e+04    2.96441e+02
 Pres. DC (bar) Pressure (bar)   Constr. rmsd
   -4.42352e+02   -2.60921e+01    4.68939e-07

           Step           Time
           8000        8.00000

   Energies (kJ/mol)
           Bond          Angle    Proper Dih.          LJ-14     Coulomb-14
    3.16775e+03    5.55259e+03    1.37608e+03    1.74827e+03    3.33429e+04
        LJ (SR)  Disper. corr.   Coulomb (SR)   Coul. recip.   COM Pull En.
   -6.59891e+03   -1.18261e+03   -2.23910e+04    5.50619e+02    5.81857e-01
      Potential    Kinetic En.   Total Energy  Conserved En.    Temperature
    1.55663e+04    9.81719e+03    2.53835e+04    2.55625e+04    3.01093e+02
 Pres. DC (bar) Pressure (bar)   Constr. rmsd
   -4.42352e+02    4.31973e+02    5.30951e-07

           Step           Time
           9000        9.00000

   Energies (kJ/mol)
           Bond          Angle    Proper Dih.          LJ-14     Coulomb-14
    3.20642e+03    5.71990e+03    1.42145e+03    1.76200e+03    3.29043e+04
        LJ (SR)  Disper. corr.   Coulomb (SR)   Coul. recip.   COM Pull En.
   -6.62647e+03   -1.18261e+03   -2.20590e+04    5.65673e+02    2.05065e-02
      Potential    Kinetic En.   Total Energy  Conserved En.    Temperature
    1.57117e+04    9.86012e+03    2.55718e+04    2.55584e+04    3.02410e+02
 Pres. DC (bar) Pressure (bar)   Constr. rmsd
   -4.42352e+02   -7.01061e+02    5.29076e-07

           Step           Time
          10000       10.00000

   Energies (kJ/mol)
           Bond          Angle    Proper Dih.          LJ-14     Coulomb-14
    3.19959e+03    5.72673e+03    1.37812e+03    1.72500e+03    3.30558e+04
        LJ (SR)  Disper. corr.   Coulomb (SR)   Coul. recip.   COM Pull En.
   -6.61231e+03   -1.18261e+03   -2.21078e+04    5.24908e+02    3.62036e-01
      Potential    Kinetic En.   Total Energy  Conserved En.    Temperature
    1.57078e+04    9.65685e+03    2.53647e+04    2.55593e+04    2.96175e+02
 Pres. DC (bar) Pressure (bar)   Constr. rmsd
   -4.42352e+02   -7.26471e+02    4.86226e-07

           Step           Time
          11000       11.00000

   Energies (kJ/mol)
           Bond          Angle    Proper Dih.          LJ-14     Coulomb-14
    3.15610e+03    5.75628e+03    1.38013e+03    1.74854e+03    3.30877e+04
        LJ (SR)  Disper. corr.   Coulomb (SR)   Coul. recip.   COM Pull En.
   -6.61390e+03   -1.18261e+03   -2.20910e+04    5.36789e+02    7.90504e-02
      Potential    Kinetic En.   Total Energy  Conserved En.    Temperature
    1.57782e+04    9.58251e+03    2.53607e+04    2.55599e+04    2.93895e+02
 Pres. DC (bar) Pressure (bar)   Constr. rmsd
   -4.42352e+02   -3.65790e+02    4.84388e-07

           Step           Time
          12000       12.00000

   Energies (kJ/mol)
           Bond          Angle    Proper Dih.          LJ-14     Coulomb-14
    3.15250e+03    5.59155e+03    1.32648e+03    1.72226e+03    3.31451e+04
        LJ (SR)  Disper. corr.   Coulomb (SR)   Coul. recip.   COM Pull En.
   -6.63158e+03   -1.18261e+03   -2.22428e+04    5.57933e+02    3.94395e-01
      Potential    Kinetic En.   Total Energy  Conserved En.    Temperature
    1.54393e+04    9.52887e+03    2.49681e+04    2.55583e+04    2.92250e+02
 Pres. DC (bar) Pressure (bar)   Constr. rmsd
   -4.42352e+02   -5.74857e+02    4.71949e-07

           Step           Time
          13000       13.00000

   Energies (kJ/mol)
           Bond          Angle    Proper Dih.          LJ-14     Coulomb-14
    3.21236e+03    5.48819e+03    1.38599e+03    1.71864e+03    3.32559e+04
        LJ (SR)  Disper. corr.   Coulomb (SR)   Coul. recip.   COM Pull En.
   -6.54336e+03   -1.18261e+03   -2.21826e+04    6.06301e+02    8.96404e-01
      Potential    Kinetic En.   Total Energy  Conserved En.    Temperature
    1.57597e+04    9.85886e+03    2.56185e+04    2.55587e+04    3.02371e+02
 Pres. DC (bar) Pressure (bar)   Constr. rmsd
   -4.42352e+02   -7.28964e+01    4.95679e-07

           Step           Time
          14000       14.00000

   Energies (kJ/mol)
           Bond          Angle    Proper Dih.          LJ-14     Coulomb-14
    3.34073e+03    5.61990e+03    1.33577e+03    1.70882e+03    3.28235e+04
        LJ (SR)  Disper. corr.   Coulomb (SR)   Coul. recip.   COM Pull En.
   -6.52399e+03   -1.18261e+03   -2.19748e+04    5.72003e+02    1.76051e-01
      Potential    Kinetic En.   Total Energy  Conserved En.    Temperature
    1.57195e+04    9.56437e+03    2.52838e+04    2.55608e+04    2.93339e+02
 Pres. DC (bar) Pressure (bar)   Constr. rmsd
   -4.42352e+02   -3.79842e+02    4.95613e-07

           Step           Time
          15000       15.00000

   Energies (kJ/mol)
           Bond          Angle    Proper Dih.          LJ-14     Coulomb-14
    3.35221e+03    5.66321e+03    1.37726e+03    1.66905e+03    3.29972e+04
        LJ (SR)  Disper. corr.   Coulomb (SR)   Coul. recip.   COM Pull En.
   -6.53611e+03   -1.18261e+03   -2.21723e+04    5.56588e+02    1.35468e-01
      Potential    Kinetic En.   Total Energy  Conserved En.    Temperature
    1.57247e+04    9.76837e+03    2.54931e+04    2.55603e+04    2.99596e+02
 Pres. DC (bar) Pressure (bar)   Constr. rmsd
   -4.42352e+02   -2.55569e+02    5.32348e-07

           Step           Time
          16000       16.00000

   Energies (kJ/mol)
           Bond          Angle    Proper Dih.          LJ-14     Coulomb-14
    3.24337e+03    5.64966e+03    1.38066e+03    1.72168e+03    3.33515e+04
        LJ (SR)  Disper. corr.   Coulomb (SR)   Coul. recip.   COM Pull En.
   -6.69680e+03   -1.18261e+03   -2.24026e+04    5.58323e+02    2.03765e-02
      Potential    Kinetic En.   Total Energy  Conserved En.    Temperature
    1.56233e+04    9.79650e+03    2.54198e+04    2.55579e+04    3.00458e+02
 Pres. DC (bar) Pressure (bar)   Constr. rmsd
   -4.42352e+02   -3.32289e+02    4.81547e-07

           Step           Time
          17000       17.00000

   Energies (kJ/mol)
           Bond          Angle    Proper Dih.          LJ-14     Coulomb-14
    3.20975e+03    5.80308e+03    1.39649e+03    1.75462e+03    3.31183e+04
        LJ (SR)  Disper. corr.   Coulomb (SR)   Coul. recip.   COM Pull En.
   -6.69672e+03   -1.18261e+03   -2.20980e+04    5.26624e+02    9.89738e-02
      Potential    Kinetic En.   Total Energy  Conserved En.    Temperature
    1.58316e+04    9.47945e+03    2.53110e+04    2.55619e+04    2.90735e+02
 Pres. DC (bar) Pressure (bar)   Constr. rmsd
   -4.42352e+02   -1.26674e+02    4.86884e-07

           Step           Time
          18000       18.00000

   Energies (kJ/mol)
           Bond          Angle    Proper Dih.          LJ-14     Coulomb-14
    3.20593e+03    5.46461e+03    1.35986e+03    1.64866e+03    3.33190e+04
        LJ (SR)  Disper. corr.   Coulomb (SR)   Coul. recip.   COM Pull En.
   -6.70477e+03   -1.18261e+03   -2.22100e+04    5.82293e+02    4.81984e-02
      Potential    Kinetic En.   Total Energy  Conserved En.    Temperature
    1.54830e+04    1.00697e+04    2.55527e+04    2.55556e+04    3.08836e+02
 Pres. DC (bar) Pressure (bar)   Constr. rmsd
   -4.42352e+02   -1.09903e+03    4.91261e-07

           Step           Time
          19000       19.00000

   Energies (kJ/mol)
           Bond          Angle    Proper Dih.          LJ-14     Coulomb-14
    3.33704e+03    5.55854e+03    1.39420e+03    1.71259e+03    3.33853e+04
        LJ (SR)  Disper. corr.   Coulomb (SR)   Coul. recip.   COM Pull En.
   -6.51712e+03   -1.18261e+03   -2.22347e+04    5.34946e+02    1.93055e-01
      Potential    Kinetic En.   Total Energy  Conserved En.    Temperature
    1.59884e+04    9.81826e+03    2.58066e+04    2.55564e+04    3.01126e+02
 Pres. DC (bar) Pressure (bar)   Constr. rmsd
   -4.42352e+02   -7.88958e+02    5.05906e-07

           Step           Time
          20000       20.00000

   Energies (kJ/mol)
           Bond          Angle    Proper Dih.          LJ-14     Coulomb-14
    3.29115e+03    5.55657e+03    1.35397e+03    1.67993e+03    3.29147e+04
        LJ (SR)  Disper. corr.   Coulomb (SR)   Coul. recip.   COM Pull En.
   -6.54212e+03   -1.18261e+03   -2.20307e+04    5.66456e+02    5.70650e-02
      Potential    Kinetic En.   Total Energy  Conserved En.    Temperature
    1.56074e+04    9.74394e+03    2.53513e+04    2.55548e+04    2.98847e+02
 Pres. DC (bar) Pressure (bar)   Constr. rmsd
   -4.42352e+02   -1.39733e+03    4.88698e-07

           Step           Time
          21000       21.00000

   Energies (kJ/mol)
           Bond          Angle    Proper Dih.          LJ-14     Coulomb-14
    3.30863e+03    5.56346e+03    1.36824e+03    1.69192e+03    3.29320e+04
        LJ (SR)  Disper. corr.   Coulomb (SR)   Coul. recip.   COM Pull En.
   -6.59678e+03   -1.18261e+03   -2.19572e+04    5.63543e+02    5.92699e-04
      Potential    Kinetic En.   Total Energy  Conserved En.    Temperature
    1.56913e+04    9.49946e+03    2.51907e+04    2.55566e+04    2.91348e+02
 Pres. DC (bar) Pressure (bar)   Constr. rmsd
   -4.42352e+02   -1.56068e+03    5.22541e-07

           Step           Time
          22000       22.00000

   Energies (kJ/mol)
           Bond          Angle    Proper Dih.          LJ-14     Coulomb-14
    3.13220e+03    5.65890e+03    1.36010e+03    1.70082e+03    3.31778e+04
        LJ (SR)  Disper. corr.   Coulomb (SR)   Coul. recip.   COM Pull En.
   -6.60446e+03   -1.18261e+03   -2.22165e+04    5.56918e+02    3.63591e-05
      Potential    Kinetic En.   Total Energy  Conserved En.    Temperature
    1.55832e+04    9.49127e+03    2.50745e+04    2.55547e+04    2.91097e+02
 Pres. DC (bar) Pressure (bar)   Constr. rmsd
   -4.42352e+02   -1.74002e+03    4.73597e-07

           Step           Time
          23000       23.00000

   Energies (kJ/mol)
           Bond          Angle    Proper Dih.          LJ-14     Coulomb-14
    3.28946e+03    5.59632e+03    1.33833e+03    1.67333e+03    3.30792e+04
        LJ (SR)  Disper. corr.   Coulomb (SR)   Coul. recip.   COM Pull En.
   -6.57860e+03   -1.18261e+03   -2.21861e+04    5.95717e+02    3.04190e-04
      Potential    Kinetic En.   Total Energy  Conserved En.    Temperature
    1.56251e+04    9.31225e+03    2.49373e+04    2.55556e+04    2.85607e+02
 Pres. DC (bar) Pressure (bar)   Constr. rmsd
   -4.42352e+02   -2.44631e+03    4.99585e-07

           Step           Time
          24000       24.00000

   Energies (kJ/mol)
           Bond          Angle    Proper Dih.          LJ-14     Coulomb-14
    3.17923e+03    5.74643e+03    1.40464e+03    1.78911e+03    3.31023e+04
        LJ (SR)  Disper. corr.   Coulomb (SR)   Coul. recip.   COM Pull En.
   -6.52651e+03   -1.18261e+03   -2.20897e+04    5.04051e+02    1.06868e-01
      Potential    Kinetic En.   Total Energy  Conserved En.    Temperature
    1.59270e+04    9.47546e+03    2.54024e+04    2.55530e+04    2.90612e+02
 Pres. DC (bar) Pressure (bar)   Constr. rmsd
   -4.42352e+02   -1.76075e+02    4.88653e-07

           Step           Time
          25000       25.00000

   Energies (kJ/mol)
           Bond          Angle    Proper Dih.          LJ-14     Coulomb-14
    3.17379e+03    5.64295e+03    1.37906e+03    1.73414e+03    3.32843e+04
        LJ (SR)  Disper. corr.   Coulomb (SR)   Coul. recip.   COM Pull En.
   -6.60373e+03   -1.18261e+03   -2.23634e+04    5.56648e+02    9.60589e-01
      Potential    Kinetic En.   Total Energy  Conserved En.    Temperature
    1.56222e+04    9.55254e+03    2.51747e+04    2.55548e+04    2.92976e+02
 Pres. DC (bar) Pressure (bar)   Constr. rmsd
   -4.42352e+02    4.71432e+02    4.91446e-07

           Step           Time
          26000       26.00000

   Energies (kJ/mol)
           Bond          Angle    Proper Dih.          LJ-14     Coulomb-14
    3.21510e+03    5.63477e+03    1.34641e+03    1.69597e+03    3.31282e+04
        LJ (SR)  Disper. corr.   Coulomb (SR)   Coul. recip.   COM Pull En.
   -6.60780e+03   -1.18261e+03   -2.20971e+04    5.22434e+02    5.01459e-02
      Potential    Kinetic En.   Total Energy  Conserved En.    Temperature
    1.56554e+04    9.74534e+03    2.54008e+04    2.55534e+04    2.98889e+02
 Pres. DC (bar) Pressure (bar)   Constr. rmsd
   -4.42352e+02   -4.54500e+02    4.81834e-07

           Step           Time
          27000       27.00000

   Energies (kJ/mol)
           Bond          Angle    Proper Dih.          LJ-14     Coulomb-14
    3.13252e+03    5.43643e+03    1.31849e+03    1.72355e+03    3.30115e+04
        LJ (SR)  Disper. corr.   Coulomb (SR)   Coul. recip.   COM Pull En.
   -6.68739e+03   -1.18261e+03   -2.18729e+04    5.32119e+02    2.13003e-01
      Potential    Kinetic En.   Total Energy  Conserved En.    Temperature
    1.54119e+04    9.94998e+03    2.53619e+04    2.55508e+04    3.05166e+02
 Pres. DC (bar) Pressure (bar)   Constr. rmsd
   -4.42352e+02   -5.74454e+02    4.96244e-07

           Step           Time
          28000       28.00000

   Energies (kJ/mol)
           Bond          Angle    Proper Dih.          LJ-14     Coulomb-14
    3.13536e+03    5.86581e+03    1.34814e+03    1.64670e+03    3.32573e+04
        LJ (SR)  Disper. corr.   Coulomb (SR)   Coul. recip.   COM Pull En.
   -6.77125e+03   -1.18261e+03   -2.22141e+04    5.46242e+02    4.16691e-03
      Potential    Kinetic En.   Total Energy  Conserved En.    Temperature
    1.56316e+04    9.49237e+03    2.51240e+04    2.55534e+04    2.91131e+02
 Pres. DC (bar) Pressure (bar)   Constr. rmsd
   -4.42352e+02   -9.10195e+02    5.24391e-07

           Step           Time
          29000       29.00000

   Energies (kJ/mol)
           Bond          Angle    Proper Dih.          LJ-14     Coulomb-14
    3.11831e+03    5.86921e+03    1.37944e+03    1.72589e+03    3.28543e+04
        LJ (SR)  Disper. corr.   Coulomb (SR)   Coul. recip.   COM Pull En.
   -6.55044e+03   -1.18261e+03   -2.19920e+04    5.87342e+02    3.42241e-01
      Potential    Kinetic En.   Total Energy  Conserved En.    Temperature
    1.58097e+04    9.73600e+03    2.55458e+04    2.55508e+04    2.98603e+02
 Pres. DC (bar) Pressure (bar)   Constr. rmsd
   -4.42352e+02    3.63429e+00    5.04248e-07

           Step           Time
          30000       30.00000

   Energies (kJ/mol)
           Bond          Angle    Proper Dih.          LJ-14     Coulomb-14
    3.11715e+03    5.57981e+03    1.35662e+03    1.68416e+03    3.32459e+04
        LJ (SR)  Disper. corr.   Coulomb (SR)   Coul. recip.   COM Pull En.
   -6.64370e+03   -1.18261e+03   -2.21216e+04    5.93063e+02    3.43813e-01
      Potential    Kinetic En.   Total Energy  Conserved En.    Temperature
    1.56292e+04    9.78164e+03    2.54108e+04    2.55509e+04    3.00003e+02
 Pres. DC (bar) Pressure (bar)   Constr. rmsd
   -4.42352e+02   -4.44372e+02    5.42997e-07

           Step           Time
          31000       31.00000

   Energies (kJ/mol)
           Bond          Angle    Proper Dih.          LJ-14     Coulomb-14
    3.31658e+03    5.43830e+03    1.34531e+03    1.67770e+03    3.34359e+04
        LJ (SR)  Disper. corr.   Coulomb (SR)   Coul. recip.   COM Pull En.
   -6.63711e+03   -1.18261e+03   -2.24063e+04    5.25188e+02    1.83288e-01
      Potential    Kinetic En.   Total Energy  Conserved En.    Temperature
    1.55131e+04    9.53860e+03    2.50517e+04    2.55537e+04    2.92549e+02
 Pres. DC (bar) Pressure (bar)   Constr. rmsd
   -4.42352e+02   -6.08838e+02    5.28064e-07

           Step           Time
          32000       32.00000

   Energies (kJ/mol)
           Bond          Angle    Proper Dih.          LJ-14     Coulomb-14
    3.14432e+03    5.50405e+03    1.34628e+03    1.76841e+03    3.33125e+04
        LJ (SR)  Disper. corr.   Coulomb (SR)   Coul. recip.   COM Pull En.
   -6.56730e+03   -1.18261e+03   -2.22592e+04    5.55072e+02    4.79530e-02
      Potential    Kinetic En.   Total Energy  Conserved En.    Temperature
    1.56215e+04    9.93351e+03    2.55551e+04    2.55482e+04    3.04661e+02
 Pres. DC (bar) Pressure (bar)   Constr. rmsd
   -4.42352e+02    2.79619e+00    5.07781e-07

           Step           Time
          33000       33.00000

   Energies (kJ/mol)
           Bond          Angle    Proper Dih.          LJ-14     Coulomb-14
    3.16863e+03    5.67164e+03    1.39917e+03    1.70828e+03    3.29519e+04
        LJ (SR)  Disper. corr.   Coulomb (SR)   Coul. recip.   COM Pull En.
   -6.71181e+03   -1.18261e+03   -2.19510e+04    5.72370e+02    3.74937e-01
      Potential    Kinetic En.   Total Energy  Conserved En.    Temperature
    1.56269e+04    9.68769e+03    2.53146e+04    2.55499e+04    2.97121e+02
 Pres. DC (bar) Pressure (bar)   Constr. rmsd
   -4.42352e+02   -1.05411e+03    4.74488e-07

           Step           Time
          34000       34.00000

   Energies (kJ/mol)
           Bond          Angle    Proper Dih.          LJ-14     Coulomb-14
    3.15463e+03    5.59284e+03    1.38011e+03    1.75014e+03    3.31592e+04
        LJ (SR)  Disper. corr.   Coulomb (SR)   Coul. recip.   COM Pull En.
   -6.59477e+03   -1.18261e+03   -2.21026e+04    5.57170e+02    1.12448e+00
      Potential    Kinetic En.   Total Energy  Conserved En.    Temperature
    1.57152e+04    9.80513e+03    2.55203e+04    2.55506e+04    3.00723e+02
 Pres. DC (bar) Pressure (bar)   Constr. rmsd
   -4.42352e+02   -3.25784e+02    4.99323e-07

           Step           Time
          35000       35.00000

   Energies (kJ/mol)
           Bond          Angle    Proper Dih.          LJ-14     Coulomb-14
    3.24982e+03    5.53572e+03    1.36952e+03    1.69025e+03    3.31860e+04
        LJ (SR)  Disper. corr.   Coulomb (SR)   Coul. recip.   COM Pull En.
   -6.60348e+03   -1.18261e+03   -2.22629e+04    5.66662e+02    7.99902e-01
      Potential    Kinetic En.   Total Energy  Conserved En.    Temperature
    1.55498e+04    9.77201e+03    2.53218e+04    2.55503e+04    2.99707e+02
 Pres. DC (bar) Pressure (bar)   Constr. rmsd
   -4.42352e+02   -1.20803e+03    5.15916e-07

           Step           Time
          36000       36.00000

   Energies (kJ/mol)
           Bond          Angle    Proper Dih.          LJ-14     Coulomb-14
    3.09306e+03    5.58332e+03    1.36747e+03    1.70153e+03    3.29402e+04
        LJ (SR)  Disper. corr.   Coulomb (SR)   Coul. recip.   COM Pull En.
   -6.64882e+03   -1.18261e+03   -2.17700e+04    5.72284e+02    6.94606e-01
      Potential    Kinetic En.   Total Energy  Conserved En.    Temperature
    1.56571e+04    9.61776e+03    2.52749e+04    2.55508e+04    2.94977e+02
 Pres. DC (bar) Pressure (bar)   Constr. rmsd
   -4.42352e+02   -1.18446e+03    5.06632e-07

           Step           Time
          37000       37.00000

   Energies (kJ/mol)
           Bond          Angle    Proper Dih.          LJ-14     Coulomb-14
    3.23432e+03    5.50522e+03    1.34078e+03    1.69873e+03    3.31323e+04
        LJ (SR)  Disper. corr.   Coulomb (SR)   Coul. recip.   COM Pull En.
   -6.53578e+03   -1.18261e+03   -2.20715e+04    5.59869e+02    2.39313e-01
      Potential    Kinetic En.   Total Energy  Conserved En.    Temperature
    1.56816e+04    9.75850e+03    2.54401e+04    2.55518e+04    2.99293e+02
 Pres. DC (bar) Pressure (bar)   Constr. rmsd
   -4.42352e+02   -1.02518e+03    4.99469e-07

           Step           Time
          38000       38.00000

   Energies (kJ/mol)
           Bond          Angle    Proper Dih.          LJ-14     Coulomb-14
    3.18564e+03    5.45394e+03    1.37316e+03    1.69382e+03    3.31024e+04
        LJ (SR)  Disper. corr.   Coulomb (SR)   Coul. recip.   COM Pull En.
   -6.59987e+03   -1.18261e+03   -2.21135e+04    5.53645e+02    4.37232e-02
      Potential    Kinetic En.   Total Energy  Conserved En.    Temperature
    1.54667e+04    9.74446e+03    2.52112e+04    2.55475e+04    2.98863e+02
 Pres. DC (bar) Pressure (bar)   Constr. rmsd
   -4.42352e+02   -7.04340e+02    4.62617e-07

           Step           Time
          39000       39.00000

   Energies (kJ/mol)
           Bond          Angle    Proper Dih.          LJ-14     Coulomb-14
    3.05541e+03    5.54769e+03    1.34418e+03    1.72536e+03    3.29808e+04
        LJ (SR)  Disper. corr.   Coulomb (SR)   Coul. recip.   COM Pull En.
   -6.61522e+03   -1.18261e+03   -2.20193e+04    5.57838e+02    9.27546e-02
      Potential    Kinetic En.   Total Energy  Conserved En.    Temperature
    1.53942e+04    9.32337e+03    2.47176e+04    2.55495e+04    2.85948e+02
 Pres. DC (bar) Pressure (bar)   Constr. rmsd
   -4.42352e+02   -1.26100e+03    5.20314e-07

           Step           Time
          40000       40.00000

   Energies (kJ/mol)
           Bond          Angle    Proper Dih.          LJ-14     Coulomb-14
    3.04459e+03    5.61543e+03    1.38806e+03    1.75431e+03    3.31473e+04
        LJ (SR)  Disper. corr.   Coulomb (SR)   Coul. recip.   COM Pull En.
   -6.67154e+03   -1.18261e+03   -2.18826e+04    5.53974e+02    5.16275e-02
      Potential    Kinetic En.   Total Energy  Conserved En.    Temperature
    1.57669e+04    9.67590e+03    2.54428e+04    2.55507e+04    2.96760e+02
 Pres. DC (bar) Pressure (bar)   Constr. rmsd
   -4.42352e+02   -3.01769e+02    4.88541e-07

           Step           Time
          41000       41.00000

   Energies (kJ/mol)
           Bond          Angle    Proper Dih.          LJ-14     Coulomb-14
    3.31835e+03    5.60460e+03    1.40216e+03    1.71715e+03    3.29928e+04
        LJ (SR)  Disper. corr.   Coulomb (SR)   Coul. recip.   COM Pull En.
   -6.62706e+03   -1.18261e+03   -2.20209e+04    5.27181e+02    6.21134e-01
      Potential    Kinetic En.   Total Energy  Conserved En.    Temperature
    1.57323e+04    9.74678e+03    2.54791e+04    2.55501e+04    2.98934e+02
 Pres. DC (bar) Pressure (bar)   Constr. rmsd
   -4.42352e+02   -8.61435e+02    4.74204e-07

           Step           Time
          42000       42.00000

   Energies (kJ/mol)
           Bond          Angle    Proper Dih.          LJ-14     Coulomb-14
    3.10031e+03    5.63459e+03    1.35110e+03    1.68399e+03    3.30949e+04
        LJ (SR)  Disper. corr.   Coulomb (SR)   Coul. recip.   COM Pull En.
   -6.54692e+03   -1.18261e+03   -2.20717e+04    5.70405e+02    1.63862e-01
      Potential    Kinetic En.   Total Energy  Conserved En.    Temperature
    1.56342e+04    9.44078e+03    2.50750e+04    2.55480e+04    2.89549e+02
 Pres. DC (bar) Pressure (bar)   Constr. rmsd
   -4.42352e+02   -5.35811e+02    4.86031e-07

           Step           Time
          43000       43.00000

   Energies (kJ/mol)
           Bond          Angle    Proper Dih.          LJ-14     Coulomb-14
    3.25127e+03    5.67870e+03    1.34686e+03    1.69221e+03    3.30861e+04
        LJ (SR)  Disper. corr.   Coulomb (SR)   Coul. recip.   COM Pull En.
   -6.70247e+03   -1.18261e+03   -2.20519e+04    5.62855e+02    3.66860e-01
      Potential    Kinetic En.   Total Energy  Conserved En.    Temperature
    1.56814e+04    9.69505e+03    2.53765e+04    2.55484e+04    2.97347e+02
 Pres. DC (bar) Pressure (bar)   Constr. rmsd
   -4.42352e+02   -4.56830e+02    4.85732e-07

           Step           Time
          44000       44.00000

   Energies (kJ/mol)
           Bond          Angle    Proper Dih.          LJ-14     Coulomb-14
    3.32341e+03    5.59597e+03    1.39227e+03    1.72855e+03    3.31466e+04
        LJ (SR)  Disper. corr.   Coulomb (SR)   Coul. recip.   COM Pull En.
   -6.75030e+03   -1.18261e+03   -2.20163e+04    5.52744e+02    6.60051e-02
      Potential    Kinetic En.   Total Energy  Conserved En.    Temperature
    1.57905e+04    9.74761e+03    2.55381e+04    2.55481e+04    2.98959e+02
 Pres. DC (bar) Pressure (bar)   Constr. rmsd
   -4.42352e+02   -8.23853e+02    4.94385e-07

           Step           Time
          45000       45.00000

   Energies (kJ/mol)
           Bond          Angle    Proper Dih.          LJ-14     Coulomb-14
    3.34234e+03    5.75083e+03    1.36671e+03    1.67716e+03    3.27279e+04
        LJ (SR)  Disper. corr.   Coulomb (SR)   Coul. recip.   COM Pull En.
   -6.56953e+03   -1.18261e+03   -2.19571e+04    5.60780e+02    2.74169e-02
      Potential    Kinetic En.   Total Energy  Conserved En.    Temperature
    1.57165e+04    9.53338e+03    2.52499e+04    2.55513e+04    2.92389e+02
 Pres. DC (bar) Pressure (bar)   Constr. rmsd
   -4.42352e+02   -6.10339e+02    5.15825e-07

           Step           Time
          46000       46.00000

   Energies (kJ/mol)
           Bond          Angle    Proper Dih.          LJ-14     Coulomb-14
    3.03282e+03    5.74198e+03    1.36076e+03    1.73134e+03    3.32309e+04
        LJ (SR)  Disper. corr.   Coulomb (SR)   Coul. recip.   COM Pull En.
   -6.80540e+03   -1.18261e+03   -2.22494e+04    5.44003e+02    7.18105e-03
      Potential    Kinetic En.   Total Energy  Conserved En.    Temperature
    1.54044e+04    9.78149e+03    2.51859e+04    2.55469e+04    2.99998e+02
 Pres. DC (bar) Pressure (bar)   Constr. rmsd
   -4.42352e+02   -4.52375e+02    5.23133e-07

           Step           Time
          47000       47.00000

   Energies (kJ/mol)
           Bond          Angle    Proper Dih.          LJ-14     Coulomb-14
    2.89004e+03    5.60723e+03    1.38888e+03    1.74469e+03    3.30815e+04
        LJ (SR)  Disper. corr.   Coulomb (SR)   Coul. recip.   COM Pull En.
   -6.68809e+03   -1.18261e+03   -2.21153e+04    5.52411e+02    4.19296e-01
      Potential    Kinetic En.   Total Energy  Conserved En.    Temperature
    1.52792e+04    9.56635e+03    2.48456e+04    2.55437e+04    2.93400e+02
 Pres. DC (bar) Pressure (bar)   Constr. rmsd
   -4.42352e+02    1.55930e+02    4.69785e-07

           Step           Time
          48000       48.00000

   Energies (kJ/mol)
           Bond          Angle    Proper Dih.          LJ-14     Coulomb-14
    3.20331e+03    5.51767e+03    1.35049e+03    1.70061e+03    3.29576e+04
        LJ (SR)  Disper. corr.   Coulomb (SR)   Coul. recip.   COM Pull En.
   -6.56389e+03   -1.18261e+03   -2.20387e+04    5.36719e+02    1.39596e-01
      Potential    Kinetic En.   Total Energy  Conserved En.    Temperature
    1.54813e+04    9.81354e+03    2.52949e+04    2.55450e+04    3.00981e+02
 Pres. DC (bar) Pressure (bar)   Constr. rmsd
   -4.42352e+02   -5.35328e+02    4.77226e-07

           Step           Time
          49000       49.00000

   Energies (kJ/mol)
           Bond          Angle    Proper Dih.          LJ-14     Coulomb-14
    3.19497e+03    5.44306e+03    1.31977e+03    1.72139e+03    3.31897e+04
        LJ (SR)  Disper. corr.   Coulomb (SR)   Coul. recip.   COM Pull En.
   -6.60793e+03   -1.18261e+03   -2.21219e+04    5.57817e+02    4.20985e-01
      Potential    Kinetic En.   Total Energy  Conserved En.    Temperature
    1.55147e+04    9.84975e+03    2.53645e+04    2.55432e+04    3.02092e+02
 Pres. DC (bar) Pressure (bar)   Constr. rmsd
   -4.42352e+02   -1.45119e+03    5.14461e-07

           Step           Time
          50000       50.00000

   Energies (kJ/mol)
           Bond          Angle    Proper Dih.          LJ-14     Coulomb-14
    3.31389e+03    5.80114e+03    1.35542e+03    1.69630e+03    3.30673e+04
        LJ (SR)  Disper. corr.   Coulomb (SR)   Coul. recip.   COM Pull En.
   -6.67912e+03   -1.18261e+03   -2.20682e+04    5.64889e+02    2.28840e-02
      Potential    Kinetic En.   Total Energy  Conserved En.    Temperature
    1.58691e+04    9.61910e+03    2.54882e+04    2.55472e+04    2.95018e+02
 Pres. DC (bar) Pressure (bar)   Constr. rmsd
   -4.42352e+02   -1.21998e+03    4.78186e-07

           Step           Time
          51000       51.00000

   Energies (kJ/mol)
           Bond          Angle    Proper Dih.          LJ-14     Coulomb-14
    3.38930e+03    5.60799e+03    1.33515e+03    1.68612e+03    3.28910e+04
        LJ (SR)  Disper. corr.   Coulomb (SR)   Coul. recip.   COM Pull En.
   -6.70491e+03   -1.18261e+03   -2.19114e+04    5.37756e+02    2.13873e-01
      Potential    Kinetic En.   Total Energy  Conserved En.    Temperature
    1.56486e+04    9.77331e+03    2.54219e+04    2.55481e+04    2.99747e+02
 Pres. DC (bar) Pressure (bar)   Constr. rmsd
   -4.42352e+02   -7.93064e+02    4.66714e-07

           Step           Time
          52000       52.00000

   Energies (kJ/mol)
           Bond          Angle    Proper Dih.          LJ-14     Coulomb-14
    3.22304e+03    5.65040e+03    1.33398e+03    1.66053e+03    3.31702e+04
        LJ (SR)  Disper. corr.   Coulomb (SR)   Coul. recip.   COM Pull En.
   -6.63688e+03   -1.18261e+03   -2.21593e+04    5.44017e+02    2.59774e-03
      Potential    Kinetic En.   Total Energy  Conserved En.    Temperature
    1.56034e+04    9.69304e+03    2.52964e+04    2.55411e+04    2.97286e+02
 Pres. DC (bar) Pressure (bar)   Constr. rmsd
   -4.42352e+02   -7.71599e+02    4.93597e-07

           Step           Time
          53000       53.00000

   Energies (kJ/mol)
           Bond          Angle    Proper Dih.          LJ-14     Coulomb-14
    3.17285e+03    5.66907e+03    1.39045e+03    1.73695e+03    3.30707e+04
        LJ (SR)  Disper. corr.   Coulomb (SR)   Coul. recip.   COM Pull En.
   -6.55874e+03   -1.18261e+03   -2.21861e+04    5.58796e+02    4.66189e-01
      Potential    Kinetic En.   Total Energy  Conserved En.    Temperature
    1.56718e+04    9.55927e+03    2.52311e+04    2.55448e+04    2.93183e+02
 Pres. DC (bar) Pressure (bar)   Constr. rmsd
   -4.42352e+02   -7.56561e+02    4.64580e-07

           Step           Time
          54000       54.00000

   Energies (kJ/mol)
           Bond          Angle    Proper Dih.          LJ-14     Coulomb-14
    2.98767e+03    5.76496e+03    1.35863e+03    1.69468e+03    3.29387e+04
        LJ (SR)  Disper. corr.   Coulomb (SR)   Coul. recip.   COM Pull En.
   -6.63243e+03   -1.18261e+03   -2.21426e+04    5.42278e+02    6.64331e-02
      Potential    Kinetic En.   Total Energy  Conserved En.    Temperature
    1.53294e+04    9.70002e+03    2.50294e+04    2.55398e+04    2.97499e+02
 Pres. DC (bar) Pressure (bar)   Constr. rmsd
   -4.42352e+02   -1.18714e+03    5.05424e-07

           Step           Time
          55000       55.00000

   Energies (kJ/mol)
           Bond          Angle    Proper Dih.          LJ-14     Coulomb-14
    3.18188e+03    5.57642e+03    1.36528e+03    1.73229e+03    3.30103e+04
        LJ (SR)  Disper. corr.   Coulomb (SR)   Coul. recip.   COM Pull En.
   -6.70656e+03   -1.18261e+03   -2.21719e+04    5.53647e+02    2.76744e-01
      Potential    Kinetic En.   Total Energy  Conserved En.    Temperature
    1.53591e+04    9.74637e+03    2.51054e+04    2.55423e+04    2.98921e+02
 Pres. DC (bar) Pressure (bar)   Constr. rmsd
   -4.42352e+02   -7.56709e+02    4.82113e-07

           Step           Time
          56000       56.00000

   Energies (kJ/mol)
           Bond          Angle    Proper Dih.          LJ-14     Coulomb-14
    3.13003e+03    5.78935e+03    1.36051e+03    1.69625e+03    3.32012e+04
        LJ (SR)  Disper. corr.   Coulomb (SR)   Coul. recip.   COM Pull En.
   -6.69899e+03   -1.18261e+03   -2.23529e+04    5.57000e+02    4.45833e-01
      Potential    Kinetic En.   Total Energy  Conserved En.    Temperature
    1.55003e+04    9.76383e+03    2.52641e+04    2.55411e+04    2.99456e+02
 Pres. DC (bar) Pressure (bar)   Constr. rmsd
   -4.42352e+02   -9.19172e+02    4.77905e-07

           Step           Time
          57000       57.00000

   Energies (kJ/mol)
           Bond          Angle    Proper Dih.          LJ-14     Coulomb-14
    3.14777e+03    5.58775e+03    1.35597e+03    1.72488e+03    3.32328e+04
        LJ (SR)  Disper. corr.   Coulomb (SR)   Coul. recip.   COM Pull En.
   -6.70836e+03   -1.18261e+03   -2.22498e+04    5.45648e+02    8.47762e-03
      Potential    Kinetic En.   Total Energy  Conserved En.    Temperature
    1.54541e+04    9.48962e+03    2.49437e+04    2.55440e+04    2.91047e+02
 Pres. DC (bar) Pressure (bar)   Constr. rmsd
   -4.42352e+02   -6.83176e+02    4.67057e-07

           Step           Time
          58000       58.00000

   Energies (kJ/mol)
           Bond          Angle    Proper Dih.          LJ-14     Coulomb-14
    3.32859e+03    5.62831e+03    1.35189e+03    1.69136e+03    3.29146e+04
        LJ (SR)  Disper. corr.   Coulomb (SR)   Coul. recip.   COM Pull En.
   -6.73431e+03   -1.18261e+03   -2.19630e+04    5.39634e+02    1.18306e-02
      Potential    Kinetic En.   Total Energy  Conserved En.    Temperature
    1.55745e+04    9.60518e+03    2.51796e+04    2.55433e+04    2.94591e+02
 Pres. DC (bar) Pressure (bar)   Constr. rmsd
   -4.42352e+02    2.65425e+02    4.86376e-07

           Step           Time
          59000       59.00000

   Energies (kJ/mol)
           Bond          Angle    Proper Dih.          LJ-14     Coulomb-14
    3.26813e+03    5.46453e+03    1.33777e+03    1.71722e+03    3.29616e+04
        LJ (SR)  Disper. corr.   Coulomb (SR)   Coul. recip.   COM Pull En.
   -6.66397e+03   -1.18261e+03   -2.21538e+04    5.56092e+02    8.41117e-02
      Potential    Kinetic En.   Total Energy  Conserved En.    Temperature
    1.53050e+04    9.60155e+03    2.49066e+04    2.55416e+04    2.94479e+02
 Pres. DC (bar) Pressure (bar)   Constr. rmsd
   -4.42352e+02    2.37436e+01    5.04631e-07

           Step           Time
          60000       60.00000

   Energies (kJ/mol)
           Bond          Angle    Proper Dih.          LJ-14     Coulomb-14
    3.15961e+03    5.75272e+03    1.33199e+03    1.67738e+03    3.30441e+04
        LJ (SR)  Disper. corr.   Coulomb (SR)   Coul. recip.   COM Pull En.
   -6.73847e+03   -1.18261e+03   -2.21529e+04    5.56103e+02    9.07050e-04
      Potential    Kinetic En.   Total Energy  Conserved En.    Temperature
    1.54479e+04    9.67974e+03    2.51277e+04    2.55419e+04    2.96877e+02
 Pres. DC (bar) Pressure (bar)   Constr. rmsd
   -4.42352e+02   -1.42298e+03    5.10241e-07

           Step           Time
          61000       61.00000

   Energies (kJ/mol)
           Bond          Angle    Proper Dih.          LJ-14     Coulomb-14
    3.11887e+03    5.74796e+03    1.32805e+03    1.67795e+03    3.31069e+04
        LJ (SR)  Disper. corr.   Coulomb (SR)   Coul. recip.   COM Pull En.
   -6.78154e+03   -1.18261e+03   -2.20983e+04    5.18757e+02    1.96847e-02
      Potential    Kinetic En.   Total Energy  Conserved En.    Temperature
    1.54361e+04    9.84754e+03    2.52836e+04    2.55420e+04    3.02024e+02
 Pres. DC (bar) Pressure (bar)   Constr. rmsd
   -4.42352e+02   -1.04305e+03    5.10355e-07

           Step           Time
          62000       62.00000

   Energies (kJ/mol)
           Bond          Angle    Proper Dih.          LJ-14     Coulomb-14
    3.18770e+03    5.56669e+03    1.37597e+03    1.67537e+03    3.31015e+04
        LJ (SR)  Disper. corr.   Coulomb (SR)   Coul. recip.   COM Pull En.
   -6.73079e+03   -1.18261e+03   -2.21556e+04    5.26296e+02    2.53006e-01
      Potential    Kinetic En.   Total Energy  Conserved En.    Temperature
    1.53647e+04    9.54180e+03    2.49066e+04    2.55397e+04    2.92647e+02
 Pres. DC (bar) Pressure (bar)   Constr. rmsd
   -4.42352e+02   -9.69048e+02    4.64525e-07

           Step           Time
          63000       63.00000

   Energies (kJ/mol)
           Bond          Angle    Proper Dih.          LJ-14     Coulomb-14
    3.23781e+03    5.56704e+03    1.35499e+03    1.71415e+03    3.31463e+04
        LJ (SR)  Disper. corr.   Coulomb (SR)   Coul. recip.   COM Pull En.
   -6.75637e+03   -1.18261e+03   -2.21123e+04    5.15070e+02    2.10149e-01
      Potential    Kinetic En.   Total Energy  Conserved En.    Temperature
    1.54843e+04    9.65217e+03    2.51365e+04    2.55410e+04    2.96032e+02
 Pres. DC (bar) Pressure (bar)   Constr. rmsd
   -4.42352e+02   -1.02416e+03    4.87385e-07

           Step           Time
          64000       64.00000

   Energies (kJ/mol)
           Bond          Angle    Proper Dih.          LJ-14     Coulomb-14
    3.22296e+03    5.82895e+03    1.31158e+03    1.68519e+03    3.29187e+04
        LJ (SR)  Disper. corr.   Coulomb (SR)   Coul. recip.   COM Pull En.
   -6.54742e+03   -1.18261e+03   -2.21964e+04    5.37912e+02    3.30161e-01
      Potential    Kinetic En.   Total Energy  Conserved En.    Temperature
    1.55792e+04    9.60361e+03    2.51828e+04    2.55448e+04    2.94543e+02
 Pres. DC (bar) Pressure (bar)   Constr. rmsd
   -4.42352e+02   -1.10007e+03    4.86495e-07

           Step           Time
          65000       65.00000

   Energies (kJ/mol)
           Bond          Angle    Proper Dih.          LJ-14     Coulomb-14
    3.21619e+03    5.24010e+03    1.33564e+03    1.73556e+03    3.33041e+04
        LJ (SR)  Disper. corr.   Coulomb (SR)   Coul. recip.   COM Pull En.
   -6.43743e+03   -1.18261e+03   -2.22468e+04    5.74539e+02    2.25745e-03
      Potential    Kinetic En.   Total Energy  Conserved En.    Temperature
    1.55393e+04    9.51233e+03    2.50517e+04    2.55412e+04    2.91743e+02
 Pres. DC (bar) Pressure (bar)   Constr. rmsd
   -4.42352e+02    2.66924e+02    4.74841e-07

           Step           Time
          66000       66.00000

   Energies (kJ/mol)
           Bond          Angle    Proper Dih.          LJ-14     Coulomb-14
    3.28609e+03    5.62239e+03    1.36148e+03    1.73386e+03    3.32059e+04
        LJ (SR)  Disper. corr.   Coulomb (SR)   Coul. recip.   COM Pull En.
   -6.80797e+03   -1.18261e+03   -2.22931e+04    5.60552e+02    5.81512e-01
      Potential    Kinetic En.   Total Energy  Conserved En.    Temperature
    1.54872e+04    9.81816e+03    2.53053e+04    2.55396e+04    3.01123e+02
 Pres. DC (bar) Pressure (bar)   Constr. rmsd
   -4.42352e+02   -6.11628e+02    5.18436e-07

           Step           Time
          67000       67.00000

   Energies (kJ/mol)
           Bond          Angle    Proper Dih.          LJ-14     Coulomb-14
    3.07579e+03    5.63774e+03    1.37753e+03    1.73024e+03    3.34001e+04
        LJ (SR)  Disper. corr.   Coulomb (SR)   Coul. recip.   COM Pull En.
   -6.67270e+03   -1.18261e+03   -2.24090e+04    5.50080e+02    3.55010e-01
      Potential    Kinetic En.   Total Energy  Conserved En.    Temperature
    1.55075e+04    9.73869e+03    2.52462e+04    2.55383e+04    2.98685e+02
 Pres. DC (bar) Pressure (bar)   Constr. rmsd
   -4.42352e+02   -5.75966e+02    5.05640e-07

           Step           Time
          68000       68.00000

   Energies (kJ/mol)
           Bond          Angle    Proper Dih.          LJ-14     Coulomb-14
    3.32441e+03    5.80197e+03    1.36112e+03    1.72833e+03    3.30156e+04
        LJ (SR)  Disper. corr.   Coulomb (SR)   Coul. recip.   COM Pull En.
   -6.68783e+03   -1.18261e+03   -2.21951e+04    5.67162e+02    3.84464e-02
      Potential    Kinetic En.   Total Energy  Conserved En.    Temperature
    1.57331e+04    9.74028e+03    2.54734e+04    2.55418e+04    2.98734e+02
 Pres. DC (bar) Pressure (bar)   Constr. rmsd
   -4.42352e+02   -9.83430e+02    4.96200e-07

           Step           Time
          69000       69.00000

   Energies (kJ/mol)
           Bond          Angle    Proper Dih.          LJ-14     Coulomb-14
    3.20623e+03    5.34905e+03    1.31667e+03    1.69129e+03    3.30936e+04
        LJ (SR)  Disper. corr.   Coulomb (SR)   Coul. recip.   COM Pull En.
   -6.76185e+03   -1.18261e+03   -2.21126e+04    5.53436e+02    7.83519e-02
      Potential    Kinetic En.   Total Energy  Conserved En.    Temperature
    1.51533e+04    9.74496e+03    2.48982e+04    2.55379e+04    2.98878e+02
 Pres. DC (bar) Pressure (bar)   Constr. rmsd
   -4.42352e+02   -3.81317e+02    4.81894e-07

           Step           Time
          70000       70.00000

   Energies (kJ/mol)
           Bond          Angle    Proper Dih.          LJ-14     Coulomb-14
    3.14702e+03    5.58840e+03    1.34563e+03    1.70297e+03    3.31738e+04
        LJ (SR)  Disper. corr.   Coulomb (SR)   Coul. recip.   COM Pull En.
   -6.69232e+03   -1.18261e+03   -2.22698e+04    5.54668e+02    2.09415e-02
      Potential    Kinetic En.   Total Energy  Conserved En.    Temperature
    1.53677e+04    9.55746e+03    2.49252e+04    2.55402e+04    2.93127e+02
 Pres. DC (bar) Pressure (bar)   Constr. rmsd
   -4.42352e+02    1.13842e+02    4.92895e-07

           Step           Time
          71000       71.00000

   Energies (kJ/mol)
           Bond          Angle    Proper Dih.          LJ-14     Coulomb-14
    3.04524e+03    5.73585e+03    1.35752e+03    1.73599e+03    3.33359e+04
        LJ (SR)  Disper. corr.   Coulomb (SR)   Coul. recip.   COM Pull En.
   -6.55948e+03   -1.18261e+03   -2.25605e+04    5.81731e+02    2.23956e-01
      Potential    Kinetic En.   Total Energy  Conserved En.    Temperature
    1.54898e+04    9.58692e+03    2.50768e+04    2.55389e+04    2.94031e+02
 Pres. DC (bar) Pressure (bar)   Constr. rmsd
   -4.42352e+02    4.00683e+02    5.03049e-07

           Step           Time
          72000       72.00000

   Energies (kJ/mol)
           Bond          Angle    Proper Dih.          LJ-14     Coulomb-14
    3.16844e+03    5.61282e+03    1.35440e+03    1.59459e+03    3.29798e+04
        LJ (SR)  Disper. corr.   Coulomb (SR)   Coul. recip.   COM Pull En.
   -6.67686e+03   -1.18261e+03   -2.20275e+04    5.45133e+02    2.64310e-02
      Potential    Kinetic En.   Total Energy  Conserved En.    Temperature
    1.53683e+04    9.60100e+03    2.49693e+04    2.55372e+04    2.94463e+02
 Pres. DC (bar) Pressure (bar)   Constr. rmsd
   -4.42352e+02   -2.12597e+03    5.17473e-07

           Step           Time
          73000       73.00000

   Energies (kJ/mol)
           Bond          Angle    Proper Dih.          LJ-14     Coulomb-14
    3.35797e+03    5.54948e+03    1.33306e+03    1.65769e+03    3.33445e+04
        LJ (SR)  Disper. corr.   Coulomb (SR)   Coul. recip.   COM Pull En.
   -6.64527e+03   -1.18261e+03   -2.23379e+04    5.67690e+02    2.94684e-01
      Potential    Kinetic En.   Total Energy  Conserved En.    Temperature
    1.56449e+04    9.63202e+03    2.52769e+04    2.55387e+04    2.95414e+02
 Pres. DC (bar) Pressure (bar)   Constr. rmsd
   -4.42352e+02   -1.25570e+03    5.01628e-07

           Step           Time
          74000       74.00000

   Energies (kJ/mol)
           Bond          Angle    Proper Dih.          LJ-14     Coulomb-14
    3.15660e+03    5.62661e+03    1.31460e+03    1.69314e+03    3.32171e+04
        LJ (SR)  Disper. corr.   Coulomb (SR)   Coul. recip.   COM Pull En.
   -6.77487e+03   -1.18261e+03   -2.21791e+04    5.50768e+02    7.06502e-02
      Potential    Kinetic En.   Total Energy  Conserved En.    Temperature
    1.54223e+04    9.77385e+03    2.51962e+04    2.55357e+04    2.99764e+02
 Pres. DC (bar) Pressure (bar)   Constr. rmsd
   -4.42352e+02   -2.68508e+02    5.34246e-07

           Step           Time
          75000       75.00000

   Energies (kJ/mol)
           Bond          Angle    Proper Dih.          LJ-14     Coulomb-14
    3.10261e+03    5.65570e+03    1.34933e+03    1.76137e+03    3.32046e+04
        LJ (SR)  Disper. corr.   Coulomb (SR)   Coul. recip.   COM Pull En.
   -6.63651e+03   -1.18261e+03   -2.21303e+04    5.57893e+02    5.13178e-02
      Potential    Kinetic En.   Total Energy  Conserved En.    Temperature
    1.56822e+04    1.01504e+04    2.58326e+04    2.55368e+04    3.11312e+02
 Pres. DC (bar) Pressure (bar)   Constr. rmsd
   -4.42352e+02    2.44025e+02    5.28071e-07

           Step           Time
          76000       76.00000

   Energies (kJ/mol)
           Bond          Angle    Proper Dih.          LJ-14     Coulomb-14
    3.10681e+03    5.76695e+03    1.33243e+03    1.73625e+03    3.30133e+04
        LJ (SR)  Disper. corr.   Coulomb (SR)   Coul. recip.   COM Pull En.
   -6.63540e+03   -1.18261e+03   -2.21441e+04    5.68716e+02    1.36952e-03
      Potential    Kinetic En.   Total Energy  Conserved En.    Temperature
    1.55624e+04    9.77499e+03    2.53373e+04    2.55354e+04    2.99799e+02
 Pres. DC (bar) Pressure (bar)   Constr. rmsd
   -4.42352e+02    2.02874e+02    5.11409e-07

           Step           Time
          77000       77.00000

   Energies (kJ/mol)
           Bond          Angle    Proper Dih.          LJ-14     Coulomb-14
    3.45338e+03    5.47139e+03    1.36278e+03    1.70332e+03    3.30081e+04
        LJ (SR)  Disper. corr.   Coulomb (SR)   Coul. recip.   COM Pull En.
   -6.65398e+03   -1.18261e+03   -2.20855e+04    5.53161e+02    4.10321e-03
      Potential    Kinetic En.   Total Energy  Conserved En.    Temperature
    1.56300e+04    9.80805e+03    2.54381e+04    2.55368e+04    3.00813e+02
 Pres. DC (bar) Pressure (bar)   Constr. rmsd
   -4.42352e+02   -7.49973e+02    4.96149e-07

           Step           Time
          78000       78.00000

   Energies (kJ/mol)
           Bond          Angle    Proper Dih.          LJ-14     Coulomb-14
    3.27289e+03    5.47444e+03    1.35425e+03    1.67134e+03    3.31843e+04
        LJ (SR)  Disper. corr.   Coulomb (SR)   Coul. recip.   COM Pull En.
   -6.72046e+03   -1.18261e+03   -2.23297e+04    5.70520e+02    8.57920e-01
      Potential    Kinetic En.   Total Energy  Conserved En.    Temperature
    1.52958e+04    9.69180e+03    2.49876e+04    2.55342e+04    2.97247e+02
 Pres. DC (bar) Pressure (bar)   Constr. rmsd
   -4.42352e+02   -1.62814e+03    4.96384e-07

           Step           Time
          79000       79.00000

   Energies (kJ/mol)
           Bond          Angle    Proper Dih.          LJ-14     Coulomb-14
    3.19099e+03    5.66566e+03    1.41646e+03    1.74396e+03    3.31674e+04
        LJ (SR)  Disper. corr.   Coulomb (SR)   Coul. recip.   COM Pull En.
   -6.68330e+03   -1.18261e+03   -2.21693e+04    5.56676e+02    2.79181e-01
      Potential    Kinetic En.   Total Energy  Conserved En.    Temperature
    1.57062e+04    9.63233e+03    2.53385e+04    2.55352e+04    2.95424e+02
 Pres. DC (bar) Pressure (bar)   Constr. rmsd
   -4.42352e+02   -5.43858e+02    4.67883e-07

           Step           Time
          80000       80.00000

   Energies (kJ/mol)
           Bond          Angle    Proper Dih.          LJ-14     Coulomb-14
    3.14328e+03    5.80847e+03    1.34380e+03    1.67165e+03    3.33404e+04
        LJ (SR)  Disper. corr.   Coulomb (SR)   Coul. recip.   COM Pull En.
   -6.86032e+03   -1.18261e+03   -2.22164e+04    5.56548e+02    8.93678e-01
      Potential    Kinetic En.   Total Energy  Conserved En.    Temperature
    1.56057e+04    9.79040e+03    2.53961e+04    2.55366e+04    3.00271e+02
 Pres. DC (bar) Pressure (bar)   Constr. rmsd
   -4.42352e+02   -7.33914e+02    5.09227e-07

           Step           Time
          81000       81.00000

   Energies (kJ/mol)
           Bond          Angle    Proper Dih.          LJ-14     Coulomb-14
    3.11697e+03    5.61463e+03    1.35859e+03    1.67795e+03    3.31762e+04
        LJ (SR)  Disper. corr.   Coulomb (SR)   Coul. recip.   COM Pull En.
   -6.78367e+03   -1.18261e+03   -2.22402e+04    5.81030e+02    5.67957e-01
      Potential    Kinetic En.   Total Energy  Conserved En.    Temperature
    1.53194e+04    9.69933e+03    2.50188e+04    2.55324e+04    2.97478e+02
 Pres. DC (bar) Pressure (bar)   Constr. rmsd
   -4.42352e+02   -6.88197e+02    4.92644e-07

           Step           Time
          82000       82.00000

   Energies (kJ/mol)
           Bond          Angle    Proper Dih.          LJ-14     Coulomb-14
    3.15133e+03    5.56164e+03    1.34963e+03    1.75727e+03    3.33884e+04
        LJ (SR)  Disper. corr.   Coulomb (SR)   Coul. recip.   COM Pull En.
   -6.62052e+03   -1.18261e+03   -2.23414e+04    5.74270e+02    3.12386e-01
      Potential    Kinetic En.   Total Energy  Conserved En.    Temperature
    1.56383e+04    9.64364e+03    2.52819e+04    2.55334e+04    2.95770e+02
 Pres. DC (bar) Pressure (bar)   Constr. rmsd
   -4.42352e+02    1.55294e+02    4.80843e-07

           Step           Time
          83000       83.00000

   Energies (kJ/mol)
           Bond          Angle    Proper Dih.          LJ-14     Coulomb-14
    3.28049e+03    5.68982e+03    1.34213e+03    1.67773e+03    3.29506e+04
        LJ (SR)  Disper. corr.   Coulomb (SR)   Coul. recip.   COM Pull En.
   -6.66666e+03   -1.18261e+03   -2.19706e+04    5.73657e+02    9.40602e-02
      Potential    Kinetic En.   Total Energy  Conserved En.    Temperature
    1.56946e+04    9.79824e+03    2.54929e+04    2.55318e+04    3.00512e+02
 Pres. DC (bar) Pressure (bar)   Constr. rmsd
   -4.42352e+02   -7.19551e+02    4.98550e-07

           Step           Time
          84000       84.00000

   Energies (kJ/mol)
           Bond          Angle    Proper Dih.          LJ-14     Coulomb-14
    3.21414e+03    5.75726e+03    1.32631e+03    1.74971e+03    3.31153e+04
        LJ (SR)  Disper. corr.   Coulomb (SR)   Coul. recip.   COM Pull En.
   -6.75155e+03   -1.18261e+03   -2.21707e+04    5.69509e+02    5.62505e-01
      Potential    Kinetic En.   Total Energy  Conserved En.    Temperature
    1.56279e+04    9.87253e+03    2.55004e+04    2.55339e+04    3.02790e+02
 Pres. DC (bar) Pressure (bar)   Constr. rmsd
   -4.42352e+02   -6.15584e+02    4.90215e-07

           Step           Time
          85000       85.00000

   Energies (kJ/mol)
           Bond          Angle    Proper Dih.          LJ-14     Coulomb-14
    3.26651e+03    5.70134e+03    1.35865e+03    1.71663e+03    3.30557e+04
        LJ (SR)  Disper. corr.   Coulomb (SR)   Coul. recip.   COM Pull En.
   -6.71332e+03   -1.18261e+03   -2.21653e+04    5.62307e+02    4.31655e-01
      Potential    Kinetic En.   Total Energy  Conserved En.    Temperature
    1.56003e+04    9.53253e+03    2.51328e+04    2.55349e+04    2.92362e+02
 Pres. DC (bar) Pressure (bar)   Constr. rmsd
   -4.42352e+02   -7.03115e+02    5.12334e-07

           Step           Time
          86000       86.00000

   Energies (kJ/mol)
           Bond          Angle    Proper Dih.          LJ-14     Coulomb-14
    3.35426e+03    5.37366e+03    1.34907e+03    1.68288e+03    3.31013e+04
        LJ (SR)  Disper. corr.   Coulomb (SR)   Coul. recip.   COM Pull En.
   -6.74924e+03   -1.18261e+03   -2.20096e+04    5.60837e+02    5.55877e-02
      Potential    Kinetic En.   Total Energy  Conserved En.    Temperature
    1.54807e+04    9.73796e+03    2.52186e+04    2.55292e+04    2.98663e+02
 Pres. DC (bar) Pressure (bar)   Constr. rmsd
   -4.42352e+02   -1.37860e+03    4.99272e-07

           Step           Time
          87000       87.00000

   Energies (kJ/mol)
           Bond          Angle    Proper Dih.          LJ-14     Coulomb-14
    3.29242e+03    5.52650e+03    1.37800e+03    1.69556e+03    3.34495e+04
        LJ (SR)  Disper. corr.   Coulomb (SR)   Coul. recip.   COM Pull En.
   -6.72996e+03   -1.18261e+03   -2.24473e+04    5.77187e+02    1.29495e+00
      Potential    Kinetic En.   Total Energy  Conserved En.    Temperature
    1.55607e+04    9.67985e+03    2.52405e+04    2.55299e+04    2.96881e+02
 Pres. DC (bar) Pressure (bar)   Constr. rmsd
   -4.42352e+02   -2.09448e+03    4.86346e-07

           Step           Time
          88000       88.00000

   Energies (kJ/mol)
           Bond          Angle    Proper Dih.          LJ-14     Coulomb-14
    3.26801e+03    5.88911e+03    1.37733e+03    1.74683e+03    3.32248e+04
        LJ (SR)  Disper. corr.   Coulomb (SR)   Coul. recip.   COM Pull En.
   -6.59050e+03   -1.18261e+03   -2.23418e+04    5.90953e+02    1.88377e-03
      Potential    Kinetic En.   Total Energy  Conserved En.    Temperature
    1.59822e+04    9.62593e+03    2.56081e+04    2.55349e+04    2.95227e+02
 Pres. DC (bar) Pressure (bar)   Constr. rmsd
   -4.42352e+02   -1.68218e+03    4.93146e-07

           Step           Time
          89000       89.00000

   Energies (kJ/mol)
           Bond          Angle    Proper Dih.          LJ-14     Coulomb-14
    3.14929e+03    5.61047e+03    1.37365e+03    1.77511e+03    3.31218e+04
        LJ (SR)  Disper. corr.   Coulomb (SR)   Coul. recip.   COM Pull En.
   -6.66664e+03   -1.18261e+03   -2.20387e+04    5.56351e+02    3.48550e-01
      Potential    Kinetic En.   Total Energy  Conserved En.    Temperature
    1.56991e+04    9.61379e+03    2.53128e+04    2.55296e+04    2.94855e+02
 Pres. DC (bar) Pressure (bar)   Constr. rmsd
   -4.42352e+02   -9.98985e+02    5.14333e-07

           Step           Time
          90000       90.00000

   Energies (kJ/mol)
           Bond          Angle    Proper Dih.          LJ-14     Coulomb-14
    3.22495e+03    5.60899e+03    1.33765e+03    1.72195e+03    3.32244e+04
        LJ (SR)  Disper. corr.   Coulomb (SR)   Coul. recip.   COM Pull En.
   -6.60151e+03   -1.18261e+03   -2.23513e+04    5.48756e+02    3.83262e-03
      Potential    Kinetic En.   Total Energy  Conserved En.    Temperature
    1.55313e+04    9.77743e+03    2.53087e+04    2.55283e+04    2.99874e+02
 Pres. DC (bar) Pressure (bar)   Constr. rmsd
   -4.42352e+02   -6.55892e+02    5.22026e-07

           Step           Time
          91000       91.00000

   Energies (kJ/mol)
           Bond          Angle    Proper Dih.          LJ-14     Coulomb-14
    3.24711e+03    5.56534e+03    1.34896e+03    1.65214e+03    3.32380e+04
        LJ (SR)  Disper. corr.   Coulomb (SR)   Coul. recip.   COM Pull En.
   -6.52083e+03   -1.18261e+03   -2.23952e+04    5.79369e+02    3.06721e-01
      Potential    Kinetic En.   Total Energy  Conserved En.    Temperature
    1.55326e+04    9.59057e+03    2.51232e+04    2.55294e+04    2.94143e+02
 Pres. DC (bar) Pressure (bar)   Constr. rmsd
   -4.42352e+02   -6.76717e+02    5.23794e-07

           Step           Time
          92000       92.00000

   Energies (kJ/mol)
           Bond          Angle    Proper Dih.          LJ-14     Coulomb-14
    3.31166e+03    5.52493e+03    1.30674e+03    1.63620e+03    3.33548e+04
        LJ (SR)  Disper. corr.   Coulomb (SR)   Coul. recip.   COM Pull En.
   -6.73108e+03   -1.18261e+03   -2.22508e+04    5.79132e+02    3.93258e-01
      Potential    Kinetic En.   Total Energy  Conserved En.    Temperature
    1.55494e+04    9.98928e+03    2.55387e+04    2.55270e+04    3.06371e+02
 Pres. DC (bar) Pressure (bar)   Constr. rmsd
   -4.42352e+02   -1.65983e+03    4.79722e-07

           Step           Time
          93000       93.00000

   Energies (kJ/mol)
           Bond          Angle    Proper Dih.          LJ-14     Coulomb-14
    3.39921e+03    5.55143e+03    1.37197e+03    1.69623e+03    3.31627e+04
        LJ (SR)  Disper. corr.   Coulomb (SR)   Coul. recip.   COM Pull En.
   -6.75276e+03   -1.18261e+03   -2.22509e+04    5.58044e+02    1.38990e-01
      Potential    Kinetic En.   Total Energy  Conserved En.    Temperature
    1.55535e+04    1.01136e+04    2.56671e+04    2.55272e+04    3.10185e+02
 Pres. DC (bar) Pressure (bar)   Constr. rmsd
   -4.42352e+02   -1.84199e+03    4.89650e-07

           Step           Time
          94000       94.00000

   Energies (kJ/mol)
           Bond          Angle    Proper Dih.          LJ-14     Coulomb-14
    3.41022e+03    5.97428e+03    1.37871e+03    1.75622e+03    3.31719e+04
        LJ (SR)  Disper. corr.   Coulomb (SR)   Coul. recip.   COM Pull En.
   -6.63687e+03   -1.18261e+03   -2.23219e+04    5.54339e+02    4.19652e-01
      Potential    Kinetic En.   Total Energy  Conserved En.    Temperature
    1.61047e+04    9.44627e+03    2.55510e+04    2.55332e+04    2.89717e+02
 Pres. DC (bar) Pressure (bar)   Constr. rmsd
   -4.42352e+02   -1.09552e+03    4.92807e-07

           Step           Time
          95000       95.00000

   Energies (kJ/mol)
           Bond          Angle    Proper Dih.          LJ-14     Coulomb-14
    3.16725e+03    5.75329e+03    1.37377e+03    1.71958e+03    3.28401e+04
        LJ (SR)  Disper. corr.   Coulomb (SR)   Coul. recip.   COM Pull En.
   -6.65046e+03   -1.18261e+03   -2.20906e+04    5.68359e+02    7.61423e-03
      Potential    Kinetic En.   Total Energy  Conserved En.    Temperature
    1.54987e+04    9.57145e+03    2.50701e+04    2.55257e+04    2.93556e+02
 Pres. DC (bar) Pressure (bar)   Constr. rmsd
   -4.42352e+02   -1.05707e+03    4.92918e-07

           Step           Time
          96000       96.00000

   Energies (kJ/mol)
           Bond          Angle    Proper Dih.          LJ-14     Coulomb-14
    3.04879e+03    5.56431e+03    1.38357e+03    1.75468e+03    3.33559e+04
        LJ (SR)  Disper. corr.   Coulomb (SR)   Coul. recip.   COM Pull En.
   -6.75484e+03   -1.18261e+03   -2.24413e+04    5.45170e+02    1.67400e-01
      Potential    Kinetic En.   Total Energy  Conserved En.    Temperature
    1.52738e+04    9.78814e+03    2.50620e+04    2.55248e+04    3.00202e+02
 Pres. DC (bar) Pressure (bar)   Constr. rmsd
   -4.42352e+02    4.43403e+02    4.90846e-07

           Step           Time
          97000       97.00000

   Energies (kJ/mol)
           Bond          Angle    Proper Dih.          LJ-14     Coulomb-14
    3.20493e+03    5.67535e+03    1.34064e+03    1.70641e+03    3.28996e+04
        LJ (SR)  Disper. corr.   Coulomb (SR)   Coul. recip.   COM Pull En.
   -6.62667e+03   -1.18261e+03   -2.21898e+04    5.76815e+02    6.65813e-02
      Potential    Kinetic En.   Total Energy  Conserved En.    Temperature
    1.54047e+04    9.45838e+03    2.48631e+04    2.55314e+04    2.90088e+02
 Pres. DC (bar) Pressure (bar)   Constr. rmsd
   -4.42352e+02    4.15969e+02    4.97687e-07

           Step           Time
          98000       98.00000

   Energies (kJ/mol)
           Bond          Angle    Proper Dih.          LJ-14     Coulomb-14
    3.06599e+03    5.65559e+03    1.31515e+03    1.69082e+03    3.33152e+04
        LJ (SR)  Disper. corr.   Coulomb (SR)   Coul. recip.   COM Pull En.
   -6.66086e+03   -1.18261e+03   -2.24737e+04    5.53255e+02    1.87603e-01
      Potential    Kinetic En.   Total Energy  Conserved En.    Temperature
    1.52791e+04    9.80911e+03    2.50882e+04    2.55236e+04    3.00845e+02
 Pres. DC (bar) Pressure (bar)   Constr. rmsd
   -4.42352e+02    3.17699e+02    5.01708e-07

           Step           Time
          99000       99.00000

   Energies (kJ/mol)
           Bond          Angle    Proper Dih.          LJ-14     Coulomb-14
    3.15906e+03    5.76857e+03    1.34343e+03    1.64818e+03    3.32502e+04
        LJ (SR)  Disper. corr.   Coulomb (SR)   Coul. recip.   COM Pull En.
   -6.84300e+03   -1.18261e+03   -2.23200e+04    5.77550e+02    1.04606e-01
      Potential    Kinetic En.   Total Energy  Conserved En.    Temperature
    1.54015e+04    9.51278e+03    2.49142e+04    2.55299e+04    2.91757e+02
 Pres. DC (bar) Pressure (bar)   Constr. rmsd
   -4.42352e+02   -2.06284e+03    5.24759e-07

           Step           Time
         100000      100.00000

   Energies (kJ/mol)
           Bond          Angle    Proper Dih.          LJ-14     Coulomb-14
    3.03401e+03    5.71582e+03    1.35398e+03    1.73769e+03    3.30103e+04
        LJ (SR)  Disper. corr.   Coulomb (SR)   Coul. recip.   COM Pull En.
   -6.66828e+03   -1.18261e+03   -2.20893e+04    5.38295e+02    7.88569e-03
      Potential    Kinetic En.   Total Energy  Conserved En.    Temperature
    1.54499e+04    9.54800e+03    2.49979e+04    2.55245e+04    2.92837e+02
 Pres. DC (bar) Pressure (bar)   Constr. rmsd
   -4.42352e+02   -7.24199e+02    5.07386e-07

           Step           Time
         101000      101.00000

   Energies (kJ/mol)
           Bond          Angle    Proper Dih.          LJ-14     Coulomb-14
    3.25121e+03    5.73874e+03    1.41001e+03    1.75785e+03    3.30733e+04
        LJ (SR)  Disper. corr.   Coulomb (SR)   Coul. recip.   COM Pull En.
   -6.65985e+03   -1.18261e+03   -2.22441e+04    5.38392e+02    3.18385e-02
      Potential    Kinetic En.   Total Energy  Conserved En.    Temperature
    1.56830e+04    9.38499e+03    2.50680e+04    2.55292e+04    2.87838e+02
 Pres. DC (bar) Pressure (bar)   Constr. rmsd
   -4.42352e+02   -2.50940e+01    5.15669e-07

           Step           Time
         102000      102.00000

   Energies (kJ/mol)
           Bond          Angle    Proper Dih.          LJ-14     Coulomb-14
    3.23572e+03    5.66941e+03    1.33798e+03    1.69665e+03    3.30937e+04
        LJ (SR)  Disper. corr.   Coulomb (SR)   Coul. recip.   COM Pull En.
   -6.61887e+03   -1.18261e+03   -2.22793e+04    5.54513e+02    7.19011e-02
      Potential    Kinetic En.   Total Energy  Conserved En.    Temperature
    1.55072e+04    9.86894e+03    2.53762e+04    2.55217e+04    3.02680e+02
 Pres. DC (bar) Pressure (bar)   Constr. rmsd
   -4.42352e+02   -2.87884e+02    5.01069e-07

           Step           Time
         103000      103.00000

   Energies (kJ/mol)
           Bond          Angle    Proper Dih.          LJ-14     Coulomb-14
    3.23165e+03    5.47099e+03    1.37142e+03    1.79603e+03    3.29909e+04
        LJ (SR)  Disper. corr.   Coulomb (SR)   Coul. recip.   COM Pull En.
   -6.55736e+03   -1.18261e+03   -2.20397e+04    5.68078e+02    6.19304e-02
      Potential    Kinetic En.   Total Energy  Conserved En.    Temperature
    1.56495e+04    9.94087e+03    2.55903e+04    2.55213e+04    3.04886e+02
 Pres. DC (bar) Pressure (bar)   Constr. rmsd
   -4.42352e+02   -6.83823e+01    5.08218e-07

           Step           Time
         104000      104.00000

   Energies (kJ/mol)
           Bond          Angle    Proper Dih.          LJ-14     Coulomb-14
    3.12998e+03    5.62443e+03    1.38494e+03    1.68625e+03    3.30384e+04
        LJ (SR)  Disper. corr.   Coulomb (SR)   Coul. recip.   COM Pull En.
   -6.66925e+03   -1.18261e+03   -2.20619e+04    5.49462e+02    8.33491e-02
      Potential    Kinetic En.   Total Energy  Conserved En.    Temperature
    1.54998e+04    9.71149e+03    2.52113e+04    2.55184e+04    2.97851e+02
 Pres. DC (bar) Pressure (bar)   Constr. rmsd
   -4.42352e+02   -1.61014e+03    4.96061e-07

           Step           Time
         105000      105.00000

   Energies (kJ/mol)
           Bond          Angle    Proper Dih.          LJ-14     Coulomb-14
    3.21310e+03    5.57916e+03    1.34187e+03    1.70433e+03    3.32542e+04
        LJ (SR)  Disper. corr.   Coulomb (SR)   Coul. recip.   COM Pull En.
   -6.73700e+03   -1.18261e+03   -2.23265e+04    5.72009e+02    4.67949e-01
      Potential    Kinetic En.   Total Energy  Conserved En.    Temperature
    1.54190e+04    9.49263e+03    2.49116e+04    2.55221e+04    2.91139e+02
 Pres. DC (bar) Pressure (bar)   Constr. rmsd
   -4.42352e+02   -9.46259e+02    5.24322e-07

           Step           Time
         106000      106.00000

   Energies (kJ/mol)
           Bond          Angle    Proper Dih.          LJ-14     Coulomb-14
    3.02055e+03    5.74030e+03    1.32432e+03    1.75111e+03    3.34129e+04
        LJ (SR)  Disper. corr.   Coulomb (SR)   Coul. recip.   COM Pull En.
   -6.58525e+03   -1.18261e+03   -2.25080e+04    5.60099e+02    8.92133e-02
      Potential    Kinetic En.   Total Energy  Conserved En.    Temperature
    1.55336e+04    9.60392e+03    2.51375e+04    2.55218e+04    2.94552e+02
 Pres. DC (bar) Pressure (bar)   Constr. rmsd
   -4.42352e+02    7.31094e+01    5.10975e-07

           Step           Time
         107000      107.00000

   Energies (kJ/mol)
           Bond          Angle    Proper Dih.          LJ-14     Coulomb-14
    3.28350e+03    5.43897e+03    1.35542e+03    1.79131e+03    3.31756e+04
        LJ (SR)  Disper. corr.   Coulomb (SR)   Coul. recip.   COM Pull En.
   -6.64332e+03   -1.18261e+03   -2.23857e+04    5.68452e+02    2.16629e-01
      Potential    Kinetic En.   Total Energy  Conserved En.    Temperature
    1.54019e+04    9.69369e+03    2.50955e+04    2.55192e+04    2.97305e+02
 Pres. DC (bar) Pressure (bar)   Constr. rmsd
   -4.42352e+02   -6.91680e+02    5.10298e-07

           Step           Time
         108000      108.00000

   Energies (kJ/mol)
           Bond          Angle    Proper Dih.          LJ-14     Coulomb-14
    3.18646e+03    5.69102e+03    1.40180e+03    1.77235e+03    3.31038e+04
        LJ (SR)  Disper. corr.   Coulomb (SR)   Coul. recip.   COM Pull En.
   -6.69691e+03   -1.18261e+03   -2.22853e+04    5.59806e+02    2.38749e-01
      Potential    Kinetic En.   Total Energy  Conserved En.    Temperature
    1.55506e+04    9.70919e+03    2.52598e+04    2.55209e+04    2.97781e+02
 Pres. DC (bar) Pressure (bar)   Constr. rmsd
   -4.42352e+02   -1.00447e+03    4.84749e-07

           Step           Time
         109000      109.00000

   Energies (kJ/mol)
           Bond          Angle    Proper Dih.          LJ-14     Coulomb-14
    3.14250e+03    5.88425e+03    1.36958e+03    1.72382e+03    3.30846e+04
        LJ (SR)  Disper. corr.   Coulomb (SR)   Coul. recip.   COM Pull En.
   -6.73898e+03   -1.18261e+03   -2.20863e+04    5.60555e+02    3.24513e-01
      Potential    Kinetic En.   Total Energy  Conserved En.    Temperature
    1.57578e+04    9.74871e+03    2.55065e+04    2.55180e+04    2.98993e+02
 Pres. DC (bar) Pressure (bar)   Constr. rmsd
   -4.42352e+02   -8.53945e+02    5.06064e-07

           Step           Time
         110000      110.00000

   Energies (kJ/mol)
           Bond          Angle    Proper Dih.          LJ-14     Coulomb-14
    3.12259e+03    5.56522e+03    1.34007e+03    1.75419e+03    3.34817e+04
        LJ (SR)  Disper. corr.   Coulomb (SR)   Coul. recip.   COM Pull En.
   -6.72978e+03   -1.18261e+03   -2.23336e+04    5.82249e+02    1.32146e-01
      Potential    Kinetic En.   Total Energy  Conserved En.    Temperature
    1.56002e+04    9.58683e+03    2.51870e+04    2.55187e+04    2.94028e+02
 Pres. DC (bar) Pressure (bar)   Constr. rmsd
   -4.42352e+02    6.45747e+02    4.70791e-07

           Step           Time
         111000      111.00000

   Energies (kJ/mol)
           Bond          Angle    Proper Dih.          LJ-14     Coulomb-14
    2.96533e+03    5.70178e+03    1.35153e+03    1.70706e+03    3.33172e+04
        LJ (SR)  Disper. corr.   Coulomb (SR)   Coul. recip.   COM Pull En.
   -6.69804e+03   -1.18261e+03   -2.22941e+04    5.27095e+02    1.45475e-01
      Potential    Kinetic En.   Total Energy  Conserved En.    Temperature
    1.53954e+04    9.94387e+03    2.53393e+04    2.55130e+04    3.04978e+02
 Pres. DC (bar) Pressure (bar)   Constr. rmsd
   -4.42352e+02   -3.93352e+02    5.12959e-07

           Step           Time
         112000      112.00000

   Energies (kJ/mol)
           Bond          Angle    Proper Dih.          LJ-14     Coulomb-14
    3.15519e+03    5.61970e+03    1.35142e+03    1.74468e+03    3.32650e+04
        LJ (SR)  Disper. corr.   Coulomb (SR)   Coul. recip.   COM Pull En.
   -6.62695e+03   -1.18261e+03   -2.21434e+04    5.50615e+02    5.24516e-01
      Potential    Kinetic En.   Total Energy  Conserved En.    Temperature
    1.57342e+04    9.69718e+03    2.54314e+04    2.55182e+04    2.97412e+02
 Pres. DC (bar) Pressure (bar)   Constr. rmsd
   -4.42352e+02   -5.55305e+02    5.00088e-07

           Step           Time
         113000      113.00000

   Energies (kJ/mol)
           Bond          Angle    Proper Dih.          LJ-14     Coulomb-14
    3.22146e+03    5.44289e+03    1.33357e+03    1.65439e+03    3.28433e+04
        LJ (SR)  Disper. corr.   Coulomb (SR)   Coul. recip.   COM Pull En.
   -6.70819e+03   -1.18261e+03   -2.18383e+04    5.48076e+02    7.91292e-01
      Potential    Kinetic En.   Total Energy  Conserved En.    Temperature
    1.53153e+04    9.70201e+03    2.50174e+04    2.55168e+04    2.97561e+02
 Pres. DC (bar) Pressure (bar)   Constr. rmsd
   -4.42352e+02   -1.43641e+03    5.20020e-07

           Step           Time
         114000      114.00000

   Energies (kJ/mol)
           Bond          Angle    Proper Dih.          LJ-14     Coulomb-14
    3.08028e+03    5.53430e+03    1.33524e+03    1.75438e+03    3.34025e+04
        LJ (SR)  Disper. corr.   Coulomb (SR)   Coul. recip.   COM Pull En.
   -6.67252e+03   -1.18261e+03   -2.22411e+04    5.76505e+02    1.44240e-02
      Potential    Kinetic En.   Total Energy  Conserved En.    Temperature
    1.55870e+04    9.85107e+03    2.54381e+04    2.55147e+04    3.02132e+02
 Pres. DC (bar) Pressure (bar)   Constr. rmsd
   -4.42352e+02   -1.08925e+02    4.91735e-07

           Step           Time
         115000      115.00000

   Energies (kJ/mol)
           Bond          Angle    Proper Dih.          LJ-14     Coulomb-14
    3.06159e+03    5.76127e+03    1.37426e+03    1.67785e+03    3.34093e+04
        LJ (SR)  Disper. corr.   Coulomb (SR)   Coul. recip.   COM Pull En.
   -6.69163e+03   -1.18261e+03   -2.23471e+04    5.47193e+02    8.85161e-01
      Potential    Kinetic En.   Total Energy  Conserved En.    Temperature
    1.56110e+04    9.78107e+03    2.53921e+04    2.55154e+04    2.99985e+02
 Pres. DC (bar) Pressure (bar)   Constr. rmsd
   -4.42352e+02   -1.02128e+03    4.70195e-07

           Step           Time
         116000      116.00000

   Energies (kJ/mol)
           Bond          Angle    Proper Dih.          LJ-14     Coulomb-14
    3.19184e+03    5.43290e+03    1.35676e+03    1.71634e+03    3.32779e+04
        LJ (SR)  Disper. corr.   Coulomb (SR)   Coul. recip.   COM Pull En.
   -6.74411e+03   -1.18261e+03   -2.21497e+04    5.66730e+02    6.66886e-01
      Potential    Kinetic En.   Total Energy  Conserved En.    Temperature
    1.54668e+04    9.76407e+03    2.52308e+04    2.55141e+04    2.99464e+02
 Pres. DC (bar) Pressure (bar)   Constr. rmsd
   -4.42352e+02   -8.50235e+02    4.81010e-07

           Step           Time
         117000      117.00000

   Energies (kJ/mol)
           Bond          Angle    Proper Dih.          LJ-14     Coulomb-14
    3.20960e+03    5.65259e+03    1.36287e+03    1.70984e+03    3.30871e+04
        LJ (SR)  Disper. corr.   Coulomb (SR)   Coul. recip.   COM Pull En.
   -6.59000e+03   -1.18261e+03   -2.22367e+04    5.46894e+02    7.95658e-01
      Potential    Kinetic En.   Total Energy  Conserved En.    Temperature
    1.55604e+04    9.72289e+03    2.52833e+04    2.55184e+04    2.98201e+02
 Pres. DC (bar) Pressure (bar)   Constr. rmsd
   -4.42352e+02   -3.01317e+02    4.84884e-07

           Step           Time
         118000      118.00000

   Energies (kJ/mol)
           Bond          Angle    Proper Dih.          LJ-14     Coulomb-14
    3.13583e+03    5.72495e+03    1.36159e+03    1.69191e+03    3.33549e+04
        LJ (SR)  Disper. corr.   Coulomb (SR)   Coul. recip.   COM Pull En.
   -6.54928e+03   -1.18261e+03   -2.23580e+04    5.64073e+02    2.15129e-01
      Potential    Kinetic En.   Total Energy  Conserved En.    Temperature
    1.57436e+04    9.72049e+03    2.54641e+04    2.55155e+04    2.98127e+02
 Pres. DC (bar) Pressure (bar)   Constr. rmsd
   -4.42352e+02   -2.41814e+02    5.17234e-07

           Step           Time
         119000      119.00000

   Energies (kJ/mol)
           Bond          Angle    Proper Dih.          LJ-14     Coulomb-14
    3.32271e+03    5.67731e+03    1.35820e+03    1.67360e+03    3.32309e+04
        LJ (SR)  Disper. corr.   Coulomb (SR)   Coul. recip.   COM Pull En.
   -6.66489e+03   -1.18261e+03   -2.23692e+04    5.62268e+02    4.12280e-01
      Potential    Kinetic En.   Total Energy  Conserved En.    Temperature
    1.56087e+04    9.83114e+03    2.54399e+04    2.55164e+04    3.01521e+02
 Pres. DC (bar) Pressure (bar)   Constr. rmsd
   -4.42352e+02   -1.05580e+03    4.81282e-07

           Step           Time
         120000      120.00000

   Energies (kJ/mol)
           Bond          Angle    Proper Dih.          LJ-14     Coulomb-14
    3.30666e+03    5.52184e+03    1.35283e+03    1.66181e+03    3.33402e+04
        LJ (SR)  Disper. corr.   Coulomb (SR)   Coul. recip.   COM Pull En.
   -6.73767e+03   -1.18261e+03   -2.22762e+04    5.43161e+02    3.91581e-01
      Potential    Kinetic En.   Total Energy  Conserved En.    Temperature
    1.55304e+04    9.66940e+03    2.51998e+04    2.55167e+04    2.96560e+02
 Pres. DC (bar) Pressure (bar)   Constr. rmsd
   -4.42352e+02   -1.78367e+03    4.63466e-07

           Step           Time
         121000      121.00000

   Energies (kJ/mol)
           Bond          Angle    Proper Dih.          LJ-14     Coulomb-14
    3.19435e+03    5.69071e+03    1.35879e+03    1.70873e+03    3.32587e+04
        LJ (SR)  Disper. corr.   Coulomb (SR)   Coul. recip.   COM Pull En.
   -6.66607e+03   -1.18261e+03   -2.22434e+04    5.85767e+02    7.76387e-01
      Potential    Kinetic En.   Total Energy  Conserved En.    Temperature
    1.57058e+04    9.60960e+03    2.53154e+04    2.55162e+04    2.94726e+02
 Pres. DC (bar) Pressure (bar)   Constr. rmsd
   -4.42352e+02   -1.25826e+03    4.68085e-07

           Step           Time
         122000      122.00000

   Energies (kJ/mol)
           Bond          Angle    Proper Dih.          LJ-14     Coulomb-14
    3.18076e+03    5.56131e+03    1.39683e+03    1.73449e+03    3.31971e+04
        LJ (SR)  Disper. corr.   Coulomb (SR)   Coul. recip.   COM Pull En.
   -6.73153e+03   -1.18261e+03   -2.22378e+04    5.92670e+02    9.94497e-05
      Potential    Kinetic En.   Total Energy  Conserved En.    Temperature
    1.55112e+04    9.89616e+03    2.54074e+04    2.55150e+04    3.03515e+02
 Pres. DC (bar) Pressure (bar)   Constr. rmsd
   -4.42352e+02   -8.02179e+01    4.92082e-07

           Step           Time
         123000      123.00000

   Energies (kJ/mol)
           Bond          Angle    Proper Dih.          LJ-14     Coulomb-14
    3.22990e+03    5.79561e+03    1.37438e+03    1.70380e+03    3.31204e+04
        LJ (SR)  Disper. corr.   Coulomb (SR)   Coul. recip.   COM Pull En.
   -6.62727e+03   -1.18261e+03   -2.21456e+04    5.77096e+02    3.50433e-01
      Potential    Kinetic En.   Total Energy  Conserved En.    Temperature
    1.58460e+04    9.58875e+03    2.54347e+04    2.55166e+04    2.94087e+02
 Pres. DC (bar) Pressure (bar)   Constr. rmsd
   -4.42352e+02    6.45407e+02    5.02027e-07

           Step           Time
         124000      124.00000

   Energies (kJ/mol)
           Bond          Angle    Proper Dih.          LJ-14     Coulomb-14
    3.23475e+03    5.60371e+03    1.38735e+03    1.67858e+03    3.30785e+04
        LJ (SR)  Disper. corr.   Coulomb (SR)   Coul. recip.   COM Pull En.
   -6.58061e+03   -1.18261e+03   -2.21820e+04    5.80613e+02    3.13866e-02
      Potential    Kinetic En.   Total Energy  Conserved En.    Temperature
    1.56184e+04    9.72710e+03    2.53455e+04    2.55128e+04    2.98330e+02
 Pres. DC (bar) Pressure (bar)   Constr. rmsd
   -4.42352e+02   -9.58985e+02    4.99243e-07

           Step           Time
         125000      125.00000

Writing checkpoint, step 125000 at Tue Oct  6 05:20:23 2026


   Energies (kJ/mol)
           Bond          Angle    Proper Dih.          LJ-14     Coulomb-14
    3.19117e+03    5.69462e+03    1.36494e+03    1.70951e+03    3.29692e+04
        LJ (SR)  Disper. corr.   Coulomb (SR)   Coul. recip.   COM Pull En.
   -6.64303e+03   -1.18261e+03   -2.20354e+04    5.66058e+02    7.74720e-02
      Potential    Kinetic En.   Total Energy  Conserved En.    Temperature
    1.56345e+04    9.49754e+03    2.51320e+04    2.55138e+04    2.91290e+02
 Pres. DC (bar) Pressure (bar)   Constr. rmsd
   -4.42352e+02   -3.82979e+02    4.91653e-07


Energy conservation over simulation part #1 of length 125 ps, time 0 to 125 ps
  Conserved energy drift: -1.25e-04 kJ/mol/ps per atom


	<======  ###############  ==>
	<====  A V E R A G E S  ====>
	<==  ###############  ======>

	Statistics over 125001 steps using 1251 frames

   Energies (kJ/mol)
           Bond          Angle    Proper Dih.          LJ-14     Coulomb-14
    3.19820e+03    5.63484e+03    1.35838e+03    1.71675e+03    3.31379e+04
        LJ (SR)  Disper. corr.   Coulomb (SR)   Coul. recip.   COM Pull En.
   -6.66435e+03   -1.18261e+03   -2.21748e+04    5.57129e+02    2.60552e-01
      Potential    Kinetic En.   Total Energy  Conserved En.    Temperature
    1.55817e+04    9.71697e+03    2.52987e+04    2.55397e+04    2.98019e+02
 Pres. DC (bar) Pressure (bar)   Constr. rmsd
   -4.42352e+02   -6.18607e+02    0.00000e+00

   Total Virial (kJ/mol)
    4.29327e+03   -7.48001e+01    1.31584e+01
   -7.48001e+01    4.10554e+03    8.31239e-01
    1.31581e+01    8.32294e-01    3.80298e+03

   Pressure (bar)
   -7.86712e+02    5.25375e+01   -4.36077e+00
    5.25375e+01   -6.45626e+02   -2.59620e+00
   -4.36050e+00   -2.59699e+00   -4.23482e+02


	M E G A - F L O P S   A C C O U N T I N G

 NB=Group-cutoff nonbonded kernels    NxN=N-by-N cluster Verlet kernels
 RF=Reaction-Field  VdW=Van der Waals  QSTab=quadratic-spline table
 W3=SPC/TIP3p  W4=TIP4p (single or pairs)
 V&F=Potential and force  V=Potential only  F=Force only

 Computing:                               M-Number         M-Flops  % Flops
-----------------------------------------------------------------------------
 Pair Search distance check            1075.071180        9675.641     0.1
 NxN Ewald Elec. + LJ [F]            139729.366656     9222138.199    79.1
 NxN Ewald Elec. + LJ [V&F]            1412.548824      151142.724     1.3
 NxN LJ [F]                           11143.009152      367719.302     3.2
 NxN LJ [V&F]                           112.640496        4843.541     0.0
 NxN Ewald Elec. [F]                   3634.410384      221699.033     1.9
 NxN Ewald Elec. [V&F]                   36.739800        3086.143     0.0
 1,4 nonbonded interactions             593.254746       53392.927     0.5
 Calc Weights                          1209.384675       43537.848     0.4
 Spread Q Bspline                     25800.206400       51600.413     0.4
 Gather F Bspline                     25800.206400      154801.238     1.3
 3D-FFT                              122880.733038      983045.864     8.4
 Solve PME                             2176.017408      139265.114     1.2
 Reset In Box                             4.031250          12.094     0.0
 CG-CoM                                   4.034475          12.103     0.0
 Bonds                                  257.752062       15207.372     0.1
 Angles                                 551.504412       92652.741     0.8
 Propers                                615.504924      140950.628     1.2
 Virial                                   4.090770          73.634     0.0
 Calc-Ekin                               32.256450         870.924     0.0
 Lincs                                   61.000488        3660.029     0.0
 Lincs-Mat                               66.000528         264.002     0.0
 Constraint-V                           122.000976        1098.009     0.0
 Constraint-Vir                           0.610488          14.652     0.0
-----------------------------------------------------------------------------
 Total                                                11660764.177   100.0
-----------------------------------------------------------------------------


    D O M A I N   D E C O M P O S I T I O N   S T A T I S T I C S

 av. #atoms communicated per step for force:  2 x 0.0
 av. #atoms communicated per step for LINCS:  3 x 0.0


      R E A L   C Y C L E   A N D   T I M E   A C C O U N T I N G

On 1 MPI rank, each using 2 OpenMP threads

 Activity:              Num   Num      Call    Wall time         Giga-Cycles
                        Ranks Threads  Count      (s)         total sum    %
--------------------------------------------------------------------------------
 Domain decomp.            1    2       1250       0.928          0.045   0.4
 Neighbor search           1    2       1251       3.018          0.145   1.4
 Force                     1    2     125001     150.120          7.206  68.8
 PME mesh                  1    2     125001      48.109          2.309  22.0
 NB X/F buffer ops.        1    2     250002       4.906          0.236   2.2
 COM pull force            1    2     125001       2.662          0.128   1.2
 Write traj.               1    2        126       0.046          0.002   0.0
 Update                    1    2     125001       2.969          0.143   1.4
 Constraints               1    2     125001       3.219          0.155   1.5
 Kinetic energy            1    2      10001       0.214          0.010   0.1
 Rest                                              2.062          0.099   0.9
--------------------------------------------------------------------------------
 Total                                           218.254         10.476 100.0
--------------------------------------------------------------------------------
 Breakdown of PME mesh activities
--------------------------------------------------------------------------------
 PME spread                1    2     125001      12.723          0.611   5.8
 PME gather                1    2     125001      11.560          0.555   5.3
 PME 3D-FFT                1    2     250002      21.665          1.040   9.9
 PME solve Elec            1    2     125001       1.905          0.091   0.9
--------------------------------------------------------------------------------

               Core t (s)   Wall t (s)        (%)
       Time:      436.507      218.254      200.0
                 (ns/day)    (hour/ns)    (ms/step)  (Matom*steps/s) 
Performance:       49.484        0.485        1.746            1.847 
Finished mdrun on rank 0 Tue Oct  6 05:20:23 2026

