                :-) GROMACS - gmx mdrun, 2026.3-conda_forge (-:

Copyright 1991-2026 The GROMACS Authors.
GROMACS is free software; you can redistribute it and/or modify it
under the terms of the GNU Lesser General Public License
as published by the Free Software Foundation; either version 2.1
of the License, or (at your option) any later version.

                         Current GROMACS contributors:
       Mark Abraham           Andrey Alekseenko           Brian Andrews       
        Paul Bauer              Cathrine Bergh              Hugh Bird         
      Eliane Briand               Ania Brown                Yiqi Chen         
      Mahesh Doijade            Giacomo Fiorin          Stefan Fleischmann    
      Sergey Gorelov         Gilles Gouaillardet            Alan Gray         
   Farzaneh Jalalypour         Petter Johansson          Carsten Kutzner      
    Grzegorz Łazarski         Justin A. Lemkul          Magnus Lundborg      
        Julio Maia               Pascal Merz             Vedran Miletić      
      Dmitry Morozov           Lukas Müllender           Szilárd Páll      
 Andrea Pasquadibisceglie     Michele Pellegrino         Nicola Piasentin     
     Daniele Rapetti         Muhammad Umair Sadiq         Hubert Santuz       
      Michael Shirts           Tatiana Shugaeva          Alexey Shvetsov      
     Bálint Soproni            Philip Turner            Alessandra Villa     
        Yang Zhang        

                         Previous GROMACS contributors:
        Emile Apol             Rossen Apostolov           James Barnett       
      Vladimir Basov        Herman J.C. Berendsen          Par Bjelkmar       
      Christian Blau          Viacheslav Bolnykh            Kevin Boyd        
    Aldert van Buuren          Carlo Camilloni           Rudi van Drunen      
      Anton Feenstra           Oliver Fleetwood            Vytas Gapsys       
       Gaurav Garg             Gerrit Groenhof            Bert de Groot       
      Anca Hamuraru           Vincent Hindriksen          Victor Holanda      
     M. Eric Irrgang           Aleksei Iupinov              Joe Jordan        
    Christoph Junghans        Prashanth Kanduri        Dimitrios Karkoulis    
       Peter Kasson             Sebastian Kehl           Sebastian Keller     
        Jiri Kraus               Per Larsson              Viveca Lindahl      
      Erik Marklund           Pieter Meulenhoff           Teemu Murtola       
       Julien Nabet              Sander Pronk             Roland Schulz       
      Alfons Sijbers         David van der Spoel          Peter Tieleman      
      Carsten Uphoff             Jon Vincent             Teemu Virolainen     
    Christian Wennberg     Sebastian Wingbermühle         Maarten Wolf       
      Artem Zhmurov       

                  Coordinated by the GROMACS project leaders:
                           Berk Hess and Erik Lindahl

GROMACS:      gmx mdrun, version 2026.3-conda_forge
Executable:   /Users/mattiaapicella/Documents/Codex/2026-10-06/06-10-26-00-55-24/work/molecular/gromacs-env/bin.ARM_NEON_ASIMD/gmx
Data prefix:  /Users/mattiaapicella/Documents/Codex/2026-10-06/06-10-26-00-55-24/work/molecular/gromacs-env
Working dir:  /Users/mattiaapicella/Documents/Codex/2026-10-06/06-10-26-00-55-24/work/molecular/results/umbrella-ladders/HFIP_n4_k750_500ps/reverse/z0.850
Process ID:   41695
Command line:
  gmx mdrun -deffnm run -pf pullf.xvg -px pullx.xvg -ntmpi 1 -ntomp 1 -pin off -nice 8

GROMACS version:     2026.3-conda_forge
Precision:           mixed
Memory model:        64 bit
MPI library:         thread_mpi
MPI version:         built in
OpenMP support:      enabled (GMX_OPENMP_MAX_THREADS = 128)
GPU support:         disabled
SIMD instructions:   ARM_NEON_ASIMD
CPU FFT library:     fftw-3.3.11
GPU FFT library:     none
Multi-GPU FFT:       none
TNG support:         enabled
Hwloc support:       disabled
Tracing support:     disabled
Colvars support:     enabled (version 2025-10-13)
CP2K support:        disabled
Torch support:       disabled
Plumed support:      enabled
C compiler:          /Users/runner/miniforge3/conda-bld/gromacs_1785262939206/_build_env/bin/arm64-apple-darwin20.0.0-clang Clang 19.1.7
C compiler flags:    -Wno-missing-field-initializers -O3 -DNDEBUG
C++ compiler:        /Users/runner/miniforge3/conda-bld/gromacs_1785262939206/_build_env/bin/arm64-apple-darwin20.0.0-clang++ Clang 19.1.7
C++ compiler flags:  -Wno-reserved-identifier -Wno-missing-field-initializers -Weverything -Wno-c++98-compat -Wno-c++98-compat-pedantic -Wno-source-uses-openmp -Wno-c++17-extensions -Wno-documentation-unknown-command -Wno-covered-switch-default -Wno-switch-enum -Wno-switch-default -Wno-extra-semi-stmt -Wno-weak-vtables -Wno-shadow -Wno-padded -Wno-reserved-id-macro -Wno-double-promotion -Wno-exit-time-destructors -Wno-global-constructors -Wno-documentation -Wno-format-nonliteral -Wno-used-but-marked-unused -Wno-float-equal -Wno-conditional-uninitialized -Wno-conversion -Wno-disabled-macro-expansion -Wno-unused-macros -Wno-unsafe-buffer-usage -Wno-cast-function-type-strict SHELL:-fopenmp=libomp -O3 -DNDEBUG
BLAS library:        External - detected on the system
LAPACK library:      External - detected on the system


Running on 1 node with total 0 processing units
Hardware detected on host Mattias-MacBook-Pro.local:
  CPU info:
    Vendor: ARM
    Brand:  Unknown CPU brand
    Family: 0   Model: 0   Stepping: 0
    Features: neon neon_asimd
  Hardware topology: Only logical processor count
    CPU limit set by OS: -1   Recommended max number of threads: 8


++++ PLEASE READ AND CITE THE FOLLOWING REFERENCE ++++
M. J. Abraham, T. Murtola, R. Schulz, S. Páll, J. C. Smith, B. Hess, E.
Lindahl
GROMACS: High performance molecular simulations through multi-level
parallelism from laptops to supercomputers
SoftwareX (2015)
https://doi.org/10.1016/j.softx.2015.06.001
-------- -------- --- Thank You --- -------- --------


++++ PLEASE READ AND CITE THE FOLLOWING REFERENCE ++++
S. Páll, M. J. Abraham, C. Kutzner, B. Hess, E. Lindahl
Tackling Exascale Software Challenges in Molecular Dynamics Simulations with
GROMACS
In S. Markidis & E. Laure (Eds.), Solving Software Challenges for Exascale (2015)
https://doi.org/10.1007/978-3-319-15976-8_1
-------- -------- --- Thank You --- -------- --------


++++ PLEASE READ AND CITE THE FOLLOWING REFERENCE ++++
S. Pronk, S. Páll, R. Schulz, P. Larsson, P. Bjelkmar, R. Apostolov, M. R.
Shirts, J. C. Smith, P. M. Kasson, D. van der Spoel, B. Hess, E. Lindahl
GROMACS 4.5: a high-throughput and highly parallel open source molecular
simulation toolkit
Bioinformatics (2013)
https://doi.org/10.1093/bioinformatics/btt055
-------- -------- --- Thank You --- -------- --------


++++ PLEASE READ AND CITE THE FOLLOWING REFERENCE ++++
B. Hess, C. Kutzner, D. van der Spoel, E. Lindahl
GROMACS 4: Algorithms for highly efficient, load-balanced, and scalable
molecular simulation
J. Chem. Theory Comput. (2008)
https://doi.org/10.1021/ct700301q
-------- -------- --- Thank You --- -------- --------


++++ PLEASE READ AND CITE THE FOLLOWING REFERENCE ++++
D. van der Spoel, E. Lindahl, B. Hess, G. Groenhof, A. E. Mark, H. J. C.
Berendsen
GROMACS: Fast, Flexible and Free
J. Comp. Chem. (2005)
https://doi.org/10.1002/jcc.20291
-------- -------- --- Thank You --- -------- --------


++++ PLEASE READ AND CITE THE FOLLOWING REFERENCE ++++
E. Lindahl, B. Hess, D. van der Spoel
GROMACS 3.0: A package for molecular simulation and trajectory analysis
J. Mol. Mod. (2001)
https://doi.org/10.1007/s008940100045
-------- -------- --- Thank You --- -------- --------


++++ PLEASE READ AND CITE THE FOLLOWING REFERENCE ++++
H. J. C. Berendsen, D. van der Spoel and R. van Drunen
GROMACS: A message-passing parallel molecular dynamics implementation
Comp. Phys. Comm. (1995)
https://doi.org/10.1016/0010-4655(95)00042-E
-------- -------- --- Thank You --- -------- --------

Input Parameters:
   integrator                     = md
   tinit                          = 0
   dt                             = 0.001
   nsteps                         = 500000
   init-step                      = 0
   simulation-part                = 1
   mts                            = false
   mass-repartition-factor        = 1
   comm-mode                      = None
   nstcomm                        = 0
   bd-fric                        = 0
   ld-seed                        = -872854066
   emtol                          = 10
   emstep                         = 0.01
   niter                          = 20
   fcstep                         = 0
   nstcgsteep                     = 1000
   nbfgscorr                      = 10
   rtpi                           = 0.05
   nstxout                        = 0
   nstvout                        = 0
   nstfout                        = 0
   nstlog                         = 1000
   nstcalcenergy                  = 100
   nstenergy                      = 1000
   nstxout-compressed             = 1000
   compressed-x-precision         = 10000
   cutoff-scheme                  = Verlet
   nstlist                        = 20
   pbc                            = xyz
   periodic-molecules             = false
   verlet-buffer-tolerance        = 0.005
   verlet-buffer-pressure-tolerance = 0.5
   rlist                          = 1.004
   coulombtype                    = PME
   coulomb-modifier               = Potential-shift
   rcoulomb-switch                = 0
   rcoulomb                       = 1
   epsilon-r                      = 1
   epsilon-rf                     = inf
   vdw-type                       = Cut-off
   vdw-modifier                   = Potential-shift
   rvdw-switch                    = 0
   rvdw                           = 1
   DispCorr                       = EnerPres
   table-extension                = 1
   fourierspacing                 = 0.12
   fourier-nx                     = 32
   fourier-ny                     = 32
   fourier-nz                     = 32
   pme-order                      = 4
   ewald-rtol                     = 0.0001
   ewald-rtol-lj                  = 0.001
   lj-pme-comb-rule               = Geometric
   ewald-geometry                 = 3d
   epsilon-surface                = 0
   ensemble-temperature-setting   = constant
   ensemble-temperature           = 298.15
   tcoupl                         = V-rescale
   nsttcouple                     = 25
   nh-chain-length                = 0
   print-nose-hoover-chain-variables = false
   pcoupl                         = No
   refcoord-scaling               = No
   posres-com: not available
   posres-comB: not available
   QMMM                           = false
qm-opts:
   ngQM                           = 0
   constraint-algorithm           = Lincs
   continuation                   = true
   Shake-SOR                      = false
   shake-tol                      = 0.0001
   lincs-order                    = 6
   lincs-iter                     = 2
   lincs-warnangle                = 30
   nwall                          = 0
   wall-type                      = 9-3
   wall-r-linpot                  = -1
   wall-atomtype[0]               = -1
   wall-atomtype[1]               = -1
   wall-density[0]                = 0
   wall-density[1]                = 0
   wall-ewald-zfac                = 3
   pull                           = true
   pull-cylinder-r                = 1.5
   pull-constr-tol                = 1e-06
   pull-print-COM                 = false
   pull-print-ref-value           = false
   pull-print-components          = false
   pull-nstxout                   = 100
   pull-nstfout                   = 100
   pull-pbc-ref-prev-step-com     = false
   pull-xout-average              = false
   pull-fout-average              = false
   pull-ngroups                   = 3
   pull-group 0:
     atom: not available
     weight: not available
     pbcatom                        = -1
   pull-group 1:
     atom (448):
        atom[0,...,447] = {0,...,447}
     weight: not available
     pbcatom                        = 0
   pull-group 2:
     atom (65):
        atom[0,...,64] = {448,...,512}
     weight: not available
     pbcatom                        = 461
   pull-ncoords                   = 1
   pull-coord 0:
   type                           = umbrella
   geometry                       = direction-periodic
   group[0]                       = 1
   group[1]                       = 2
   dim (3):
      dim[0]=0
      dim[1]=0
      dim[2]=1
   origin (3):
      origin[0]= 0.00000e+00
      origin[1]= 0.00000e+00
      origin[2]= 0.00000e+00
   vec (3):
      vec[0]= 0.00000e+00
      vec[1]= 0.00000e+00
      vec[2]= 1.00000e+00
   start                          = false
   init                           = 0.85
   rate                           = 0
   k                              = 750
   kB                             = 750
   awh                            = false
   rotation                       = false
   interactiveMD                  = false
   disre                          = No
   disre-weighting                = Conservative
   disre-mixed                    = false
   dr-fc                          = 1000
   dr-tau                         = 0
   nstdisreout                    = 100
   orire-fc                       = 0
   orire-tau                      = 0
   nstorireout                    = 100
   free-energy                    = no
   cos-acceleration               = 0
   deform (3x3):
      deform[    0]={ 0.00000e+00,  0.00000e+00,  0.00000e+00}
      deform[    1]={ 0.00000e+00,  0.00000e+00,  0.00000e+00}
      deform[    2]={ 0.00000e+00,  0.00000e+00,  0.00000e+00}
   simulated-tempering            = false
   swapcoords                     = no
   userint1                       = 0
   userint2                       = 0
   userint3                       = 0
   userint4                       = 0
   userreal1                      = 0
   userreal2                      = 0
   userreal3                      = 0
   userreal4                      = 0
   applied-forces:
     electric-field:
       x:
         E0                       = 0
         omega                    = 0
         t0                       = 0
         sigma                    = 0
       y:
         E0                       = 0
         omega                    = 0
         t0                       = 0
         sigma                    = 0
       z:
         E0                       = 0
         omega                    = 0
         t0                       = 0
         sigma                    = 0
     density-guided-simulation:
       active                     = false
       group                      = protein
       similarity-measure         = inner-product
       atom-spreading-weight      = unity
       force-constant             = 1e+09
       gaussian-transform-spreading-width = 0.2
       gaussian-transform-spreading-range-in-multiples-of-width = 4
       reference-density-filename = reference.mrc
       nst                        = 1
       normalize-densities        = true
       adaptive-force-scaling     = false
       adaptive-force-scaling-time-constant = 4
       shift-vector               = 
       transformation-matrix      = 
     qmmm-cp2k:
       active                     = false
       qmgroup                    = System
       qmmethod                   = PBE
       qmfilenames                = 
       qmcharge                   = 0
       qmmultiplicity             = 1
     colvars:
       active                     = false
       configfile                 = 
       seed                       = -1
     nnpot:
       active                     = false
       modelfile                  = model.pt
       input-group                = System
       link-type                  = H
       link-distance              = 0.1
       pair-cutoff                = 0
       embedding                  = mechanical
       nnp-charge                 = 0
       model-input1               = 
       model-input2               = 
       model-input3               = 
       model-input4               = 
       model-input5               = 
       model-input6               = 
       model-input7               = 
       model-input8               = 
       model-input9               = 
   fast-multipole-method:
     fmm:
       backend                    = inactive
       exafmm-order               = 6
       exafmm-direct-range        = 2
       exafmm-direct-provider     = GROMACS
       exafmm-tree-type           = uniform
       exafmm-tree-depth          = 0
       exafmm-max-particles-per-cell = 0
       fmsolvr-order              = 8
       fmsolvr-direct-range       = 1
       fmsolvr-direct-provider    = FMM
       fmsolvr-dipole-compensation = true
       fmsolvr-tree-depth         = 3
       fmsolvr-sparse             = false
grpopts:
   nrdf:        7843
   ref-t:      298.15
   tau-t:         0.2
annealing:          No
annealing-npoints:           0
   acc:	           0           0           0
   nfreeze:           Y           Y           Y           N           N           N
   energygrp-flags[  0]: 0

Changing nstlist from 20 to 100, rlist from 1.004 to 1.093

Update groups can not be used for this system because atoms that are (in)directly constrained together are interdispersed with other atoms

Initializing Domain Decomposition on 1 ranks
Dynamic load balancing: auto
Minimum cell size due to atom displacement: 0.458 nm
Initial maximum distances in bonded interactions:
    two-body bonded interactions: 0.394 nm, LJ-14, atoms 747 748
  multi-body bonded interactions: 0.413 nm, Proper Dih., atoms 464 477
Minimum cell size due to bonded interactions: 0.455 nm
Maximum distance for 7 constraints, at 120 deg. angles, all-trans: 0.219 nm
Estimated maximum distance required for P-LINCS: 0.219 nm
Using 0 separate PME ranks because: there are too few total ranks for efficient splitting
Optimizing the DD grid for 1 cells with a minimum initial size of 0.458 nm
The maximum allowed number of cells is: X 7 Y 7 Z 8
Domain decomposition grid 1 x 1 x 1, separate PME ranks 0
PME domain decomposition: 1 x 1 x 1

The initial number of communication pulses is:
The initial domain decomposition cell size is:

The maximum allowed distance for atoms involved in interactions is:
                 non-bonded interactions           1.093 nm
            two-body bonded interactions  (-rdd)   1.093 nm
          multi-body bonded interactions  (-rdd)   1.093 nm
  atoms separated by up to 7 constraints  (-rcon)  3.403 nm

When dynamic load balancing gets turned on, these settings will change to:
The maximum number of communication pulses is:
The minimum size for domain decomposition cells is 1.093 nm
The requested allowed shrink of DD cells (option -dds) is: 0.80
The allowed shrink of domain decomposition cells is:
The maximum allowed distance for atoms involved in interactions is:
                 non-bonded interactions           1.093 nm
            two-body bonded interactions  (-rdd)   1.093 nm
          multi-body bonded interactions  (-rdd)   1.093 nm
  atoms separated by up to 7 constraints  (-rcon)  1.093 nm

Local state does not use filler particles

Using 1 MPI thread
Using 1 OpenMP thread 

System total charge: 0.000
Will do PME sum in reciprocal space for electrostatic interactions.

++++ PLEASE READ AND CITE THE FOLLOWING REFERENCE ++++
U. Essmann, L. Perera, M. L. Berkowitz, T. Darden, H. Lee, L. G. Pedersen 
A smooth particle mesh Ewald method
J. Chem. Phys. (1995)
https://doi.org/10.1063/1.470117
-------- -------- --- Thank You --- -------- --------

Using a Gaussian width (1/beta) of 0.363496 nm for Ewald
Potential shift: LJ r^-12: -1.000e+00 r^-6: -1.000e+00, Ewald -1.000e-04
Initialized non-bonded Coulomb Ewald tables, spacing: 9.94e-04 size: 1007

Generated table with 1046 data points for 1-4 COUL.
Tabscale = 500 points/nm
Generated table with 1046 data points for 1-4 LJ6.
Tabscale = 500 points/nm
Generated table with 1046 data points for 1-4 LJ12.
Tabscale = 500 points/nm
Long Range LJ corr.: <C6> 1.2090e-03


Using SIMD4xM 4x4 nonbonded short-range kernels

Using a dual 4x4 pair-list setup updated with dynamic pruning:
  outer list: updated every 100 steps, buffer 0.093 nm, rlist 1.093 nm
  inner list: updated every   7 steps, buffer 0.001 nm, rlist 1.001 nm
At tolerance 0.005 kJ/mol/ps per atom, equivalent classical 1x1 list would be:
  outer list: updated every 100 steps, buffer 0.184 nm, rlist 1.184 nm
  inner list: updated every   7 steps, buffer 0.005 nm, rlist 1.005 nm

The average pressure is off by at most 0.44 bar due to missing LJ interactions

Using full Lennard-Jones parameter combination matrix

Linking all bonded interactions to atoms


Will apply potential COM pulling
with 1 pull coordinate and 2 groups
Pull group 1:   448 atoms, mass  5380.928
Pull group 2:    65 atoms, mass   416.514

Initializing Parallel LINear Constraint Solver

++++ PLEASE READ AND CITE THE FOLLOWING REFERENCE ++++
B. Hess
P-LINCS: A Parallel Linear Constraint Solver for molecular simulation
J. Chem. Theory Comput. (2008)
https://doi.org/10.1021/ct700200b
-------- -------- --- Thank You --- -------- --------

The number of constraints is 488
There are constraints between atoms in different decomposition domains,
will communicate selected coordinates each lincs iteration

++++ PLEASE READ AND CITE THE FOLLOWING REFERENCE ++++
G. Bussi, D. Donadio, M. Parrinello
Canonical sampling through velocity rescaling
J. Chem. Phys. (2007)
https://doi.org/10.1063/1.2408420
-------- -------- --- Thank You --- -------- --------

There are: 3225 Atoms

Atom distribution over 1 domains: av 3225 stddev 0 min 3225 max 3225

Started mdrun on rank 0 Tue Oct  6 08:50:04 2026

           Step           Time
              0        0.00000

   Energies (kJ/mol)
           Bond          Angle    Proper Dih.          LJ-14     Coulomb-14
    3.33755e+03    5.44629e+03    1.32115e+03    1.66017e+03    3.34051e+04
        LJ (SR)  Disper. corr.   Coulomb (SR)   Coul. recip.   COM Pull En.
   -6.73432e+03   -1.18261e+03   -2.25588e+04    5.53543e+02    7.06838e+00
      Potential    Kinetic En.   Total Energy  Conserved En.    Temperature
    1.52551e+04    9.61550e+03    2.48706e+04    2.48706e+04    2.94907e+02
 Pres. DC (bar) Pressure (bar)   Constr. rmsd
   -4.42352e+02   -1.30927e+03    4.90994e-07

           Step           Time
           1000        1.00000

   Energies (kJ/mol)
           Bond          Angle    Proper Dih.          LJ-14     Coulomb-14
    3.17740e+03    5.62006e+03    1.34197e+03    1.68137e+03    3.31549e+04
        LJ (SR)  Disper. corr.   Coulomb (SR)   Coul. recip.   COM Pull En.
   -6.73249e+03   -1.18261e+03   -2.23706e+04    5.62306e+02    7.30125e+00
      Potential    Kinetic En.   Total Energy  Conserved En.    Temperature
    1.52596e+04    9.65267e+03    2.49123e+04    2.48697e+04    2.96047e+02
 Pres. DC (bar) Pressure (bar)   Constr. rmsd
   -4.42352e+02   -5.22215e+02    4.99279e-07

           Step           Time
           2000        2.00000

   Energies (kJ/mol)
           Bond          Angle    Proper Dih.          LJ-14     Coulomb-14
    3.18429e+03    5.77001e+03    1.37306e+03    1.74744e+03    3.31419e+04
        LJ (SR)  Disper. corr.   Coulomb (SR)   Coul. recip.   COM Pull En.
   -6.71634e+03   -1.18261e+03   -2.22367e+04    5.53036e+02    3.89183e+00
      Potential    Kinetic En.   Total Energy  Conserved En.    Temperature
    1.56380e+04    9.56629e+03    2.52043e+04    2.48695e+04    2.93398e+02
 Pres. DC (bar) Pressure (bar)   Constr. rmsd
   -4.42352e+02    1.68638e+01    4.78339e-07

           Step           Time
           3000        3.00000

   Energies (kJ/mol)
           Bond          Angle    Proper Dih.          LJ-14     Coulomb-14
    3.21126e+03    5.59708e+03    1.36908e+03    1.72572e+03    3.31448e+04
        LJ (SR)  Disper. corr.   Coulomb (SR)   Coul. recip.   COM Pull En.
   -6.65300e+03   -1.18261e+03   -2.22985e+04    5.55763e+02    5.67150e+00
      Potential    Kinetic En.   Total Energy  Conserved En.    Temperature
    1.54752e+04    9.95069e+03    2.54259e+04    2.48638e+04    3.05188e+02
 Pres. DC (bar) Pressure (bar)   Constr. rmsd
   -4.42352e+02   -5.82677e+02    5.19390e-07

           Step           Time
           4000        4.00000

   Energies (kJ/mol)
           Bond          Angle    Proper Dih.          LJ-14     Coulomb-14
    3.30862e+03    5.64889e+03    1.31976e+03    1.69280e+03    3.29780e+04
        LJ (SR)  Disper. corr.   Coulomb (SR)   Coul. recip.   COM Pull En.
   -6.69539e+03   -1.18261e+03   -2.20692e+04    5.46759e+02    6.53624e+00
      Potential    Kinetic En.   Total Energy  Conserved En.    Temperature
    1.55541e+04    9.87787e+03    2.54320e+04    2.48660e+04    3.02954e+02
 Pres. DC (bar) Pressure (bar)   Constr. rmsd
   -4.42352e+02   -1.71174e+03    4.98674e-07

           Step           Time
           5000        5.00000

   Energies (kJ/mol)
           Bond          Angle    Proper Dih.          LJ-14     Coulomb-14
    3.24782e+03    5.74559e+03    1.32849e+03    1.64866e+03    3.32300e+04
        LJ (SR)  Disper. corr.   Coulomb (SR)   Coul. recip.   COM Pull En.
   -6.68735e+03   -1.18261e+03   -2.22524e+04    5.62893e+02    4.37894e+00
      Potential    Kinetic En.   Total Energy  Conserved En.    Temperature
    1.56455e+04    9.74101e+03    2.53865e+04    2.48684e+04    2.98757e+02
 Pres. DC (bar) Pressure (bar)   Constr. rmsd
   -4.42352e+02   -1.86266e+03    5.00066e-07

           Step           Time
           6000        6.00000

   Energies (kJ/mol)
           Bond          Angle    Proper Dih.          LJ-14     Coulomb-14
    3.17178e+03    5.68400e+03    1.35989e+03    1.72249e+03    3.35250e+04
        LJ (SR)  Disper. corr.   Coulomb (SR)   Coul. recip.   COM Pull En.
   -6.80070e+03   -1.18261e+03   -2.24394e+04    5.59422e+02    6.08079e+00
      Potential    Kinetic En.   Total Energy  Conserved En.    Temperature
    1.56059e+04    9.51332e+03    2.51193e+04    2.48664e+04    2.91773e+02
 Pres. DC (bar) Pressure (bar)   Constr. rmsd
   -4.42352e+02   -9.42268e+02    4.87108e-07

           Step           Time
           7000        7.00000

   Energies (kJ/mol)
           Bond          Angle    Proper Dih.          LJ-14     Coulomb-14
    3.33644e+03    5.50663e+03    1.37279e+03    1.74586e+03    3.35861e+04
        LJ (SR)  Disper. corr.   Coulomb (SR)   Coul. recip.   COM Pull En.
   -6.73298e+03   -1.18261e+03   -2.26077e+04    5.50832e+02    3.78513e+00
      Potential    Kinetic En.   Total Energy  Conserved En.    Temperature
    1.55791e+04    9.79214e+03    2.53713e+04    2.48650e+04    3.00325e+02
 Pres. DC (bar) Pressure (bar)   Constr. rmsd
   -4.42352e+02   -9.01808e+02    5.18022e-07

           Step           Time
           8000        8.00000

   Energies (kJ/mol)
           Bond          Angle    Proper Dih.          LJ-14     Coulomb-14
    3.12366e+03    5.46465e+03    1.34451e+03    1.72658e+03    3.37784e+04
        LJ (SR)  Disper. corr.   Coulomb (SR)   Coul. recip.   COM Pull En.
   -6.68208e+03   -1.18261e+03   -2.27097e+04    5.56892e+02    3.92354e+00
      Potential    Kinetic En.   Total Energy  Conserved En.    Temperature
    1.54242e+04    9.97095e+03    2.53952e+04    2.48608e+04    3.05809e+02
 Pres. DC (bar) Pressure (bar)   Constr. rmsd
   -4.42352e+02   -8.01083e+02    5.07078e-07

           Step           Time
           9000        9.00000

   Energies (kJ/mol)
           Bond          Angle    Proper Dih.          LJ-14     Coulomb-14
    3.23520e+03    5.70005e+03    1.39313e+03    1.78135e+03    3.30993e+04
        LJ (SR)  Disper. corr.   Coulomb (SR)   Coul. recip.   COM Pull En.
   -6.70098e+03   -1.18261e+03   -2.21992e+04    5.71718e+02    3.14503e+00
      Potential    Kinetic En.   Total Energy  Conserved En.    Temperature
    1.57011e+04    9.76756e+03    2.54687e+04    2.48642e+04    2.99571e+02
 Pres. DC (bar) Pressure (bar)   Constr. rmsd
   -4.42352e+02    5.98086e+01    4.99031e-07

           Step           Time
          10000       10.00000

   Energies (kJ/mol)
           Bond          Angle    Proper Dih.          LJ-14     Coulomb-14
    3.09144e+03    5.83013e+03    1.36014e+03    1.77121e+03    3.31752e+04
        LJ (SR)  Disper. corr.   Coulomb (SR)   Coul. recip.   COM Pull En.
   -6.77164e+03   -1.18261e+03   -2.22530e+04    5.65449e+02    2.72814e+00
      Potential    Kinetic En.   Total Energy  Conserved En.    Temperature
    1.55890e+04    9.96798e+03    2.55570e+04    2.48626e+04    3.05718e+02
 Pres. DC (bar) Pressure (bar)   Constr. rmsd
   -4.42352e+02    1.33703e+02    4.92556e-07

           Step           Time
          11000       11.00000

   Energies (kJ/mol)
           Bond          Angle    Proper Dih.          LJ-14     Coulomb-14
    3.34608e+03    5.75628e+03    1.38950e+03    1.74283e+03    3.29343e+04
        LJ (SR)  Disper. corr.   Coulomb (SR)   Coul. recip.   COM Pull En.
   -6.68515e+03   -1.18261e+03   -2.20901e+04    5.62434e+02    8.88995e+00
      Potential    Kinetic En.   Total Energy  Conserved En.    Temperature
    1.57824e+04    9.60996e+03    2.53924e+04    2.48642e+04    2.94737e+02
 Pres. DC (bar) Pressure (bar)   Constr. rmsd
   -4.42352e+02   -9.99035e+02    5.00626e-07

           Step           Time
          12000       12.00000

   Energies (kJ/mol)
           Bond          Angle    Proper Dih.          LJ-14     Coulomb-14
    3.16024e+03    5.67481e+03    1.35517e+03    1.67928e+03    3.35292e+04
        LJ (SR)  Disper. corr.   Coulomb (SR)   Coul. recip.   COM Pull En.
   -6.76348e+03   -1.18261e+03   -2.24186e+04    5.61747e+02    2.08306e+00
      Potential    Kinetic En.   Total Energy  Conserved En.    Temperature
    1.55979e+04    9.94116e+03    2.55391e+04    2.48632e+04    3.04895e+02
 Pres. DC (bar) Pressure (bar)   Constr. rmsd
   -4.42352e+02   -1.15193e+03    4.91720e-07

           Step           Time
          13000       13.00000

   Energies (kJ/mol)
           Bond          Angle    Proper Dih.          LJ-14     Coulomb-14
    3.42437e+03    5.68487e+03    1.34871e+03    1.66932e+03    3.29280e+04
        LJ (SR)  Disper. corr.   Coulomb (SR)   Coul. recip.   COM Pull En.
   -6.54278e+03   -1.18261e+03   -2.20492e+04    5.55932e+02    3.98538e+00
      Potential    Kinetic En.   Total Energy  Conserved En.    Temperature
    1.58406e+04    9.91494e+03    2.57555e+04    2.48634e+04    3.04091e+02
 Pres. DC (bar) Pressure (bar)   Constr. rmsd
   -4.42352e+02   -1.19235e+03    5.01868e-07

           Step           Time
          14000       14.00000

   Energies (kJ/mol)
           Bond          Angle    Proper Dih.          LJ-14     Coulomb-14
    3.45541e+03    5.45235e+03    1.35402e+03    1.72472e+03    3.32060e+04
        LJ (SR)  Disper. corr.   Coulomb (SR)   Coul. recip.   COM Pull En.
   -6.72842e+03   -1.18261e+03   -2.20647e+04    5.79292e+02    4.76591e+00
      Potential    Kinetic En.   Total Energy  Conserved En.    Temperature
    1.58008e+04    9.83516e+03    2.56360e+04    2.48621e+04    3.01644e+02
 Pres. DC (bar) Pressure (bar)   Constr. rmsd
   -4.42352e+02   -1.18276e+03    4.88280e-07

           Step           Time
          15000       15.00000

   Energies (kJ/mol)
           Bond          Angle    Proper Dih.          LJ-14     Coulomb-14
    3.25200e+03    5.45269e+03    1.34124e+03    1.70169e+03    3.32269e+04
        LJ (SR)  Disper. corr.   Coulomb (SR)   Coul. recip.   COM Pull En.
   -6.69103e+03   -1.18261e+03   -2.20775e+04    5.67734e+02    1.87306e+00
      Potential    Kinetic En.   Total Energy  Conserved En.    Temperature
    1.55930e+04    9.80633e+03    2.53993e+04    2.48612e+04    3.00760e+02
 Pres. DC (bar) Pressure (bar)   Constr. rmsd
   -4.42352e+02   -9.48601e+02    5.07931e-07

           Step           Time
          16000       16.00000

   Energies (kJ/mol)
           Bond          Angle    Proper Dih.          LJ-14     Coulomb-14
    3.09924e+03    5.66840e+03    1.37611e+03    1.72769e+03    3.32032e+04
        LJ (SR)  Disper. corr.   Coulomb (SR)   Coul. recip.   COM Pull En.
   -6.80456e+03   -1.18261e+03   -2.22068e+04    5.70344e+02    1.80934e+00
      Potential    Kinetic En.   Total Energy  Conserved En.    Temperature
    1.54529e+04    9.68293e+03    2.51358e+04    2.48587e+04    2.96975e+02
 Pres. DC (bar) Pressure (bar)   Constr. rmsd
   -4.42352e+02   -3.49985e+02    4.86839e-07

           Step           Time
          17000       17.00000

   Energies (kJ/mol)
           Bond          Angle    Proper Dih.          LJ-14     Coulomb-14
    3.14769e+03    5.55043e+03    1.31483e+03    1.73509e+03    3.30488e+04
        LJ (SR)  Disper. corr.   Coulomb (SR)   Coul. recip.   COM Pull En.
   -6.64823e+03   -1.18261e+03   -2.19515e+04    5.70162e+02    3.65102e+00
      Potential    Kinetic En.   Total Energy  Conserved En.    Temperature
    1.55884e+04    9.76302e+03    2.53514e+04    2.48595e+04    2.99432e+02
 Pres. DC (bar) Pressure (bar)   Constr. rmsd
   -4.42352e+02    3.79489e+02    5.10697e-07

           Step           Time
          18000       18.00000

   Energies (kJ/mol)
           Bond          Angle    Proper Dih.          LJ-14     Coulomb-14
    3.16057e+03    5.63402e+03    1.36077e+03    1.75950e+03    3.28792e+04
        LJ (SR)  Disper. corr.   Coulomb (SR)   Coul. recip.   COM Pull En.
   -6.62894e+03   -1.18261e+03   -2.19611e+04    5.30814e+02    5.99716e-01
      Potential    Kinetic En.   Total Energy  Conserved En.    Temperature
    1.55529e+04    9.78360e+03    2.53365e+04    2.48590e+04    3.00063e+02
 Pres. DC (bar) Pressure (bar)   Constr. rmsd
   -4.42352e+02    2.04221e+02    5.23821e-07

           Step           Time
          19000       19.00000

   Energies (kJ/mol)
           Bond          Angle    Proper Dih.          LJ-14     Coulomb-14
    3.20144e+03    5.67839e+03    1.33677e+03    1.69952e+03    3.30580e+04
        LJ (SR)  Disper. corr.   Coulomb (SR)   Coul. recip.   COM Pull En.
   -6.62214e+03   -1.18261e+03   -2.22036e+04    5.24510e+02    1.90071e+00
      Potential    Kinetic En.   Total Energy  Conserved En.    Temperature
    1.54922e+04    9.56928e+03    2.50614e+04    2.48632e+04    2.93490e+02
 Pres. DC (bar) Pressure (bar)   Constr. rmsd
   -4.42352e+02   -6.09452e+02    5.17389e-07

           Step           Time
          20000       20.00000

   Energies (kJ/mol)
           Bond          Angle    Proper Dih.          LJ-14     Coulomb-14
    3.06228e+03    5.69038e+03    1.33475e+03    1.66829e+03    3.31099e+04
        LJ (SR)  Disper. corr.   Coulomb (SR)   Coul. recip.   COM Pull En.
   -6.66715e+03   -1.18261e+03   -2.21975e+04    5.53002e+02    1.42124e+00
      Potential    Kinetic En.   Total Energy  Conserved En.    Temperature
    1.53727e+04    9.87585e+03    2.52486e+04    2.48577e+04    3.02892e+02
 Pres. DC (bar) Pressure (bar)   Constr. rmsd
   -4.42352e+02   -9.57142e+02    4.97768e-07

           Step           Time
          21000       21.00000

   Energies (kJ/mol)
           Bond          Angle    Proper Dih.          LJ-14     Coulomb-14
    3.30588e+03    5.60391e+03    1.33029e+03    1.71598e+03    3.29245e+04
        LJ (SR)  Disper. corr.   Coulomb (SR)   Coul. recip.   COM Pull En.
   -6.62791e+03   -1.18261e+03   -2.20221e+04    5.56632e+02    1.58825e+00
      Potential    Kinetic En.   Total Energy  Conserved En.    Temperature
    1.56063e+04    9.67758e+03    2.52838e+04    2.48612e+04    2.96811e+02
 Pres. DC (bar) Pressure (bar)   Constr. rmsd
   -4.42352e+02   -9.26041e+02    4.95231e-07

           Step           Time
          22000       22.00000

   Energies (kJ/mol)
           Bond          Angle    Proper Dih.          LJ-14     Coulomb-14
    3.17595e+03    5.58548e+03    1.37465e+03    1.73576e+03    3.33309e+04
        LJ (SR)  Disper. corr.   Coulomb (SR)   Coul. recip.   COM Pull En.
   -6.70318e+03   -1.18261e+03   -2.21796e+04    5.44279e+02    2.29291e+00
      Potential    Kinetic En.   Total Energy  Conserved En.    Temperature
    1.56839e+04    9.79602e+03    2.54799e+04    2.48583e+04    3.00444e+02
 Pres. DC (bar) Pressure (bar)   Constr. rmsd
   -4.42352e+02   -7.46384e+02    5.08797e-07

           Step           Time
          23000       23.00000

   Energies (kJ/mol)
           Bond          Angle    Proper Dih.          LJ-14     Coulomb-14
    3.30468e+03    5.86006e+03    1.35700e+03    1.67211e+03    3.29360e+04
        LJ (SR)  Disper. corr.   Coulomb (SR)   Coul. recip.   COM Pull En.
   -6.77614e+03   -1.18261e+03   -2.20885e+04    5.37294e+02    4.20071e+00
      Potential    Kinetic En.   Total Energy  Conserved En.    Temperature
    1.56241e+04    9.63361e+03    2.52577e+04    2.48623e+04    2.95463e+02
 Pres. DC (bar) Pressure (bar)   Constr. rmsd
   -4.42352e+02   -1.13666e+03    4.90051e-07

           Step           Time
          24000       24.00000

   Energies (kJ/mol)
           Bond          Angle    Proper Dih.          LJ-14     Coulomb-14
    3.26206e+03    5.72511e+03    1.35393e+03    1.73167e+03    3.30931e+04
        LJ (SR)  Disper. corr.   Coulomb (SR)   Coul. recip.   COM Pull En.
   -6.68204e+03   -1.18261e+03   -2.21745e+04    5.36099e+02    4.62418e+00
      Potential    Kinetic En.   Total Energy  Conserved En.    Temperature
    1.56675e+04    9.68693e+03    2.53544e+04    2.48588e+04    2.97098e+02
 Pres. DC (bar) Pressure (bar)   Constr. rmsd
   -4.42352e+02   -1.14203e+03    5.34280e-07

           Step           Time
          25000       25.00000

   Energies (kJ/mol)
           Bond          Angle    Proper Dih.          LJ-14     Coulomb-14
    3.03097e+03    5.77390e+03    1.40027e+03    1.75004e+03    3.32827e+04
        LJ (SR)  Disper. corr.   Coulomb (SR)   Coul. recip.   COM Pull En.
   -6.69603e+03   -1.18261e+03   -2.23324e+04    5.39672e+02    1.92861e+00
      Potential    Kinetic En.   Total Energy  Conserved En.    Temperature
    1.55684e+04    9.89127e+03    2.54597e+04    2.48585e+04    3.03365e+02
 Pres. DC (bar) Pressure (bar)   Constr. rmsd
   -4.42352e+02   -1.10321e+03    5.04227e-07

           Step           Time
          26000       26.00000

   Energies (kJ/mol)
           Bond          Angle    Proper Dih.          LJ-14     Coulomb-14
    3.23545e+03    5.67144e+03    1.33585e+03    1.67757e+03    3.32868e+04
        LJ (SR)  Disper. corr.   Coulomb (SR)   Coul. recip.   COM Pull En.
   -6.63374e+03   -1.18261e+03   -2.24427e+04    5.55204e+02    7.35288e+00
      Potential    Kinetic En.   Total Energy  Conserved En.    Temperature
    1.55106e+04    9.71696e+03    2.52276e+04    2.48591e+04    2.98019e+02
 Pres. DC (bar) Pressure (bar)   Constr. rmsd
   -4.42352e+02   -1.28134e+03    5.11082e-07

           Step           Time
          27000       27.00000

   Energies (kJ/mol)
           Bond          Angle    Proper Dih.          LJ-14     Coulomb-14
    3.07558e+03    5.55360e+03    1.38000e+03    1.73289e+03    3.30559e+04
        LJ (SR)  Disper. corr.   Coulomb (SR)   Coul. recip.   COM Pull En.
   -6.68321e+03   -1.18261e+03   -2.20161e+04    5.67743e+02    4.97416e+00
      Potential    Kinetic En.   Total Energy  Conserved En.    Temperature
    1.54888e+04    9.88858e+03    2.53774e+04    2.48552e+04    3.03283e+02
 Pres. DC (bar) Pressure (bar)   Constr. rmsd
   -4.42352e+02   -1.11270e+02    5.13491e-07

           Step           Time
          28000       28.00000

   Energies (kJ/mol)
           Bond          Angle    Proper Dih.          LJ-14     Coulomb-14
    3.22234e+03    5.89023e+03    1.39520e+03    1.65981e+03    3.29357e+04
        LJ (SR)  Disper. corr.   Coulomb (SR)   Coul. recip.   COM Pull En.
   -6.61768e+03   -1.18261e+03   -2.22268e+04    5.80664e+02    5.47400e+00
      Potential    Kinetic En.   Total Energy  Conserved En.    Temperature
    1.56623e+04    9.52510e+03    2.51874e+04    2.48604e+04    2.92135e+02
 Pres. DC (bar) Pressure (bar)   Constr. rmsd
   -4.42352e+02   -1.08478e+03    5.06057e-07

           Step           Time
          29000       29.00000

   Energies (kJ/mol)
           Bond          Angle    Proper Dih.          LJ-14     Coulomb-14
    3.01678e+03    5.71876e+03    1.35047e+03    1.69225e+03    3.30064e+04
        LJ (SR)  Disper. corr.   Coulomb (SR)   Coul. recip.   COM Pull En.
   -6.72800e+03   -1.18261e+03   -2.21594e+04    5.93140e+02    6.63381e-01
      Potential    Kinetic En.   Total Energy  Conserved En.    Temperature
    1.53085e+04    9.52075e+03    2.48292e+04    2.48571e+04    2.92001e+02
 Pres. DC (bar) Pressure (bar)   Constr. rmsd
   -4.42352e+02   -9.88318e+02    5.33093e-07

           Step           Time
          30000       30.00000

   Energies (kJ/mol)
           Bond          Angle    Proper Dih.          LJ-14     Coulomb-14
    3.18476e+03    5.79834e+03    1.32127e+03    1.69543e+03    3.29561e+04
        LJ (SR)  Disper. corr.   Coulomb (SR)   Coul. recip.   COM Pull En.
   -6.61370e+03   -1.18261e+03   -2.20826e+04    5.99035e+02    3.33546e+00
      Potential    Kinetic En.   Total Energy  Conserved En.    Temperature
    1.56794e+04    9.82821e+03    2.55076e+04    2.48566e+04    3.01431e+02
 Pres. DC (bar) Pressure (bar)   Constr. rmsd
   -4.42352e+02   -4.40273e+02    4.83764e-07

           Step           Time
          31000       31.00000

   Energies (kJ/mol)
           Bond          Angle    Proper Dih.          LJ-14     Coulomb-14
    3.12771e+03    5.83035e+03    1.33150e+03    1.74171e+03    3.30119e+04
        LJ (SR)  Disper. corr.   Coulomb (SR)   Coul. recip.   COM Pull En.
   -6.67596e+03   -1.18261e+03   -2.20466e+04    5.71879e+02    3.72412e+00
      Potential    Kinetic En.   Total Energy  Conserved En.    Temperature
    1.57135e+04    9.80668e+03    2.55202e+04    2.48575e+04    3.00771e+02
 Pres. DC (bar) Pressure (bar)   Constr. rmsd
   -4.42352e+02    7.56780e+02    5.29448e-07

           Step           Time
          32000       32.00000

   Energies (kJ/mol)
           Bond          Angle    Proper Dih.          LJ-14     Coulomb-14
    3.17747e+03    5.71696e+03    1.32022e+03    1.71216e+03    3.29102e+04
        LJ (SR)  Disper. corr.   Coulomb (SR)   Coul. recip.   COM Pull En.
   -6.81477e+03   -1.18261e+03   -2.18570e+04    5.79447e+02    2.96021e+00
      Potential    Kinetic En.   Total Energy  Conserved En.    Temperature
    1.55650e+04    9.79826e+03    2.53633e+04    2.48553e+04    3.00513e+02
 Pres. DC (bar) Pressure (bar)   Constr. rmsd
   -4.42352e+02   -1.91998e+02    4.93840e-07

           Step           Time
          33000       33.00000

   Energies (kJ/mol)
           Bond          Angle    Proper Dih.          LJ-14     Coulomb-14
    3.16646e+03    5.56821e+03    1.30310e+03    1.68250e+03    3.29446e+04
        LJ (SR)  Disper. corr.   Coulomb (SR)   Coul. recip.   COM Pull En.
   -6.71630e+03   -1.18261e+03   -2.21024e+04    5.63201e+02    4.91706e-01
      Potential    Kinetic En.   Total Energy  Conserved En.    Temperature
    1.52272e+04    9.39910e+03    2.46263e+04    2.48586e+04    2.88270e+02
 Pres. DC (bar) Pressure (bar)   Constr. rmsd
   -4.42352e+02   -8.51593e+02    5.09962e-07

           Step           Time
          34000       34.00000

   Energies (kJ/mol)
           Bond          Angle    Proper Dih.          LJ-14     Coulomb-14
    3.17825e+03    5.63249e+03    1.35991e+03    1.73448e+03    3.30659e+04
        LJ (SR)  Disper. corr.   Coulomb (SR)   Coul. recip.   COM Pull En.
   -6.56861e+03   -1.18261e+03   -2.22331e+04    5.14993e+02    2.28638e+00
      Potential    Kinetic En.   Total Energy  Conserved En.    Temperature
    1.55040e+04    9.71550e+03    2.52194e+04    2.48564e+04    2.97974e+02
 Pres. DC (bar) Pressure (bar)   Constr. rmsd
   -4.42352e+02   -6.82654e+02    5.00590e-07

           Step           Time
          35000       35.00000

   Energies (kJ/mol)
           Bond          Angle    Proper Dih.          LJ-14     Coulomb-14
    3.12950e+03    5.78070e+03    1.36533e+03    1.73377e+03    3.30112e+04
        LJ (SR)  Disper. corr.   Coulomb (SR)   Coul. recip.   COM Pull En.
   -6.51690e+03   -1.18261e+03   -2.22036e+04    5.57522e+02    2.40426e+00
      Potential    Kinetic En.   Total Energy  Conserved En.    Temperature
    1.56773e+04    9.74945e+03    2.54267e+04    2.48515e+04    2.99016e+02
 Pres. DC (bar) Pressure (bar)   Constr. rmsd
   -4.42352e+02   -3.01695e+02    4.78080e-07

           Step           Time
          36000       36.00000

   Energies (kJ/mol)
           Bond          Angle    Proper Dih.          LJ-14     Coulomb-14
    2.96270e+03    5.66132e+03    1.32508e+03    1.73572e+03    3.30744e+04
        LJ (SR)  Disper. corr.   Coulomb (SR)   Coul. recip.   COM Pull En.
   -6.72747e+03   -1.18261e+03   -2.21236e+04    5.54595e+02    1.70685e+00
      Potential    Kinetic En.   Total Energy  Conserved En.    Temperature
    1.52819e+04    9.73229e+03    2.50142e+04    2.48511e+04    2.98489e+02
 Pres. DC (bar) Pressure (bar)   Constr. rmsd
   -4.42352e+02   -1.74717e+02    5.18969e-07

           Step           Time
          37000       37.00000

   Energies (kJ/mol)
           Bond          Angle    Proper Dih.          LJ-14     Coulomb-14
    3.13268e+03    5.56648e+03    1.33379e+03    1.68566e+03    3.30452e+04
        LJ (SR)  Disper. corr.   Coulomb (SR)   Coul. recip.   COM Pull En.
   -6.54773e+03   -1.18261e+03   -2.22508e+04    5.59293e+02    2.34868e+00
      Potential    Kinetic En.   Total Energy  Conserved En.    Temperature
    1.53443e+04    9.75949e+03    2.51038e+04    2.48511e+04    2.99323e+02
 Pres. DC (bar) Pressure (bar)   Constr. rmsd
   -4.42352e+02    2.00135e+02    5.25957e-07

           Step           Time
          38000       38.00000

   Energies (kJ/mol)
           Bond          Angle    Proper Dih.          LJ-14     Coulomb-14
    3.12304e+03    5.48736e+03    1.33992e+03    1.75245e+03    3.32678e+04
        LJ (SR)  Disper. corr.   Coulomb (SR)   Coul. recip.   COM Pull En.
   -6.52903e+03   -1.18261e+03   -2.23619e+04    5.56669e+02    2.36868e+00
      Potential    Kinetic En.   Total Energy  Conserved En.    Temperature
    1.54561e+04    9.50627e+03    2.49624e+04    2.48566e+04    2.91557e+02
 Pres. DC (bar) Pressure (bar)   Constr. rmsd
   -4.42352e+02   -5.05201e+02    5.00982e-07

           Step           Time
          39000       39.00000

   Energies (kJ/mol)
           Bond          Angle    Proper Dih.          LJ-14     Coulomb-14
    3.17251e+03    5.57368e+03    1.31359e+03    1.66660e+03    3.31253e+04
        LJ (SR)  Disper. corr.   Coulomb (SR)   Coul. recip.   COM Pull En.
   -6.65530e+03   -1.18261e+03   -2.22074e+04    5.68293e+02    2.74937e+00
      Potential    Kinetic En.   Total Energy  Conserved En.    Temperature
    1.53774e+04    9.69738e+03    2.50748e+04    2.48530e+04    2.97419e+02
 Pres. DC (bar) Pressure (bar)   Constr. rmsd
   -4.42352e+02   -1.51319e+03    5.02918e-07

           Step           Time
          40000       40.00000

   Energies (kJ/mol)
           Bond          Angle    Proper Dih.          LJ-14     Coulomb-14
    3.12728e+03    5.41641e+03    1.36021e+03    1.76769e+03    3.29794e+04
        LJ (SR)  Disper. corr.   Coulomb (SR)   Coul. recip.   COM Pull En.
   -6.66066e+03   -1.18261e+03   -2.20887e+04    5.40872e+02    5.15658e+00
      Potential    Kinetic En.   Total Energy  Conserved En.    Temperature
    1.52651e+04    9.60877e+03    2.48738e+04    2.48534e+04    2.94701e+02
 Pres. DC (bar) Pressure (bar)   Constr. rmsd
   -4.42352e+02   -1.33973e+03    5.11808e-07

           Step           Time
          41000       41.00000

   Energies (kJ/mol)
           Bond          Angle    Proper Dih.          LJ-14     Coulomb-14
    3.00592e+03    5.82096e+03    1.37062e+03    1.72805e+03    3.32623e+04
        LJ (SR)  Disper. corr.   Coulomb (SR)   Coul. recip.   COM Pull En.
   -6.64087e+03   -1.18261e+03   -2.23543e+04    5.68036e+02    1.64073e+00
      Potential    Kinetic En.   Total Energy  Conserved En.    Temperature
    1.55798e+04    9.98122e+03    2.55610e+04    2.48540e+04    3.06124e+02
 Pres. DC (bar) Pressure (bar)   Constr. rmsd
   -4.42352e+02   -3.31330e+02    5.20216e-07

           Step           Time
          42000       42.00000

   Energies (kJ/mol)
           Bond          Angle    Proper Dih.          LJ-14     Coulomb-14
    3.13891e+03    5.64628e+03    1.33663e+03    1.71474e+03    3.31466e+04
        LJ (SR)  Disper. corr.   Coulomb (SR)   Coul. recip.   COM Pull En.
   -6.78919e+03   -1.18261e+03   -2.22650e+04    5.49351e+02    2.04637e+00
      Potential    Kinetic En.   Total Energy  Conserved En.    Temperature
    1.52978e+04    1.00151e+04    2.53129e+04    2.48500e+04    3.07164e+02
 Pres. DC (bar) Pressure (bar)   Constr. rmsd
   -4.42352e+02   -3.32272e+02    4.87907e-07

           Step           Time
          43000       43.00000

   Energies (kJ/mol)
           Bond          Angle    Proper Dih.          LJ-14     Coulomb-14
    3.21513e+03    5.42578e+03    1.31900e+03    1.69580e+03    3.35199e+04
        LJ (SR)  Disper. corr.   Coulomb (SR)   Coul. recip.   COM Pull En.
   -6.74254e+03   -1.18261e+03   -2.24018e+04    5.26609e+02    1.38708e+00
      Potential    Kinetic En.   Total Energy  Conserved En.    Temperature
    1.53766e+04    9.95561e+03    2.53322e+04    2.48473e+04    3.05338e+02
 Pres. DC (bar) Pressure (bar)   Constr. rmsd
   -4.42352e+02   -4.20259e+02    4.79350e-07

           Step           Time
          44000       44.00000

   Energies (kJ/mol)
           Bond          Angle    Proper Dih.          LJ-14     Coulomb-14
    3.32334e+03    5.67017e+03    1.34607e+03    1.70004e+03    3.28327e+04
        LJ (SR)  Disper. corr.   Coulomb (SR)   Coul. recip.   COM Pull En.
   -6.58798e+03   -1.18261e+03   -2.18765e+04    5.73747e+02    6.71610e+00
      Potential    Kinetic En.   Total Energy  Conserved En.    Temperature
    1.58056e+04    9.46403e+03    2.52697e+04    2.48507e+04    2.90262e+02
 Pres. DC (bar) Pressure (bar)   Constr. rmsd
   -4.42352e+02   -1.11745e+03    5.04580e-07

           Step           Time
          45000       45.00000

   Energies (kJ/mol)
           Bond          Angle    Proper Dih.          LJ-14     Coulomb-14
    3.07450e+03    5.61163e+03    1.31111e+03    1.73942e+03    3.35561e+04
        LJ (SR)  Disper. corr.   Coulomb (SR)   Coul. recip.   COM Pull En.
   -6.66681e+03   -1.18261e+03   -2.23873e+04    5.78576e+02    4.65117e+00
      Potential    Kinetic En.   Total Energy  Conserved En.    Temperature
    1.56393e+04    9.81540e+03    2.54546e+04    2.48533e+04    3.01038e+02
 Pres. DC (bar) Pressure (bar)   Constr. rmsd
   -4.42352e+02   -4.53628e+02    4.99556e-07

           Step           Time
          46000       46.00000

   Energies (kJ/mol)
           Bond          Angle    Proper Dih.          LJ-14     Coulomb-14
    3.15981e+03    5.66189e+03    1.35657e+03    1.68944e+03    3.34025e+04
        LJ (SR)  Disper. corr.   Coulomb (SR)   Coul. recip.   COM Pull En.
   -6.72555e+03   -1.18261e+03   -2.23832e+04    5.62333e+02    4.30208e+00
      Potential    Kinetic En.   Total Energy  Conserved En.    Temperature
    1.55455e+04    9.71540e+03    2.52609e+04    2.48507e+04    2.97971e+02
 Pres. DC (bar) Pressure (bar)   Constr. rmsd
   -4.42352e+02   -7.20125e+02    4.99082e-07

           Step           Time
          47000       47.00000

   Energies (kJ/mol)
           Bond          Angle    Proper Dih.          LJ-14     Coulomb-14
    3.16628e+03    5.55372e+03    1.32759e+03    1.64628e+03    3.30815e+04
        LJ (SR)  Disper. corr.   Coulomb (SR)   Coul. recip.   COM Pull En.
   -6.71839e+03   -1.18261e+03   -2.20794e+04    5.83133e+02    3.12319e+00
      Potential    Kinetic En.   Total Energy  Conserved En.    Temperature
    1.53812e+04    9.60523e+03    2.49864e+04    2.48512e+04    2.94592e+02
 Pres. DC (bar) Pressure (bar)   Constr. rmsd
   -4.42352e+02   -1.62180e+02    4.82604e-07

           Step           Time
          48000       48.00000

   Energies (kJ/mol)
           Bond          Angle    Proper Dih.          LJ-14     Coulomb-14
    3.32481e+03    5.65214e+03    1.31208e+03    1.59877e+03    3.30828e+04
        LJ (SR)  Disper. corr.   Coulomb (SR)   Coul. recip.   COM Pull En.
   -6.59012e+03   -1.18261e+03   -2.20257e+04    5.69698e+02    2.99172e+00
      Potential    Kinetic En.   Total Energy  Conserved En.    Temperature
    1.57449e+04    9.83565e+03    2.55806e+04    2.48509e+04    3.01659e+02
 Pres. DC (bar) Pressure (bar)   Constr. rmsd
   -4.42352e+02   -1.51944e+03    5.05661e-07

           Step           Time
          49000       49.00000

   Energies (kJ/mol)
           Bond          Angle    Proper Dih.          LJ-14     Coulomb-14
    3.26695e+03    5.61016e+03    1.32818e+03    1.70656e+03    3.31945e+04
        LJ (SR)  Disper. corr.   Coulomb (SR)   Coul. recip.   COM Pull En.
   -6.71861e+03   -1.18261e+03   -2.21611e+04    5.83649e+02    1.86441e+00
      Potential    Kinetic En.   Total Energy  Conserved En.    Temperature
    1.56295e+04    9.74387e+03    2.53734e+04    2.48472e+04    2.98844e+02
 Pres. DC (bar) Pressure (bar)   Constr. rmsd
   -4.42352e+02   -2.17431e+03    4.85589e-07

           Step           Time
          50000       50.00000

   Energies (kJ/mol)
           Bond          Angle    Proper Dih.          LJ-14     Coulomb-14
    3.18399e+03    5.62664e+03    1.34216e+03    1.74071e+03    3.33144e+04
        LJ (SR)  Disper. corr.   Coulomb (SR)   Coul. recip.   COM Pull En.
   -6.54024e+03   -1.18261e+03   -2.22445e+04    5.53563e+02    5.09491e+00
      Potential    Kinetic En.   Total Energy  Conserved En.    Temperature
    1.57992e+04    9.60862e+03    2.54078e+04    2.48482e+04    2.94696e+02
 Pres. DC (bar) Pressure (bar)   Constr. rmsd
   -4.42352e+02   -1.12952e+03    5.20398e-07

           Step           Time
          51000       51.00000

   Energies (kJ/mol)
           Bond          Angle    Proper Dih.          LJ-14     Coulomb-14
    3.32014e+03    5.68611e+03    1.37036e+03    1.69327e+03    3.33358e+04
        LJ (SR)  Disper. corr.   Coulomb (SR)   Coul. recip.   COM Pull En.
   -6.70677e+03   -1.18261e+03   -2.22512e+04    5.85914e+02    2.68610e+00
      Potential    Kinetic En.   Total Energy  Conserved En.    Temperature
    1.58537e+04    9.63340e+03    2.54871e+04    2.48524e+04    2.95456e+02
 Pres. DC (bar) Pressure (bar)   Constr. rmsd
   -4.42352e+02   -1.41165e+03    5.03851e-07

           Step           Time
          52000       52.00000

   Energies (kJ/mol)
           Bond          Angle    Proper Dih.          LJ-14     Coulomb-14
    3.23760e+03    5.61823e+03    1.33222e+03    1.69725e+03    3.32256e+04
        LJ (SR)  Disper. corr.   Coulomb (SR)   Coul. recip.   COM Pull En.
   -6.66575e+03   -1.18261e+03   -2.23394e+04    5.93960e+02    2.10461e+00
      Potential    Kinetic En.   Total Energy  Conserved En.    Temperature
    1.55192e+04    9.81588e+03    2.53351e+04    2.48462e+04    3.01053e+02
 Pres. DC (bar) Pressure (bar)   Constr. rmsd
   -4.42352e+02   -9.60161e+02    5.15337e-07

           Step           Time
          53000       53.00000

   Energies (kJ/mol)
           Bond          Angle    Proper Dih.          LJ-14     Coulomb-14
    3.11392e+03    5.62913e+03    1.32921e+03    1.72676e+03    3.36728e+04
        LJ (SR)  Disper. corr.   Coulomb (SR)   Coul. recip.   COM Pull En.
   -6.61064e+03   -1.18261e+03   -2.25826e+04    5.23617e+02    1.77971e+00
      Potential    Kinetic En.   Total Energy  Conserved En.    Temperature
    1.56214e+04    9.80574e+03    2.54272e+04    2.48470e+04    3.00742e+02
 Pres. DC (bar) Pressure (bar)   Constr. rmsd
   -4.42352e+02   -1.00675e+02    5.51445e-07

           Step           Time
          54000       54.00000

   Energies (kJ/mol)
           Bond          Angle    Proper Dih.          LJ-14     Coulomb-14
    3.20907e+03    5.68968e+03    1.33728e+03    1.67065e+03    3.31953e+04
        LJ (SR)  Disper. corr.   Coulomb (SR)   Coul. recip.   COM Pull En.
   -6.60986e+03   -1.18261e+03   -2.24011e+04    5.49942e+02    8.42083e-01
      Potential    Kinetic En.   Total Energy  Conserved En.    Temperature
    1.54592e+04    1.01170e+04    2.55762e+04    2.48460e+04    3.10290e+02
 Pres. DC (bar) Pressure (bar)   Constr. rmsd
   -4.42352e+02   -8.90517e+02    5.07551e-07

           Step           Time
          55000       55.00000

   Energies (kJ/mol)
           Bond          Angle    Proper Dih.          LJ-14     Coulomb-14
    3.29306e+03    5.64348e+03    1.39475e+03    1.74626e+03    3.33526e+04
        LJ (SR)  Disper. corr.   Coulomb (SR)   Coul. recip.   COM Pull En.
   -6.61495e+03   -1.18261e+03   -2.23776e+04    5.30701e+02    2.07340e+00
      Potential    Kinetic En.   Total Energy  Conserved En.    Temperature
    1.57878e+04    9.37016e+03    2.51580e+04    2.48484e+04    2.87383e+02
 Pres. DC (bar) Pressure (bar)   Constr. rmsd
   -4.42352e+02   -1.34192e+03    5.07974e-07

           Step           Time
          56000       56.00000

   Energies (kJ/mol)
           Bond          Angle    Proper Dih.          LJ-14     Coulomb-14
    3.16327e+03    5.76368e+03    1.37358e+03    1.72976e+03    3.27487e+04
        LJ (SR)  Disper. corr.   Coulomb (SR)   Coul. recip.   COM Pull En.
   -6.60952e+03   -1.18261e+03   -2.17886e+04    5.77682e+02    3.03109e+00
      Potential    Kinetic En.   Total Energy  Conserved En.    Temperature
    1.57790e+04    9.63822e+03    2.54172e+04    2.48454e+04    2.95604e+02
 Pres. DC (bar) Pressure (bar)   Constr. rmsd
   -4.42352e+02   -1.99992e+02    5.04212e-07

           Step           Time
          57000       57.00000

   Energies (kJ/mol)
           Bond          Angle    Proper Dih.          LJ-14     Coulomb-14
    3.30992e+03    5.63281e+03    1.36172e+03    1.72552e+03    3.30806e+04
        LJ (SR)  Disper. corr.   Coulomb (SR)   Coul. recip.   COM Pull En.
   -6.51570e+03   -1.18261e+03   -2.20567e+04    5.26879e+02    1.67855e+00
      Potential    Kinetic En.   Total Energy  Conserved En.    Temperature
    1.58841e+04    9.94442e+03    2.58286e+04    2.48447e+04    3.04995e+02
 Pres. DC (bar) Pressure (bar)   Constr. rmsd
   -4.42352e+02   -9.08167e+02    5.17593e-07

           Step           Time
          58000       58.00000

   Energies (kJ/mol)
           Bond          Angle    Proper Dih.          LJ-14     Coulomb-14
    3.14969e+03    5.74015e+03    1.37797e+03    1.74383e+03    3.31636e+04
        LJ (SR)  Disper. corr.   Coulomb (SR)   Coul. recip.   COM Pull En.
   -6.63809e+03   -1.18261e+03   -2.22655e+04    5.68577e+02    9.54621e-01
      Potential    Kinetic En.   Total Energy  Conserved En.    Temperature
    1.56586e+04    9.75309e+03    2.54117e+04    2.48475e+04    2.99127e+02
 Pres. DC (bar) Pressure (bar)   Constr. rmsd
   -4.42352e+02   -1.07506e+03    5.11594e-07

           Step           Time
          59000       59.00000

   Energies (kJ/mol)
           Bond          Angle    Proper Dih.          LJ-14     Coulomb-14
    3.22640e+03    5.52490e+03    1.30389e+03    1.68686e+03    3.29812e+04
        LJ (SR)  Disper. corr.   Coulomb (SR)   Coul. recip.   COM Pull En.
   -6.55335e+03   -1.18261e+03   -2.20269e+04    5.77143e+02    1.08068e+00
      Potential    Kinetic En.   Total Energy  Conserved En.    Temperature
    1.55386e+04    9.72836e+03    2.52670e+04    2.48441e+04    2.98369e+02
 Pres. DC (bar) Pressure (bar)   Constr. rmsd
   -4.42352e+02    4.05754e+01    4.75208e-07

           Step           Time
          60000       60.00000

   Energies (kJ/mol)
           Bond          Angle    Proper Dih.          LJ-14     Coulomb-14
    3.18122e+03    5.64311e+03    1.33004e+03    1.69859e+03    3.32023e+04
        LJ (SR)  Disper. corr.   Coulomb (SR)   Coul. recip.   COM Pull En.
   -6.63613e+03   -1.18261e+03   -2.21696e+04    5.48407e+02    1.70589e+00
      Potential    Kinetic En.   Total Energy  Conserved En.    Temperature
    1.56170e+04    9.74356e+03    2.53606e+04    2.48426e+04    2.98835e+02
 Pres. DC (bar) Pressure (bar)   Constr. rmsd
   -4.42352e+02   -6.30476e+01    4.88832e-07

           Step           Time
          61000       61.00000

   Energies (kJ/mol)
           Bond          Angle    Proper Dih.          LJ-14     Coulomb-14
    3.34030e+03    5.84681e+03    1.37384e+03    1.73476e+03    3.33235e+04
        LJ (SR)  Disper. corr.   Coulomb (SR)   Coul. recip.   COM Pull En.
   -6.67800e+03   -1.18261e+03   -2.24524e+04    5.69857e+02    2.43770e+00
      Potential    Kinetic En.   Total Energy  Conserved En.    Temperature
    1.58785e+04    9.76520e+03    2.56437e+04    2.48485e+04    2.99498e+02
 Pres. DC (bar) Pressure (bar)   Constr. rmsd
   -4.42352e+02   -1.07728e+03    5.07558e-07

           Step           Time
          62000       62.00000

   Energies (kJ/mol)
           Bond          Angle    Proper Dih.          LJ-14     Coulomb-14
    3.26121e+03    5.58154e+03    1.34988e+03    1.65910e+03    3.31021e+04
        LJ (SR)  Disper. corr.   Coulomb (SR)   Coul. recip.   COM Pull En.
   -6.75212e+03   -1.18261e+03   -2.21278e+04    5.89525e+02    3.57703e+00
      Potential    Kinetic En.   Total Energy  Conserved En.    Temperature
    1.54844e+04    9.79940e+03    2.52838e+04    2.48445e+04    3.00547e+02
 Pres. DC (bar) Pressure (bar)   Constr. rmsd
   -4.42352e+02   -1.21924e+03    5.04429e-07

           Step           Time
          63000       63.00000

   Energies (kJ/mol)
           Bond          Angle    Proper Dih.          LJ-14     Coulomb-14
    3.19824e+03    5.66570e+03    1.40476e+03    1.72947e+03    3.35078e+04
        LJ (SR)  Disper. corr.   Coulomb (SR)   Coul. recip.   COM Pull En.
   -6.75471e+03   -1.18261e+03   -2.22832e+04    5.27184e+02    2.20189e+00
      Potential    Kinetic En.   Total Energy  Conserved En.    Temperature
    1.58149e+04    9.23077e+03    2.50456e+04    2.48500e+04    2.83108e+02
 Pres. DC (bar) Pressure (bar)   Constr. rmsd
   -4.42352e+02   -8.85110e+02    4.77005e-07

           Step           Time
          64000       64.00000

   Energies (kJ/mol)
           Bond          Angle    Proper Dih.          LJ-14     Coulomb-14
    3.19689e+03    5.55713e+03    1.32645e+03    1.69829e+03    3.29488e+04
        LJ (SR)  Disper. corr.   Coulomb (SR)   Coul. recip.   COM Pull En.
   -6.63406e+03   -1.18261e+03   -2.20962e+04    5.57922e+02    5.55117e+00
      Potential    Kinetic En.   Total Energy  Conserved En.    Temperature
    1.53782e+04    9.79314e+03    2.51713e+04    2.48410e+04    3.00355e+02
 Pres. DC (bar) Pressure (bar)   Constr. rmsd
   -4.42352e+02   -1.07773e+03    5.08554e-07

           Step           Time
          65000       65.00000

   Energies (kJ/mol)
           Bond          Angle    Proper Dih.          LJ-14     Coulomb-14
    3.30514e+03    5.71833e+03    1.36575e+03    1.74704e+03    3.29710e+04
        LJ (SR)  Disper. corr.   Coulomb (SR)   Coul. recip.   COM Pull En.
   -6.57891e+03   -1.18261e+03   -2.21597e+04    5.31078e+02    5.97245e+00
      Potential    Kinetic En.   Total Energy  Conserved En.    Temperature
    1.57231e+04    9.94163e+03    2.56647e+04    2.48426e+04    3.04910e+02
 Pres. DC (bar) Pressure (bar)   Constr. rmsd
   -4.42352e+02   -6.69503e+02    5.12412e-07

           Step           Time
          66000       66.00000

   Energies (kJ/mol)
           Bond          Angle    Proper Dih.          LJ-14     Coulomb-14
    3.27478e+03    5.59281e+03    1.37127e+03    1.75365e+03    3.33770e+04
        LJ (SR)  Disper. corr.   Coulomb (SR)   Coul. recip.   COM Pull En.
   -6.72438e+03   -1.18261e+03   -2.23852e+04    5.60840e+02    1.66125e+00
      Potential    Kinetic En.   Total Energy  Conserved En.    Temperature
    1.56399e+04    9.73422e+03    2.53741e+04    2.48444e+04    2.98548e+02
 Pres. DC (bar) Pressure (bar)   Constr. rmsd
   -4.42352e+02   -2.06879e+02    4.87684e-07

           Step           Time
          67000       67.00000

   Energies (kJ/mol)
           Bond          Angle    Proper Dih.          LJ-14     Coulomb-14
    3.16152e+03    5.50879e+03    1.36088e+03    1.68301e+03    3.34125e+04
        LJ (SR)  Disper. corr.   Coulomb (SR)   Coul. recip.   COM Pull En.
   -6.72665e+03   -1.18261e+03   -2.24255e+04    5.15777e+02    4.84711e+00
      Potential    Kinetic En.   Total Energy  Conserved En.    Temperature
    1.53125e+04    9.75352e+03    2.50661e+04    2.48408e+04    2.99140e+02
 Pres. DC (bar) Pressure (bar)   Constr. rmsd
   -4.42352e+02   -4.43301e+02    5.13526e-07

           Step           Time
          68000       68.00000

   Energies (kJ/mol)
           Bond          Angle    Proper Dih.          LJ-14     Coulomb-14
    3.21122e+03    5.87764e+03    1.33044e+03    1.74523e+03    3.30950e+04
        LJ (SR)  Disper. corr.   Coulomb (SR)   Coul. recip.   COM Pull En.
   -6.65425e+03   -1.18261e+03   -2.21855e+04    5.27255e+02    4.24024e+00
      Potential    Kinetic En.   Total Energy  Conserved En.    Temperature
    1.57687e+04    9.83418e+03    2.56028e+04    2.48466e+04    3.01614e+02
 Pres. DC (bar) Pressure (bar)   Constr. rmsd
   -4.42352e+02   -6.35867e+02    4.96787e-07

           Step           Time
          69000       69.00000

   Energies (kJ/mol)
           Bond          Angle    Proper Dih.          LJ-14     Coulomb-14
    3.22589e+03    5.64131e+03    1.31447e+03    1.64158e+03    3.33021e+04
        LJ (SR)  Disper. corr.   Coulomb (SR)   Coul. recip.   COM Pull En.
   -6.50832e+03   -1.18261e+03   -2.24221e+04    5.46305e+02    5.14100e+00
      Potential    Kinetic En.   Total Energy  Conserved En.    Temperature
    1.55638e+04    9.97778e+03    2.55416e+04    2.48428e+04    3.06018e+02
 Pres. DC (bar) Pressure (bar)   Constr. rmsd
   -4.42352e+02   -1.49946e+03    5.50772e-07

           Step           Time
          70000       70.00000

   Energies (kJ/mol)
           Bond          Angle    Proper Dih.          LJ-14     Coulomb-14
    3.17654e+03    5.33389e+03    1.38227e+03    1.72279e+03    3.33773e+04
        LJ (SR)  Disper. corr.   Coulomb (SR)   Coul. recip.   COM Pull En.
   -6.64693e+03   -1.18261e+03   -2.23804e+04    5.53688e+02    3.76229e+00
      Potential    Kinetic En.   Total Energy  Conserved En.    Temperature
    1.53403e+04    9.75125e+03    2.50916e+04    2.48402e+04    2.99071e+02
 Pres. DC (bar) Pressure (bar)   Constr. rmsd
   -4.42352e+02   -9.31517e+02    5.40666e-07

           Step           Time
          71000       71.00000

   Energies (kJ/mol)
           Bond          Angle    Proper Dih.          LJ-14     Coulomb-14
    3.33024e+03    5.65190e+03    1.35879e+03    1.76229e+03    3.32780e+04
        LJ (SR)  Disper. corr.   Coulomb (SR)   Coul. recip.   COM Pull En.
   -6.59127e+03   -1.18261e+03   -2.22818e+04    5.49961e+02    1.50932e+00
      Potential    Kinetic En.   Total Energy  Conserved En.    Temperature
    1.58770e+04    9.84378e+03    2.57207e+04    2.48428e+04    3.01909e+02
 Pres. DC (bar) Pressure (bar)   Constr. rmsd
   -4.42352e+02   -1.00654e+03    5.43975e-07

           Step           Time
          72000       72.00000

   Energies (kJ/mol)
           Bond          Angle    Proper Dih.          LJ-14     Coulomb-14
    3.24143e+03    5.50136e+03    1.40255e+03    1.72953e+03    3.32034e+04
        LJ (SR)  Disper. corr.   Coulomb (SR)   Coul. recip.   COM Pull En.
   -6.58632e+03   -1.18261e+03   -2.22173e+04    5.38663e+02    1.80613e+00
      Potential    Kinetic En.   Total Energy  Conserved En.    Temperature
    1.56325e+04    9.49472e+03    2.51273e+04    2.48424e+04    2.91203e+02
 Pres. DC (bar) Pressure (bar)   Constr. rmsd
   -4.42352e+02   -5.01875e+02    5.40599e-07

           Step           Time
          73000       73.00000

   Energies (kJ/mol)
           Bond          Angle    Proper Dih.          LJ-14     Coulomb-14
    3.13689e+03    5.36771e+03    1.34651e+03    1.74239e+03    3.34753e+04
        LJ (SR)  Disper. corr.   Coulomb (SR)   Coul. recip.   COM Pull En.
   -6.61227e+03   -1.18261e+03   -2.23961e+04    5.24104e+02    2.43256e+00
      Potential    Kinetic En.   Total Energy  Conserved En.    Temperature
    1.54043e+04    9.62371e+03    2.50280e+04    2.48371e+04    2.95159e+02
 Pres. DC (bar) Pressure (bar)   Constr. rmsd
   -4.42352e+02    2.57207e+02    4.94238e-07

           Step           Time
          74000       74.00000

   Energies (kJ/mol)
           Bond          Angle    Proper Dih.          LJ-14     Coulomb-14
    3.18076e+03    5.60237e+03    1.34330e+03    1.70321e+03    3.29597e+04
        LJ (SR)  Disper. corr.   Coulomb (SR)   Coul. recip.   COM Pull En.
   -6.54954e+03   -1.18261e+03   -2.20416e+04    5.97017e+02    2.31642e+00
      Potential    Kinetic En.   Total Energy  Conserved En.    Temperature
    1.56149e+04    9.41989e+03    2.50348e+04    2.48419e+04    2.88908e+02
 Pres. DC (bar) Pressure (bar)   Constr. rmsd
   -4.42352e+02   -2.62777e+02    5.19159e-07

           Step           Time
          75000       75.00000

   Energies (kJ/mol)
           Bond          Angle    Proper Dih.          LJ-14     Coulomb-14
    3.35330e+03    5.58622e+03    1.34951e+03    1.77358e+03    3.32456e+04
        LJ (SR)  Disper. corr.   Coulomb (SR)   Coul. recip.   COM Pull En.
   -6.66061e+03   -1.18261e+03   -2.22666e+04    5.60444e+02    3.69703e+00
      Potential    Kinetic En.   Total Energy  Conserved En.    Temperature
    1.57626e+04    9.68976e+03    2.54523e+04    2.48410e+04    2.97185e+02
 Pres. DC (bar) Pressure (bar)   Constr. rmsd
   -4.42352e+02   -7.38663e+02    5.27885e-07

           Step           Time
          76000       76.00000

   Energies (kJ/mol)
           Bond          Angle    Proper Dih.          LJ-14     Coulomb-14
    3.13302e+03    5.47592e+03    1.34009e+03    1.69862e+03    3.32840e+04
        LJ (SR)  Disper. corr.   Coulomb (SR)   Coul. recip.   COM Pull En.
   -6.77977e+03   -1.18261e+03   -2.21653e+04    5.60111e+02    5.39557e+00
      Potential    Kinetic En.   Total Energy  Conserved En.    Temperature
    1.53694e+04    9.69736e+03    2.50668e+04    2.48376e+04    2.97418e+02
 Pres. DC (bar) Pressure (bar)   Constr. rmsd
   -4.42352e+02   -6.71206e+02    4.89196e-07

           Step           Time
          77000       77.00000

   Energies (kJ/mol)
           Bond          Angle    Proper Dih.          LJ-14     Coulomb-14
    3.10657e+03    5.80312e+03    1.34053e+03    1.73348e+03    3.32481e+04
        LJ (SR)  Disper. corr.   Coulomb (SR)   Coul. recip.   COM Pull En.
   -6.65500e+03   -1.18261e+03   -2.21475e+04    5.45020e+02    3.71536e+00
      Potential    Kinetic En.   Total Energy  Conserved En.    Temperature
    1.57955e+04    9.67751e+03    2.54730e+04    2.48373e+04    2.96809e+02
 Pres. DC (bar) Pressure (bar)   Constr. rmsd
   -4.42352e+02    7.01521e+02    4.94481e-07

           Step           Time
          78000       78.00000

   Energies (kJ/mol)
           Bond          Angle    Proper Dih.          LJ-14     Coulomb-14
    3.36558e+03    5.75282e+03    1.38075e+03    1.75116e+03    3.29935e+04
        LJ (SR)  Disper. corr.   Coulomb (SR)   Coul. recip.   COM Pull En.
   -6.68331e+03   -1.18261e+03   -2.20776e+04    5.57931e+02    4.66151e+00
      Potential    Kinetic En.   Total Energy  Conserved En.    Temperature
    1.58630e+04    9.65493e+03    2.55179e+04    2.48413e+04    2.96117e+02
 Pres. DC (bar) Pressure (bar)   Constr. rmsd
   -4.42352e+02   -3.57464e+02    5.01222e-07

           Step           Time
          79000       79.00000

   Energies (kJ/mol)
           Bond          Angle    Proper Dih.          LJ-14     Coulomb-14
    3.05174e+03    5.65036e+03    1.34124e+03    1.77991e+03    3.33955e+04
        LJ (SR)  Disper. corr.   Coulomb (SR)   Coul. recip.   COM Pull En.
   -6.59205e+03   -1.18261e+03   -2.23823e+04    5.64025e+02    5.75578e+00
      Potential    Kinetic En.   Total Energy  Conserved En.    Temperature
    1.56315e+04    9.89075e+03    2.55223e+04    2.48354e+04    3.03349e+02
 Pres. DC (bar) Pressure (bar)   Constr. rmsd
   -4.42352e+02   -1.22565e+02    4.94834e-07

           Step           Time
          80000       80.00000

   Energies (kJ/mol)
           Bond          Angle    Proper Dih.          LJ-14     Coulomb-14
    3.19708e+03    5.68370e+03    1.38407e+03    1.70776e+03    3.30544e+04
        LJ (SR)  Disper. corr.   Coulomb (SR)   Coul. recip.   COM Pull En.
   -6.66542e+03   -1.18261e+03   -2.20776e+04    5.52458e+02    5.05952e+00
      Potential    Kinetic En.   Total Energy  Conserved En.    Temperature
    1.56589e+04    9.68219e+03    2.53411e+04    2.48375e+04    2.96953e+02
 Pres. DC (bar) Pressure (bar)   Constr. rmsd
   -4.42352e+02   -2.02930e+03    5.18899e-07

           Step           Time
          81000       81.00000

   Energies (kJ/mol)
           Bond          Angle    Proper Dih.          LJ-14     Coulomb-14
    3.15538e+03    5.61918e+03    1.33224e+03    1.70730e+03    3.33225e+04
        LJ (SR)  Disper. corr.   Coulomb (SR)   Coul. recip.   COM Pull En.
   -6.70472e+03   -1.18261e+03   -2.22353e+04    5.61765e+02    2.51507e+00
      Potential    Kinetic En.   Total Energy  Conserved En.    Temperature
    1.55782e+04    9.80789e+03    2.53861e+04    2.48367e+04    3.00808e+02
 Pres. DC (bar) Pressure (bar)   Constr. rmsd
   -4.42352e+02   -8.75806e+02    4.85342e-07

           Step           Time
          82000       82.00000

   Energies (kJ/mol)
           Bond          Angle    Proper Dih.          LJ-14     Coulomb-14
    3.17473e+03    5.74259e+03    1.34501e+03    1.71496e+03    3.29761e+04
        LJ (SR)  Disper. corr.   Coulomb (SR)   Coul. recip.   COM Pull En.
   -6.72549e+03   -1.18261e+03   -2.20337e+04    5.56711e+02    5.67251e+00
      Potential    Kinetic En.   Total Energy  Conserved En.    Temperature
    1.55739e+04    9.88115e+03    2.54551e+04    2.48328e+04    3.03055e+02
 Pres. DC (bar) Pressure (bar)   Constr. rmsd
   -4.42352e+02   -8.27685e+02    5.13979e-07

           Step           Time
          83000       83.00000

   Energies (kJ/mol)
           Bond          Angle    Proper Dih.          LJ-14     Coulomb-14
    3.23253e+03    5.57462e+03    1.32920e+03    1.69137e+03    3.32496e+04
        LJ (SR)  Disper. corr.   Coulomb (SR)   Coul. recip.   COM Pull En.
   -6.59749e+03   -1.18261e+03   -2.22725e+04    5.67266e+02    6.71536e+00
      Potential    Kinetic En.   Total Energy  Conserved En.    Temperature
    1.55988e+04    9.67737e+03    2.52761e+04    2.48329e+04    2.96805e+02
 Pres. DC (bar) Pressure (bar)   Constr. rmsd
   -4.42352e+02    1.93087e+02    5.05445e-07

           Step           Time
          84000       84.00000

   Energies (kJ/mol)
           Bond          Angle    Proper Dih.          LJ-14     Coulomb-14
    3.14189e+03    5.51221e+03    1.34328e+03    1.68396e+03    3.31201e+04
        LJ (SR)  Disper. corr.   Coulomb (SR)   Coul. recip.   COM Pull En.
   -6.72493e+03   -1.18261e+03   -2.20808e+04    5.76235e+02    5.19973e+00
      Potential    Kinetic En.   Total Energy  Conserved En.    Temperature
    1.53946e+04    9.48083e+03    2.48754e+04    2.48334e+04    2.90777e+02
 Pres. DC (bar) Pressure (bar)   Constr. rmsd
   -4.42352e+02    9.01014e+01    5.02267e-07

           Step           Time
          85000       85.00000

   Energies (kJ/mol)
           Bond          Angle    Proper Dih.          LJ-14     Coulomb-14
    2.98266e+03    5.75854e+03    1.36442e+03    1.71219e+03    3.30884e+04
        LJ (SR)  Disper. corr.   Coulomb (SR)   Coul. recip.   COM Pull En.
   -6.72705e+03   -1.18261e+03   -2.17992e+04    5.40627e+02    4.39789e+00
      Potential    Kinetic En.   Total Energy  Conserved En.    Temperature
    1.57424e+04    1.00789e+04    2.58213e+04    2.48299e+04    3.09118e+02
 Pres. DC (bar) Pressure (bar)   Constr. rmsd
   -4.42352e+02   -7.51598e+01    5.14376e-07

           Step           Time
          86000       86.00000

   Energies (kJ/mol)
           Bond          Angle    Proper Dih.          LJ-14     Coulomb-14
    3.11855e+03    5.59734e+03    1.33577e+03    1.68066e+03    3.35342e+04
        LJ (SR)  Disper. corr.   Coulomb (SR)   Coul. recip.   COM Pull En.
   -6.68350e+03   -1.18261e+03   -2.23489e+04    5.39206e+02    3.94260e+00
      Potential    Kinetic En.   Total Energy  Conserved En.    Temperature
    1.55946e+04    9.79609e+03    2.53907e+04    2.48304e+04    3.00446e+02
 Pres. DC (bar) Pressure (bar)   Constr. rmsd
   -4.42352e+02   -1.14632e+03    4.71023e-07

           Step           Time
          87000       87.00000

   Energies (kJ/mol)
           Bond          Angle    Proper Dih.          LJ-14     Coulomb-14
    3.28837e+03    5.66012e+03    1.37524e+03    1.71954e+03    3.31543e+04
        LJ (SR)  Disper. corr.   Coulomb (SR)   Coul. recip.   COM Pull En.
   -6.73906e+03   -1.18261e+03   -2.21547e+04    6.12483e+02    5.81543e+00
      Potential    Kinetic En.   Total Energy  Conserved En.    Temperature
    1.57395e+04    9.82315e+03    2.55627e+04    2.48350e+04    3.01276e+02
 Pres. DC (bar) Pressure (bar)   Constr. rmsd
   -4.42352e+02   -1.28196e+03    4.95753e-07

           Step           Time
          88000       88.00000

   Energies (kJ/mol)
           Bond          Angle    Proper Dih.          LJ-14     Coulomb-14
    3.11229e+03    5.44793e+03    1.38445e+03    1.77156e+03    3.36416e+04
        LJ (SR)  Disper. corr.   Coulomb (SR)   Coul. recip.   COM Pull En.
   -6.69298e+03   -1.18261e+03   -2.25419e+04    5.61910e+02    3.63532e+00
      Potential    Kinetic En.   Total Energy  Conserved En.    Temperature
    1.55059e+04    9.86189e+03    2.53678e+04    2.48291e+04    3.02464e+02
 Pres. DC (bar) Pressure (bar)   Constr. rmsd
   -4.42352e+02   -1.03521e+03    4.58317e-07

           Step           Time
          89000       89.00000

   Energies (kJ/mol)
           Bond          Angle    Proper Dih.          LJ-14     Coulomb-14
    3.22299e+03    5.36577e+03    1.39363e+03    1.69811e+03    3.32674e+04
        LJ (SR)  Disper. corr.   Coulomb (SR)   Coul. recip.   COM Pull En.
   -6.59135e+03   -1.18261e+03   -2.24118e+04    5.62592e+02    3.75584e+00
      Potential    Kinetic En.   Total Energy  Conserved En.    Temperature
    1.53285e+04    9.68104e+03    2.50095e+04    2.48287e+04    2.96917e+02
 Pres. DC (bar) Pressure (bar)   Constr. rmsd
   -4.42352e+02   -9.14954e+02    4.97892e-07

           Step           Time
          90000       90.00000

   Energies (kJ/mol)
           Bond          Angle    Proper Dih.          LJ-14     Coulomb-14
    3.14734e+03    5.61646e+03    1.36162e+03    1.65735e+03    3.32061e+04
        LJ (SR)  Disper. corr.   Coulomb (SR)   Coul. recip.   COM Pull En.
   -6.68994e+03   -1.18261e+03   -2.23444e+04    5.41453e+02    1.50834e+00
      Potential    Kinetic En.   Total Energy  Conserved En.    Temperature
    1.53149e+04    9.50567e+03    2.48206e+04    2.48305e+04    2.91539e+02
 Pres. DC (bar) Pressure (bar)   Constr. rmsd
   -4.42352e+02   -9.86095e+02    5.13349e-07

           Step           Time
          91000       91.00000

   Energies (kJ/mol)
           Bond          Angle    Proper Dih.          LJ-14     Coulomb-14
    3.19249e+03    5.61047e+03    1.35963e+03    1.72126e+03    3.31696e+04
        LJ (SR)  Disper. corr.   Coulomb (SR)   Coul. recip.   COM Pull En.
   -6.67735e+03   -1.18261e+03   -2.20229e+04    5.63490e+02    4.72436e+00
      Potential    Kinetic En.   Total Energy  Conserved En.    Temperature
    1.57388e+04    9.58211e+03    2.53209e+04    2.48311e+04    2.93883e+02
 Pres. DC (bar) Pressure (bar)   Constr. rmsd
   -4.42352e+02   -1.06385e+03    5.14411e-07

           Step           Time
          92000       92.00000

   Energies (kJ/mol)
           Bond          Angle    Proper Dih.          LJ-14     Coulomb-14
    3.26235e+03    5.65940e+03    1.37025e+03    1.69761e+03    3.31747e+04
        LJ (SR)  Disper. corr.   Coulomb (SR)   Coul. recip.   COM Pull En.
   -6.63427e+03   -1.18261e+03   -2.22631e+04    5.39307e+02    3.02109e+00
      Potential    Kinetic En.   Total Energy  Conserved En.    Temperature
    1.56266e+04    9.59213e+03    2.52188e+04    2.48319e+04    2.94191e+02
 Pres. DC (bar) Pressure (bar)   Constr. rmsd
   -4.42352e+02   -4.83863e+02    5.10098e-07

           Step           Time
          93000       93.00000

   Energies (kJ/mol)
           Bond          Angle    Proper Dih.          LJ-14     Coulomb-14
    3.16880e+03    5.55107e+03    1.38323e+03    1.75977e+03    3.32950e+04
        LJ (SR)  Disper. corr.   Coulomb (SR)   Coul. recip.   COM Pull En.
   -6.76712e+03   -1.18261e+03   -2.22090e+04    5.52480e+02    5.05495e+00
      Potential    Kinetic En.   Total Energy  Conserved En.    Temperature
    1.55566e+04    9.73494e+03    2.52916e+04    2.48275e+04    2.98571e+02
 Pres. DC (bar) Pressure (bar)   Constr. rmsd
   -4.42352e+02   -4.68506e+02    5.11381e-07

           Step           Time
          94000       94.00000

   Energies (kJ/mol)
           Bond          Angle    Proper Dih.          LJ-14     Coulomb-14
    3.17522e+03    5.75357e+03    1.35355e+03    1.69312e+03    3.31623e+04
        LJ (SR)  Disper. corr.   Coulomb (SR)   Coul. recip.   COM Pull En.
   -6.67328e+03   -1.18261e+03   -2.23367e+04    5.75167e+02    1.60763e+00
      Potential    Kinetic En.   Total Energy  Conserved En.    Temperature
    1.55219e+04    9.74710e+03    2.52690e+04    2.48274e+04    2.98943e+02
 Pres. DC (bar) Pressure (bar)   Constr. rmsd
   -4.42352e+02   -4.92857e+02    5.08905e-07

           Step           Time
          95000       95.00000

   Energies (kJ/mol)
           Bond          Angle    Proper Dih.          LJ-14     Coulomb-14
    3.26887e+03    5.59745e+03    1.34217e+03    1.69765e+03    3.33297e+04
        LJ (SR)  Disper. corr.   Coulomb (SR)   Coul. recip.   COM Pull En.
   -6.69068e+03   -1.18261e+03   -2.23347e+04    5.58161e+02    1.92511e+00
      Potential    Kinetic En.   Total Energy  Conserved En.    Temperature
    1.55880e+04    9.69441e+03    2.52824e+04    2.48271e+04    2.97327e+02
 Pres. DC (bar) Pressure (bar)   Constr. rmsd
   -4.42352e+02   -6.88223e+02    4.88623e-07

           Step           Time
          96000       96.00000

   Energies (kJ/mol)
           Bond          Angle    Proper Dih.          LJ-14     Coulomb-14
    3.30541e+03    5.55268e+03    1.38829e+03    1.69712e+03    3.31050e+04
        LJ (SR)  Disper. corr.   Coulomb (SR)   Coul. recip.   COM Pull En.
   -6.58379e+03   -1.18261e+03   -2.22542e+04    5.51294e+02    3.85722e+00
      Potential    Kinetic En.   Total Energy  Conserved En.    Temperature
    1.55831e+04    9.73578e+03    2.53189e+04    2.48273e+04    2.98596e+02
 Pres. DC (bar) Pressure (bar)   Constr. rmsd
   -4.42352e+02   -1.97506e+03    4.88668e-07

           Step           Time
          97000       97.00000

   Energies (kJ/mol)
           Bond          Angle    Proper Dih.          LJ-14     Coulomb-14
    3.36025e+03    5.61425e+03    1.35631e+03    1.67156e+03    3.32032e+04
        LJ (SR)  Disper. corr.   Coulomb (SR)   Coul. recip.   COM Pull En.
   -6.51375e+03   -1.18261e+03   -2.23551e+04    5.54583e+02    1.35049e+00
      Potential    Kinetic En.   Total Energy  Conserved En.    Temperature
    1.57100e+04    9.64887e+03    2.53589e+04    2.48309e+04    2.95931e+02
 Pres. DC (bar) Pressure (bar)   Constr. rmsd
   -4.42352e+02   -2.47950e+03    4.93508e-07

           Step           Time
          98000       98.00000

   Energies (kJ/mol)
           Bond          Angle    Proper Dih.          LJ-14     Coulomb-14
    3.27432e+03    5.67084e+03    1.36708e+03    1.73176e+03    3.31642e+04
        LJ (SR)  Disper. corr.   Coulomb (SR)   Coul. recip.   COM Pull En.
   -6.56515e+03   -1.18261e+03   -2.23074e+04    5.68096e+02    4.08912e+00
      Potential    Kinetic En.   Total Energy  Conserved En.    Temperature
    1.57252e+04    9.83946e+03    2.55647e+04    2.48269e+04    3.01776e+02
 Pres. DC (bar) Pressure (bar)   Constr. rmsd
   -4.42352e+02   -1.47014e+03    5.06819e-07

           Step           Time
          99000       99.00000

   Energies (kJ/mol)
           Bond          Angle    Proper Dih.          LJ-14     Coulomb-14
    3.01382e+03    5.65965e+03    1.30781e+03    1.68529e+03    3.31872e+04
        LJ (SR)  Disper. corr.   Coulomb (SR)   Coul. recip.   COM Pull En.
   -6.64376e+03   -1.18261e+03   -2.22445e+04    5.50950e+02    2.95583e+00
      Potential    Kinetic En.   Total Energy  Conserved En.    Temperature
    1.53369e+04    9.85368e+03    2.51905e+04    2.48244e+04    3.02212e+02
 Pres. DC (bar) Pressure (bar)   Constr. rmsd
   -4.42352e+02   -1.85500e+02    5.03736e-07

           Step           Time
         100000      100.00000

   Energies (kJ/mol)
           Bond          Angle    Proper Dih.          LJ-14     Coulomb-14
    3.24418e+03    5.67098e+03    1.32037e+03    1.66812e+03    3.32754e+04
        LJ (SR)  Disper. corr.   Coulomb (SR)   Coul. recip.   COM Pull En.
   -6.79098e+03   -1.18261e+03   -2.21270e+04    5.56299e+02    2.86397e+00
      Potential    Kinetic En.   Total Energy  Conserved En.    Temperature
    1.56376e+04    9.77665e+03    2.54143e+04    2.48283e+04    2.99850e+02
 Pres. DC (bar) Pressure (bar)   Constr. rmsd
   -4.42352e+02   -4.43078e+02    5.06668e-07

           Step           Time
         101000      101.00000

   Energies (kJ/mol)
           Bond          Angle    Proper Dih.          LJ-14     Coulomb-14
    3.08949e+03    5.64187e+03    1.37665e+03    1.72358e+03    3.32213e+04
        LJ (SR)  Disper. corr.   Coulomb (SR)   Coul. recip.   COM Pull En.
   -6.73665e+03   -1.18261e+03   -2.22326e+04    5.66525e+02    4.77429e+00
      Potential    Kinetic En.   Total Energy  Conserved En.    Temperature
    1.54723e+04    9.83396e+03    2.53063e+04    2.48231e+04    3.01607e+02
 Pres. DC (bar) Pressure (bar)   Constr. rmsd
   -4.42352e+02    1.35795e+02    4.95833e-07

           Step           Time
         102000      102.00000

   Energies (kJ/mol)
           Bond          Angle    Proper Dih.          LJ-14     Coulomb-14
    3.10420e+03    5.49044e+03    1.34036e+03    1.75840e+03    3.30237e+04
        LJ (SR)  Disper. corr.   Coulomb (SR)   Coul. recip.   COM Pull En.
   -6.66227e+03   -1.18261e+03   -2.19752e+04    5.51888e+02    3.07477e-01
      Potential    Kinetic En.   Total Energy  Conserved En.    Temperature
    1.54492e+04    9.73502e+03    2.51842e+04    2.48262e+04    2.98573e+02
 Pres. DC (bar) Pressure (bar)   Constr. rmsd
   -4.42352e+02    5.09327e+02    5.15408e-07

           Step           Time
         103000      103.00000

   Energies (kJ/mol)
           Bond          Angle    Proper Dih.          LJ-14     Coulomb-14
    3.15341e+03    5.65182e+03    1.36434e+03    1.74533e+03    3.26280e+04
        LJ (SR)  Disper. corr.   Coulomb (SR)   Coul. recip.   COM Pull En.
   -6.53576e+03   -1.18261e+03   -2.18710e+04    5.65109e+02    7.61441e-01
      Potential    Kinetic En.   Total Energy  Conserved En.    Temperature
    1.55194e+04    9.51208e+03    2.50315e+04    2.48278e+04    2.91735e+02
 Pres. DC (bar) Pressure (bar)   Constr. rmsd
   -4.42352e+02   -7.60156e+02    5.29049e-07

           Step           Time
         104000      104.00000

   Energies (kJ/mol)
           Bond          Angle    Proper Dih.          LJ-14     Coulomb-14
    3.03838e+03    5.53034e+03    1.38039e+03    1.75141e+03    3.29102e+04
        LJ (SR)  Disper. corr.   Coulomb (SR)   Coul. recip.   COM Pull En.
   -6.64461e+03   -1.18261e+03   -2.20123e+04    5.55766e+02    1.00083e+00
      Potential    Kinetic En.   Total Energy  Conserved En.    Temperature
    1.53280e+04    9.77435e+03    2.51023e+04    2.48230e+04    2.99779e+02
 Pres. DC (bar) Pressure (bar)   Constr. rmsd
   -4.42352e+02   -2.55935e+02    4.86271e-07

           Step           Time
         105000      105.00000

   Energies (kJ/mol)
           Bond          Angle    Proper Dih.          LJ-14     Coulomb-14
    3.20055e+03    5.59202e+03    1.37460e+03    1.66558e+03    3.28019e+04
        LJ (SR)  Disper. corr.   Coulomb (SR)   Coul. recip.   COM Pull En.
   -6.69908e+03   -1.18261e+03   -2.18059e+04    5.49058e+02    3.04247e+00
      Potential    Kinetic En.   Total Energy  Conserved En.    Temperature
    1.54991e+04    9.72297e+03    2.52221e+04    2.48259e+04    2.98203e+02
 Pres. DC (bar) Pressure (bar)   Constr. rmsd
   -4.42352e+02   -9.89339e+02    5.34246e-07

           Step           Time
         106000      106.00000

   Energies (kJ/mol)
           Bond          Angle    Proper Dih.          LJ-14     Coulomb-14
    2.93663e+03    5.60949e+03    1.40707e+03    1.74338e+03    3.31070e+04
        LJ (SR)  Disper. corr.   Coulomb (SR)   Coul. recip.   COM Pull En.
   -6.66544e+03   -1.18261e+03   -2.20378e+04    5.39125e+02    4.20566e+00
      Potential    Kinetic En.   Total Energy  Conserved En.    Temperature
    1.54610e+04    9.65479e+03    2.51158e+04    2.48267e+04    2.96112e+02
 Pres. DC (bar) Pressure (bar)   Constr. rmsd
   -4.42352e+02   -4.63221e+02    4.81562e-07

           Step           Time
         107000      107.00000

   Energies (kJ/mol)
           Bond          Angle    Proper Dih.          LJ-14     Coulomb-14
    3.10041e+03    5.60704e+03    1.35971e+03    1.72412e+03    3.31690e+04
        LJ (SR)  Disper. corr.   Coulomb (SR)   Coul. recip.   COM Pull En.
   -6.58042e+03   -1.18261e+03   -2.20115e+04    5.54338e+02    3.70920e+00
      Potential    Kinetic En.   Total Energy  Conserved En.    Temperature
    1.57438e+04    9.58664e+03    2.53304e+04    2.48261e+04    2.94022e+02
 Pres. DC (bar) Pressure (bar)   Constr. rmsd
   -4.42352e+02    2.98505e+02    5.10583e-07

           Step           Time
         108000      108.00000

   Energies (kJ/mol)
           Bond          Angle    Proper Dih.          LJ-14     Coulomb-14
    3.10329e+03    5.56452e+03    1.39334e+03    1.76244e+03    3.31402e+04
        LJ (SR)  Disper. corr.   Coulomb (SR)   Coul. recip.   COM Pull En.
   -6.68553e+03   -1.18261e+03   -2.20414e+04    5.45033e+02    2.11462e+00
      Potential    Kinetic En.   Total Energy  Conserved En.    Temperature
    1.56013e+04    9.67158e+03    2.52729e+04    2.48253e+04    2.96627e+02
 Pres. DC (bar) Pressure (bar)   Constr. rmsd
   -4.42352e+02    5.43933e+02    4.82000e-07

           Step           Time
         109000      109.00000

   Energies (kJ/mol)
           Bond          Angle    Proper Dih.          LJ-14     Coulomb-14
    3.27278e+03    5.48545e+03    1.35659e+03    1.69709e+03    3.28367e+04
        LJ (SR)  Disper. corr.   Coulomb (SR)   Coul. recip.   COM Pull En.
   -6.70820e+03   -1.18261e+03   -2.18294e+04    5.63277e+02    1.29939e+00
      Potential    Kinetic En.   Total Energy  Conserved En.    Temperature
    1.54930e+04    9.65795e+03    2.51509e+04    2.48242e+04    2.96209e+02
 Pres. DC (bar) Pressure (bar)   Constr. rmsd
   -4.42352e+02   -4.62497e+02    4.91801e-07

           Step           Time
         110000      110.00000

   Energies (kJ/mol)
           Bond          Angle    Proper Dih.          LJ-14     Coulomb-14
    3.15724e+03    5.40974e+03    1.39209e+03    1.74024e+03    3.31516e+04
        LJ (SR)  Disper. corr.   Coulomb (SR)   Coul. recip.   COM Pull En.
   -6.57292e+03   -1.18261e+03   -2.22190e+04    5.50740e+02    3.67809e-01
      Potential    Kinetic En.   Total Energy  Conserved En.    Temperature
    1.54275e+04    9.83557e+03    2.52631e+04    2.48263e+04    3.01657e+02
 Pres. DC (bar) Pressure (bar)   Constr. rmsd
   -4.42352e+02   -1.34491e+03    4.86054e-07

           Step           Time
         111000      111.00000

   Energies (kJ/mol)
           Bond          Angle    Proper Dih.          LJ-14     Coulomb-14
    3.08507e+03    5.62626e+03    1.37565e+03    1.67014e+03    3.33355e+04
        LJ (SR)  Disper. corr.   Coulomb (SR)   Coul. recip.   COM Pull En.
   -6.70724e+03   -1.18261e+03   -2.23721e+04    5.66555e+02    2.08620e+00
      Potential    Kinetic En.   Total Energy  Conserved En.    Temperature
    1.53992e+04    9.71968e+03    2.51189e+04    2.48250e+04    2.98102e+02
 Pres. DC (bar) Pressure (bar)   Constr. rmsd
   -4.42352e+02   -9.99271e+02    4.92127e-07

           Step           Time
         112000      112.00000

   Energies (kJ/mol)
           Bond          Angle    Proper Dih.          LJ-14     Coulomb-14
    3.24235e+03    5.67172e+03    1.39135e+03    1.68818e+03    3.31757e+04
        LJ (SR)  Disper. corr.   Coulomb (SR)   Coul. recip.   COM Pull En.
   -6.68354e+03   -1.18261e+03   -2.22032e+04    5.51879e+02    8.32036e-01
      Potential    Kinetic En.   Total Energy  Conserved En.    Temperature
    1.56527e+04    9.91454e+03    2.55673e+04    2.48246e+04    3.04079e+02
 Pres. DC (bar) Pressure (bar)   Constr. rmsd
   -4.42352e+02    1.40927e+02    4.85462e-07

           Step           Time
         113000      113.00000

   Energies (kJ/mol)
           Bond          Angle    Proper Dih.          LJ-14     Coulomb-14
    3.21655e+03    5.59768e+03    1.34969e+03    1.65612e+03    3.32717e+04
        LJ (SR)  Disper. corr.   Coulomb (SR)   Coul. recip.   COM Pull En.
   -6.72448e+03   -1.18261e+03   -2.21797e+04    5.68279e+02    2.03690e+00
      Potential    Kinetic En.   Total Energy  Conserved En.    Temperature
    1.55752e+04    9.68845e+03    2.52636e+04    2.48261e+04    2.97145e+02
 Pres. DC (bar) Pressure (bar)   Constr. rmsd
   -4.42352e+02   -1.99020e+02    4.81728e-07

           Step           Time
         114000      114.00000

   Energies (kJ/mol)
           Bond          Angle    Proper Dih.          LJ-14     Coulomb-14
    3.30212e+03    5.75394e+03    1.36023e+03    1.69716e+03    3.31819e+04
        LJ (SR)  Disper. corr.   Coulomb (SR)   Coul. recip.   COM Pull En.
   -6.76631e+03   -1.18261e+03   -2.22062e+04    5.04016e+02    2.68522e+00
      Potential    Kinetic En.   Total Energy  Conserved En.    Temperature
    1.56470e+04    9.79902e+03    2.54460e+04    2.48224e+04    3.00536e+02
 Pres. DC (bar) Pressure (bar)   Constr. rmsd
   -4.42352e+02   -8.62372e+02    5.21684e-07

           Step           Time
         115000      115.00000

   Energies (kJ/mol)
           Bond          Angle    Proper Dih.          LJ-14     Coulomb-14
    3.22399e+03    5.65021e+03    1.41338e+03    1.68577e+03    3.31887e+04
        LJ (SR)  Disper. corr.   Coulomb (SR)   Coul. recip.   COM Pull En.
   -6.66328e+03   -1.18261e+03   -2.20626e+04    5.48874e+02    2.00375e+00
      Potential    Kinetic En.   Total Energy  Conserved En.    Temperature
    1.58044e+04    9.77853e+03    2.55829e+04    2.48219e+04    2.99907e+02
 Pres. DC (bar) Pressure (bar)   Constr. rmsd
   -4.42352e+02   -8.33476e+02    4.81645e-07

           Step           Time
         116000      116.00000

   Energies (kJ/mol)
           Bond          Angle    Proper Dih.          LJ-14     Coulomb-14
    3.23793e+03    5.66048e+03    1.32863e+03    1.59564e+03    3.30803e+04
        LJ (SR)  Disper. corr.   Coulomb (SR)   Coul. recip.   COM Pull En.
   -6.65802e+03   -1.18261e+03   -2.21129e+04    5.52153e+02    2.53500e+00
      Potential    Kinetic En.   Total Energy  Conserved En.    Temperature
    1.55041e+04    9.84767e+03    2.53518e+04    2.48203e+04    3.02028e+02
 Pres. DC (bar) Pressure (bar)   Constr. rmsd
   -4.42352e+02   -1.45479e+03    4.93191e-07

           Step           Time
         117000      117.00000

   Energies (kJ/mol)
           Bond          Angle    Proper Dih.          LJ-14     Coulomb-14
    3.26266e+03    5.61326e+03    1.38088e+03    1.66944e+03    3.31421e+04
        LJ (SR)  Disper. corr.   Coulomb (SR)   Coul. recip.   COM Pull En.
   -6.72943e+03   -1.18261e+03   -2.23193e+04    5.52852e+02    2.88048e+00
      Potential    Kinetic En.   Total Energy  Conserved En.    Temperature
    1.53928e+04    9.77258e+03    2.51654e+04    2.48229e+04    2.99725e+02
 Pres. DC (bar) Pressure (bar)   Constr. rmsd
   -4.42352e+02   -1.92389e+03    5.06762e-07

           Step           Time
         118000      118.00000

   Energies (kJ/mol)
           Bond          Angle    Proper Dih.          LJ-14     Coulomb-14
    3.25966e+03    5.54144e+03    1.39750e+03    1.75974e+03    3.31515e+04
        LJ (SR)  Disper. corr.   Coulomb (SR)   Coul. recip.   COM Pull En.
   -6.52179e+03   -1.18261e+03   -2.21251e+04    5.37440e+02    6.27108e+00
      Potential    Kinetic En.   Total Energy  Conserved En.    Temperature
    1.58241e+04    9.68677e+03    2.55109e+04    2.48214e+04    2.97093e+02
 Pres. DC (bar) Pressure (bar)   Constr. rmsd
   -4.42352e+02   -3.72321e+02    4.86308e-07

           Step           Time
         119000      119.00000

   Energies (kJ/mol)
           Bond          Angle    Proper Dih.          LJ-14     Coulomb-14
    3.35279e+03    5.57236e+03    1.33570e+03    1.66859e+03    3.30754e+04
        LJ (SR)  Disper. corr.   Coulomb (SR)   Coul. recip.   COM Pull En.
   -6.54582e+03   -1.18261e+03   -2.22709e+04    5.47567e+02    1.48083e+00
      Potential    Kinetic En.   Total Energy  Conserved En.    Temperature
    1.55545e+04    9.69616e+03    2.52506e+04    2.48187e+04    2.97381e+02
 Pres. DC (bar) Pressure (bar)   Constr. rmsd
   -4.42352e+02   -1.17192e+03    5.17986e-07

           Step           Time
         120000      120.00000

   Energies (kJ/mol)
           Bond          Angle    Proper Dih.          LJ-14     Coulomb-14
    3.32357e+03    5.75976e+03    1.33797e+03    1.67951e+03    3.30028e+04
        LJ (SR)  Disper. corr.   Coulomb (SR)   Coul. recip.   COM Pull En.
   -6.61156e+03   -1.18261e+03   -2.22374e+04    5.80530e+02    1.16016e+00
      Potential    Kinetic En.   Total Energy  Conserved En.    Temperature
    1.56538e+04    9.69944e+03    2.53532e+04    2.48207e+04    2.97482e+02
 Pres. DC (bar) Pressure (bar)   Constr. rmsd
   -4.42352e+02   -1.52683e+03    4.88832e-07

           Step           Time
         121000      121.00000

   Energies (kJ/mol)
           Bond          Angle    Proper Dih.          LJ-14     Coulomb-14
    3.12575e+03    5.45991e+03    1.37000e+03    1.74416e+03    3.32903e+04
        LJ (SR)  Disper. corr.   Coulomb (SR)   Coul. recip.   COM Pull En.
   -6.60761e+03   -1.18261e+03   -2.21791e+04    5.54927e+02    1.57348e+00
      Potential    Kinetic En.   Total Energy  Conserved En.    Temperature
    1.55773e+04    9.50398e+03    2.50813e+04    2.48222e+04    2.91487e+02
 Pres. DC (bar) Pressure (bar)   Constr. rmsd
   -4.42352e+02   -5.46026e+02    5.11473e-07

           Step           Time
         122000      122.00000

   Energies (kJ/mol)
           Bond          Angle    Proper Dih.          LJ-14     Coulomb-14
    3.26742e+03    5.59544e+03    1.34369e+03    1.63497e+03    3.30056e+04
        LJ (SR)  Disper. corr.   Coulomb (SR)   Coul. recip.   COM Pull En.
   -6.55478e+03   -1.18261e+03   -2.21088e+04    5.83640e+02    2.64820e+00
      Potential    Kinetic En.   Total Energy  Conserved En.    Temperature
    1.55873e+04    9.77069e+03    2.53579e+04    2.48200e+04    2.99667e+02
 Pres. DC (bar) Pressure (bar)   Constr. rmsd
   -4.42352e+02   -9.42281e+02    5.15457e-07

           Step           Time
         123000      123.00000

   Energies (kJ/mol)
           Bond          Angle    Proper Dih.          LJ-14     Coulomb-14
    3.21089e+03    5.57892e+03    1.37607e+03    1.68888e+03    3.32594e+04
        LJ (SR)  Disper. corr.   Coulomb (SR)   Coul. recip.   COM Pull En.
   -6.69702e+03   -1.18261e+03   -2.20873e+04    5.53669e+02    3.32106e+00
      Potential    Kinetic En.   Total Energy  Conserved En.    Temperature
    1.57043e+04    1.00152e+04    2.57195e+04    2.48184e+04    3.07166e+02
 Pres. DC (bar) Pressure (bar)   Constr. rmsd
   -4.42352e+02   -1.41740e+03    4.87698e-07

           Step           Time
         124000      124.00000

   Energies (kJ/mol)
           Bond          Angle    Proper Dih.          LJ-14     Coulomb-14
    3.23983e+03    5.52737e+03    1.36593e+03    1.69698e+03    3.34858e+04
        LJ (SR)  Disper. corr.   Coulomb (SR)   Coul. recip.   COM Pull En.
   -6.68056e+03   -1.18261e+03   -2.23340e+04    5.34639e+02    2.86957e+00
      Potential    Kinetic En.   Total Energy  Conserved En.    Temperature
    1.56562e+04    9.70577e+03    2.53620e+04    2.48197e+04    2.97676e+02
 Pres. DC (bar) Pressure (bar)   Constr. rmsd
   -4.42352e+02   -1.68425e+03    4.98922e-07

           Step           Time
         125000      125.00000

   Energies (kJ/mol)
           Bond          Angle    Proper Dih.          LJ-14     Coulomb-14
    3.35810e+03    5.71856e+03    1.36269e+03    1.69291e+03    3.31451e+04
        LJ (SR)  Disper. corr.   Coulomb (SR)   Coul. recip.   COM Pull En.
   -6.59950e+03   -1.18261e+03   -2.20895e+04    5.50925e+02    3.67000e+00
      Potential    Kinetic En.   Total Energy  Conserved En.    Temperature
    1.59604e+04    9.67918e+03    2.56396e+04    2.48202e+04    2.96860e+02
 Pres. DC (bar) Pressure (bar)   Constr. rmsd
   -4.42352e+02   -1.28195e+03    5.22200e-07

           Step           Time
         126000      126.00000

   Energies (kJ/mol)
           Bond          Angle    Proper Dih.          LJ-14     Coulomb-14
    3.27361e+03    5.60542e+03    1.37580e+03    1.80967e+03    3.31175e+04
        LJ (SR)  Disper. corr.   Coulomb (SR)   Coul. recip.   COM Pull En.
   -6.57117e+03   -1.18261e+03   -2.22352e+04    5.60652e+02    3.50294e+00
      Potential    Kinetic En.   Total Energy  Conserved En.    Temperature
    1.57571e+04    9.73847e+03    2.54956e+04    2.48201e+04    2.98679e+02
 Pres. DC (bar) Pressure (bar)   Constr. rmsd
   -4.42352e+02    1.86862e+02    5.24592e-07

           Step           Time
         127000      127.00000

   Energies (kJ/mol)
           Bond          Angle    Proper Dih.          LJ-14     Coulomb-14
    3.13161e+03    5.64836e+03    1.35798e+03    1.79499e+03    3.32740e+04
        LJ (SR)  Disper. corr.   Coulomb (SR)   Coul. recip.   COM Pull En.
   -6.76669e+03   -1.18261e+03   -2.24191e+04    5.66630e+02    2.69611e+00
      Potential    Kinetic En.   Total Energy  Conserved En.    Temperature
    1.54079e+04    9.73409e+03    2.51420e+04    2.48180e+04    2.98544e+02
 Pres. DC (bar) Pressure (bar)   Constr. rmsd
   -4.42352e+02   -4.37216e+02    4.70087e-07

           Step           Time
         128000      128.00000

   Energies (kJ/mol)
           Bond          Angle    Proper Dih.          LJ-14     Coulomb-14
    3.20205e+03    5.71229e+03    1.39904e+03    1.90114e+03    3.30196e+04
        LJ (SR)  Disper. corr.   Coulomb (SR)   Coul. recip.   COM Pull En.
   -6.57836e+03   -1.18261e+03   -2.20898e+04    5.51350e+02    3.25978e+00
      Potential    Kinetic En.   Total Energy  Conserved En.    Temperature
    1.59381e+04    9.90527e+03    2.58433e+04    2.48159e+04    3.03794e+02
 Pres. DC (bar) Pressure (bar)   Constr. rmsd
   -4.42352e+02    8.92611e+02    4.97285e-07

           Step           Time
         129000      129.00000

   Energies (kJ/mol)
           Bond          Angle    Proper Dih.          LJ-14     Coulomb-14
    3.19726e+03    5.68964e+03    1.35259e+03    1.77588e+03    3.28419e+04
        LJ (SR)  Disper. corr.   Coulomb (SR)   Coul. recip.   COM Pull En.
   -6.64981e+03   -1.18261e+03   -2.19316e+04    5.32449e+02    3.22445e+00
      Potential    Kinetic En.   Total Energy  Conserved En.    Temperature
    1.56290e+04    9.71626e+03    2.53452e+04    2.48189e+04    2.97998e+02
 Pres. DC (bar) Pressure (bar)   Constr. rmsd
   -4.42352e+02   -7.10634e+02    5.00306e-07

           Step           Time
         130000      130.00000

   Energies (kJ/mol)
           Bond          Angle    Proper Dih.          LJ-14     Coulomb-14
    3.25414e+03    5.50228e+03    1.36239e+03    1.69157e+03    3.33561e+04
        LJ (SR)  Disper. corr.   Coulomb (SR)   Coul. recip.   COM Pull En.
   -6.72106e+03   -1.18261e+03   -2.21590e+04    5.43524e+02    3.11750e+00
      Potential    Kinetic En.   Total Energy  Conserved En.    Temperature
    1.56504e+04    9.72165e+03    2.53721e+04    2.48153e+04    2.98163e+02
 Pres. DC (bar) Pressure (bar)   Constr. rmsd
   -4.42352e+02   -1.82299e+03    4.64987e-07

           Step           Time
         131000      131.00000

   Energies (kJ/mol)
           Bond          Angle    Proper Dih.          LJ-14     Coulomb-14
    3.28604e+03    5.75395e+03    1.36697e+03    1.76281e+03    3.32258e+04
        LJ (SR)  Disper. corr.   Coulomb (SR)   Coul. recip.   COM Pull En.
   -6.67945e+03   -1.18261e+03   -2.23540e+04    5.37913e+02    6.59582e+00
      Potential    Kinetic En.   Total Energy  Conserved En.    Temperature
    1.57240e+04    9.41559e+03    2.51396e+04    2.48174e+04    2.88776e+02
 Pres. DC (bar) Pressure (bar)   Constr. rmsd
   -4.42352e+02   -1.78002e+03    4.92755e-07

           Step           Time
         132000      132.00000

   Energies (kJ/mol)
           Bond          Angle    Proper Dih.          LJ-14     Coulomb-14
    3.07123e+03    5.57627e+03    1.35210e+03    1.80889e+03    3.33211e+04
        LJ (SR)  Disper. corr.   Coulomb (SR)   Coul. recip.   COM Pull En.
   -6.63081e+03   -1.18261e+03   -2.24179e+04    5.60734e+02    9.53776e+00
      Potential    Kinetic En.   Total Energy  Conserved En.    Temperature
    1.54685e+04    9.42510e+03    2.48936e+04    2.48187e+04    2.89068e+02
 Pres. DC (bar) Pressure (bar)   Constr. rmsd
   -4.42352e+02   -8.96757e+01    4.90467e-07

           Step           Time
         133000      133.00000

   Energies (kJ/mol)
           Bond          Angle    Proper Dih.          LJ-14     Coulomb-14
    3.22760e+03    5.57952e+03    1.34595e+03    1.79624e+03    3.31334e+04
        LJ (SR)  Disper. corr.   Coulomb (SR)   Coul. recip.   COM Pull En.
   -6.60764e+03   -1.18261e+03   -2.22753e+04    5.54065e+02    9.84444e+00
      Potential    Kinetic En.   Total Energy  Conserved En.    Temperature
    1.55810e+04    9.68977e+03    2.52708e+04    2.48165e+04    2.97185e+02
 Pres. DC (bar) Pressure (bar)   Constr. rmsd
   -4.42352e+02    4.93859e+02    5.04775e-07

           Step           Time
         134000      134.00000

   Energies (kJ/mol)
           Bond          Angle    Proper Dih.          LJ-14     Coulomb-14
    3.17641e+03    5.51675e+03    1.37298e+03    1.80232e+03    3.28828e+04
        LJ (SR)  Disper. corr.   Coulomb (SR)   Coul. recip.   COM Pull En.
   -6.52265e+03   -1.18261e+03   -2.19872e+04    5.56744e+02    3.86395e+00
      Potential    Kinetic En.   Total Energy  Conserved En.    Temperature
    1.56194e+04    9.73202e+03    2.53514e+04    2.48156e+04    2.98481e+02
 Pres. DC (bar) Pressure (bar)   Constr. rmsd
   -4.42352e+02    1.16733e+03    5.03287e-07

           Step           Time
         135000      135.00000

   Energies (kJ/mol)
           Bond          Angle    Proper Dih.          LJ-14     Coulomb-14
    3.13547e+03    5.65568e+03    1.38881e+03    1.74476e+03    3.31850e+04
        LJ (SR)  Disper. corr.   Coulomb (SR)   Coul. recip.   COM Pull En.
   -6.70936e+03   -1.18261e+03   -2.21682e+04    5.42408e+02    3.43945e+00
      Potential    Kinetic En.   Total Energy  Conserved En.    Temperature
    1.55954e+04    9.75197e+03    2.53474e+04    2.48154e+04    2.99093e+02
 Pres. DC (bar) Pressure (bar)   Constr. rmsd
   -4.42352e+02   -1.32803e+03    5.19355e-07

           Step           Time
         136000      136.00000

   Energies (kJ/mol)
           Bond          Angle    Proper Dih.          LJ-14     Coulomb-14
    3.18425e+03    5.52240e+03    1.33497e+03    1.70452e+03    3.29569e+04
        LJ (SR)  Disper. corr.   Coulomb (SR)   Coul. recip.   COM Pull En.
   -6.60480e+03   -1.18261e+03   -2.18572e+04    5.39556e+02    5.01180e+00
      Potential    Kinetic En.   Total Energy  Conserved En.    Temperature
    1.56029e+04    9.69147e+03    2.52944e+04    2.48156e+04    2.97237e+02
 Pres. DC (bar) Pressure (bar)   Constr. rmsd
   -4.42352e+02    9.85566e+01    5.17551e-07

           Step           Time
         137000      137.00000

   Energies (kJ/mol)
           Bond          Angle    Proper Dih.          LJ-14     Coulomb-14
    3.21471e+03    5.51764e+03    1.34891e+03    1.71461e+03    3.30811e+04
        LJ (SR)  Disper. corr.   Coulomb (SR)   Coul. recip.   COM Pull En.
   -6.65106e+03   -1.18261e+03   -2.20222e+04    5.52655e+02    5.87850e+00
      Potential    Kinetic En.   Total Energy  Conserved En.    Temperature
    1.55796e+04    9.65334e+03    2.52330e+04    2.48163e+04    2.96068e+02
 Pres. DC (bar) Pressure (bar)   Constr. rmsd
   -4.42352e+02    1.35465e+02    5.19712e-07

           Step           Time
         138000      138.00000

   Energies (kJ/mol)
           Bond          Angle    Proper Dih.          LJ-14     Coulomb-14
    3.20341e+03    5.55777e+03    1.37937e+03    1.74505e+03    3.29609e+04
        LJ (SR)  Disper. corr.   Coulomb (SR)   Coul. recip.   COM Pull En.
   -6.58433e+03   -1.18261e+03   -2.20833e+04    5.60981e+02    2.89286e+00
      Potential    Kinetic En.   Total Energy  Conserved En.    Temperature
    1.55602e+04    9.76784e+03    2.53280e+04    2.48145e+04    2.99580e+02
 Pres. DC (bar) Pressure (bar)   Constr. rmsd
   -4.42352e+02   -1.15626e+03    5.23286e-07

           Step           Time
         139000      139.00000

   Energies (kJ/mol)
           Bond          Angle    Proper Dih.          LJ-14     Coulomb-14
    3.48404e+03    5.53894e+03    1.34062e+03    1.67722e+03    3.30668e+04
        LJ (SR)  Disper. corr.   Coulomb (SR)   Coul. recip.   COM Pull En.
   -6.46044e+03   -1.18261e+03   -2.20873e+04    5.68384e+02    4.99952e+00
      Potential    Kinetic En.   Total Energy  Conserved En.    Temperature
    1.59506e+04    9.97513e+03    2.59257e+04    2.48145e+04    3.05937e+02
 Pres. DC (bar) Pressure (bar)   Constr. rmsd
   -4.42352e+02   -7.75368e+02    5.10476e-07

           Step           Time
         140000      140.00000

   Energies (kJ/mol)
           Bond          Angle    Proper Dih.          LJ-14     Coulomb-14
    3.14303e+03    5.81048e+03    1.41549e+03    1.78723e+03    3.32701e+04
        LJ (SR)  Disper. corr.   Coulomb (SR)   Coul. recip.   COM Pull En.
   -6.52028e+03   -1.18261e+03   -2.23594e+04    5.55238e+02    7.06664e+00
      Potential    Kinetic En.   Total Energy  Conserved En.    Temperature
    1.59264e+04    9.82343e+03    2.57498e+04    2.48152e+04    3.01284e+02
 Pres. DC (bar) Pressure (bar)   Constr. rmsd
   -4.42352e+02    7.54629e+02    4.70559e-07

           Step           Time
         141000      141.00000

   Energies (kJ/mol)
           Bond          Angle    Proper Dih.          LJ-14     Coulomb-14
    3.28169e+03    5.77946e+03    1.34301e+03    1.73001e+03    3.29483e+04
        LJ (SR)  Disper. corr.   Coulomb (SR)   Coul. recip.   COM Pull En.
   -6.66941e+03   -1.18261e+03   -2.19826e+04    5.51395e+02    5.54769e+00
      Potential    Kinetic En.   Total Energy  Conserved En.    Temperature
    1.58047e+04    9.63152e+03    2.54362e+04    2.48160e+04    2.95399e+02
 Pres. DC (bar) Pressure (bar)   Constr. rmsd
   -4.42352e+02   -1.85294e+01    5.10298e-07

           Step           Time
         142000      142.00000

   Energies (kJ/mol)
           Bond          Angle    Proper Dih.          LJ-14     Coulomb-14
    3.19647e+03    5.60401e+03    1.30981e+03    1.72286e+03    3.30567e+04
        LJ (SR)  Disper. corr.   Coulomb (SR)   Coul. recip.   COM Pull En.
   -6.67400e+03   -1.18261e+03   -2.20302e+04    5.70136e+02    6.93526e+00
      Potential    Kinetic En.   Total Energy  Conserved En.    Temperature
    1.55802e+04    9.76463e+03    2.53448e+04    2.48123e+04    2.99481e+02
 Pres. DC (bar) Pressure (bar)   Constr. rmsd
   -4.42352e+02    1.89686e+01    4.81758e-07

           Step           Time
         143000      143.00000

   Energies (kJ/mol)
           Bond          Angle    Proper Dih.          LJ-14     Coulomb-14
    3.11012e+03    5.41853e+03    1.33140e+03    1.64250e+03    3.30277e+04
        LJ (SR)  Disper. corr.   Coulomb (SR)   Coul. recip.   COM Pull En.
   -6.67708e+03   -1.18261e+03   -2.20488e+04    5.60517e+02    4.47372e+00
      Potential    Kinetic En.   Total Energy  Conserved En.    Temperature
    1.51868e+04    9.94730e+03    2.51341e+04    2.48088e+04    3.05084e+02
 Pres. DC (bar) Pressure (bar)   Constr. rmsd
   -4.42352e+02   -1.04760e+03    4.94039e-07

           Step           Time
         144000      144.00000

   Energies (kJ/mol)
           Bond          Angle    Proper Dih.          LJ-14     Coulomb-14
    3.34077e+03    5.47245e+03    1.33932e+03    1.66854e+03    3.31474e+04
        LJ (SR)  Disper. corr.   Coulomb (SR)   Coul. recip.   COM Pull En.
   -6.66718e+03   -1.18261e+03   -2.21515e+04    5.29508e+02    6.97044e+00
      Potential    Kinetic En.   Total Energy  Conserved En.    Temperature
    1.55037e+04    9.80309e+03    2.53068e+04    2.48121e+04    3.00661e+02
 Pres. DC (bar) Pressure (bar)   Constr. rmsd
   -4.42352e+02   -1.22555e+03    4.85094e-07

           Step           Time
         145000      145.00000

   Energies (kJ/mol)
           Bond          Angle    Proper Dih.          LJ-14     Coulomb-14
    3.25236e+03    5.65400e+03    1.37048e+03    1.70140e+03    3.30786e+04
        LJ (SR)  Disper. corr.   Coulomb (SR)   Coul. recip.   COM Pull En.
   -6.79751e+03   -1.18261e+03   -2.19832e+04    5.47263e+02    4.70142e+00
      Potential    Kinetic En.   Total Energy  Conserved En.    Temperature
    1.56455e+04    9.66704e+03    2.53125e+04    2.48146e+04    2.96488e+02
 Pres. DC (bar) Pressure (bar)   Constr. rmsd
   -4.42352e+02   -1.26392e+03    4.94046e-07

           Step           Time
         146000      146.00000

   Energies (kJ/mol)
           Bond          Angle    Proper Dih.          LJ-14     Coulomb-14
    3.29498e+03    5.62718e+03    1.35750e+03    1.68658e+03    3.30884e+04
        LJ (SR)  Disper. corr.   Coulomb (SR)   Coul. recip.   COM Pull En.
   -6.77034e+03   -1.18261e+03   -2.22181e+04    5.59134e+02    6.36996e+00
      Potential    Kinetic En.   Total Energy  Conserved En.    Temperature
    1.54491e+04    9.70021e+03    2.51493e+04    2.48139e+04    2.97505e+02
 Pres. DC (bar) Pressure (bar)   Constr. rmsd
   -4.42352e+02   -1.55824e+03    5.00633e-07

           Step           Time
         147000      147.00000

   Energies (kJ/mol)
           Bond          Angle    Proper Dih.          LJ-14     Coulomb-14
    3.20594e+03    5.58491e+03    1.33799e+03    1.68811e+03    3.30530e+04
        LJ (SR)  Disper. corr.   Coulomb (SR)   Coul. recip.   COM Pull En.
   -6.78326e+03   -1.18261e+03   -2.20559e+04    5.49203e+02    1.04471e+01
      Potential    Kinetic En.   Total Energy  Conserved En.    Temperature
    1.54078e+04    9.82088e+03    2.52286e+04    2.48128e+04    3.01206e+02
 Pres. DC (bar) Pressure (bar)   Constr. rmsd
   -4.42352e+02   -1.14727e+03    4.93877e-07

           Step           Time
         148000      148.00000

   Energies (kJ/mol)
           Bond          Angle    Proper Dih.          LJ-14     Coulomb-14
    3.17158e+03    5.81282e+03    1.34070e+03    1.68451e+03    3.29880e+04
        LJ (SR)  Disper. corr.   Coulomb (SR)   Coul. recip.   COM Pull En.
   -6.67893e+03   -1.18261e+03   -2.20595e+04    5.99484e+02    1.03704e+01
      Potential    Kinetic En.   Total Energy  Conserved En.    Temperature
    1.56864e+04    9.74817e+03    2.54345e+04    2.48126e+04    2.98976e+02
 Pres. DC (bar) Pressure (bar)   Constr. rmsd
   -4.42352e+02   -1.09281e+03    4.82272e-07

           Step           Time
         149000      149.00000

   Energies (kJ/mol)
           Bond          Angle    Proper Dih.          LJ-14     Coulomb-14
    3.21257e+03    5.46011e+03    1.34249e+03    1.73729e+03    3.30175e+04
        LJ (SR)  Disper. corr.   Coulomb (SR)   Coul. recip.   COM Pull En.
   -6.67089e+03   -1.18261e+03   -2.21113e+04    5.20970e+02    9.48949e+00
      Potential    Kinetic En.   Total Energy  Conserved En.    Temperature
    1.53357e+04    9.69871e+03    2.50344e+04    2.48078e+04    2.97459e+02
 Pres. DC (bar) Pressure (bar)   Constr. rmsd
   -4.42352e+02   -9.43481e+02    4.85327e-07

           Step           Time
         150000      150.00000

   Energies (kJ/mol)
           Bond          Angle    Proper Dih.          LJ-14     Coulomb-14
    3.42917e+03    5.81170e+03    1.39037e+03    1.73068e+03    3.32358e+04
        LJ (SR)  Disper. corr.   Coulomb (SR)   Coul. recip.   COM Pull En.
   -6.78026e+03   -1.18261e+03   -2.23213e+04    5.38868e+02    4.68376e+00
      Potential    Kinetic En.   Total Energy  Conserved En.    Temperature
    1.58571e+04    9.60784e+03    2.54649e+04    2.48127e+04    2.94672e+02
 Pres. DC (bar) Pressure (bar)   Constr. rmsd
   -4.42352e+02   -1.54310e+03    4.92829e-07

           Step           Time
         151000      151.00000

   Energies (kJ/mol)
           Bond          Angle    Proper Dih.          LJ-14     Coulomb-14
    3.29870e+03    5.55020e+03    1.36297e+03    1.76462e+03    3.33594e+04
        LJ (SR)  Disper. corr.   Coulomb (SR)   Coul. recip.   COM Pull En.
   -6.76677e+03   -1.18261e+03   -2.21800e+04    5.61086e+02    8.25994e+00
      Potential    Kinetic En.   Total Energy  Conserved En.    Temperature
    1.57759e+04    1.00066e+04    2.57825e+04    2.48105e+04    3.06903e+02
 Pres. DC (bar) Pressure (bar)   Constr. rmsd
   -4.42352e+02   -7.59543e+02    4.91475e-07

           Step           Time
         152000      152.00000

   Energies (kJ/mol)
           Bond          Angle    Proper Dih.          LJ-14     Coulomb-14
    3.20310e+03    5.54486e+03    1.35885e+03    1.69533e+03    3.31931e+04
        LJ (SR)  Disper. corr.   Coulomb (SR)   Coul. recip.   COM Pull En.
   -6.66528e+03   -1.18261e+03   -2.20890e+04    5.44045e+02    1.08150e+01
      Potential    Kinetic En.   Total Energy  Conserved En.    Temperature
    1.56132e+04    1.00410e+04    2.56542e+04    2.48071e+04    3.07956e+02
 Pres. DC (bar) Pressure (bar)   Constr. rmsd
   -4.42352e+02   -9.24943e+02    5.11644e-07

           Step           Time
         153000      153.00000

   Energies (kJ/mol)
           Bond          Angle    Proper Dih.          LJ-14     Coulomb-14
    3.28614e+03    5.74021e+03    1.38570e+03    1.69633e+03    3.30444e+04
        LJ (SR)  Disper. corr.   Coulomb (SR)   Coul. recip.   COM Pull En.
   -6.60975e+03   -1.18261e+03   -2.21586e+04    5.71044e+02    8.39211e+00
      Potential    Kinetic En.   Total Energy  Conserved En.    Temperature
    1.57813e+04    9.74929e+03    2.55306e+04    2.48088e+04    2.99010e+02
 Pres. DC (bar) Pressure (bar)   Constr. rmsd
   -4.42352e+02   -3.68759e+02    4.89836e-07

           Step           Time
         154000      154.00000

   Energies (kJ/mol)
           Bond          Angle    Proper Dih.          LJ-14     Coulomb-14
    3.14141e+03    5.52623e+03    1.34038e+03    1.73590e+03    3.34591e+04
        LJ (SR)  Disper. corr.   Coulomb (SR)   Coul. recip.   COM Pull En.
   -6.66741e+03   -1.18261e+03   -2.23784e+04    5.60027e+02    1.23477e+01
      Potential    Kinetic En.   Total Energy  Conserved En.    Temperature
    1.55470e+04    9.51815e+03    2.50652e+04    2.48070e+04    2.91921e+02
 Pres. DC (bar) Pressure (bar)   Constr. rmsd
   -4.42352e+02   -4.09982e+02    4.87333e-07

           Step           Time
         155000      155.00000

   Energies (kJ/mol)
           Bond          Angle    Proper Dih.          LJ-14     Coulomb-14
    3.18250e+03    5.36478e+03    1.35124e+03    1.74066e+03    3.30725e+04
        LJ (SR)  Disper. corr.   Coulomb (SR)   Coul. recip.   COM Pull En.
   -6.62773e+03   -1.18261e+03   -2.20911e+04    5.27414e+02    9.23967e+00
      Potential    Kinetic En.   Total Energy  Conserved En.    Temperature
    1.53468e+04    9.95770e+03    2.53045e+04    2.48044e+04    3.05402e+02
 Pres. DC (bar) Pressure (bar)   Constr. rmsd
   -4.42352e+02   -3.72215e+02    4.78727e-07

           Step           Time
         156000      156.00000

   Energies (kJ/mol)
           Bond          Angle    Proper Dih.          LJ-14     Coulomb-14
    3.41504e+03    5.57342e+03    1.37175e+03    1.65352e+03    3.28591e+04
        LJ (SR)  Disper. corr.   Coulomb (SR)   Coul. recip.   COM Pull En.
   -6.73632e+03   -1.18261e+03   -2.19583e+04    5.42149e+02    5.12637e+00
      Potential    Kinetic En.   Total Energy  Conserved En.    Temperature
    1.55429e+04    9.69989e+03    2.52428e+04    2.48080e+04    2.97495e+02
 Pres. DC (bar) Pressure (bar)   Constr. rmsd
   -4.42352e+02   -2.08293e+03    5.12128e-07

           Step           Time
         157000      157.00000

   Energies (kJ/mol)
           Bond          Angle    Proper Dih.          LJ-14     Coulomb-14
    3.01571e+03    5.71075e+03    1.36725e+03    1.75530e+03    3.30234e+04
        LJ (SR)  Disper. corr.   Coulomb (SR)   Coul. recip.   COM Pull En.
   -6.65508e+03   -1.18261e+03   -2.21305e+04    5.52511e+02    7.47140e+00
      Potential    Kinetic En.   Total Energy  Conserved En.    Temperature
    1.54642e+04    9.63056e+03    2.50948e+04    2.48063e+04    2.95369e+02
 Pres. DC (bar) Pressure (bar)   Constr. rmsd
   -4.42352e+02   -6.72103e+02    4.81002e-07

           Step           Time
         158000      158.00000

   Energies (kJ/mol)
           Bond          Angle    Proper Dih.          LJ-14     Coulomb-14
    3.32745e+03    5.54991e+03    1.35350e+03    1.69104e+03    3.29344e+04
        LJ (SR)  Disper. corr.   Coulomb (SR)   Coul. recip.   COM Pull En.
   -6.59046e+03   -1.18261e+03   -2.20567e+04    5.29774e+02    4.62178e+00
      Potential    Kinetic En.   Total Energy  Conserved En.    Temperature
    1.55609e+04    9.60940e+03    2.51703e+04    2.48065e+04    2.94720e+02
 Pres. DC (bar) Pressure (bar)   Constr. rmsd
   -4.42352e+02   -6.86602e+02    4.72404e-07

           Step           Time
         159000      159.00000

   Energies (kJ/mol)
           Bond          Angle    Proper Dih.          LJ-14     Coulomb-14
    3.21250e+03    5.67308e+03    1.36625e+03    1.70419e+03    3.31030e+04
        LJ (SR)  Disper. corr.   Coulomb (SR)   Coul. recip.   COM Pull En.
   -6.64273e+03   -1.18261e+03   -2.22145e+04    5.62346e+02    6.02904e+00
      Potential    Kinetic En.   Total Energy  Conserved En.    Temperature
    1.55876e+04    9.71983e+03    2.53074e+04    2.48058e+04    2.98107e+02
 Pres. DC (bar) Pressure (bar)   Constr. rmsd
   -4.42352e+02   -6.76090e+02    5.23328e-07

           Step           Time
         160000      160.00000

   Energies (kJ/mol)
           Bond          Angle    Proper Dih.          LJ-14     Coulomb-14
    3.19596e+03    5.59895e+03    1.32888e+03    1.71070e+03    3.33823e+04
        LJ (SR)  Disper. corr.   Coulomb (SR)   Coul. recip.   COM Pull En.
   -6.60621e+03   -1.18261e+03   -2.21851e+04    5.52992e+02    8.34220e+00
      Potential    Kinetic En.   Total Energy  Conserved En.    Temperature
    1.58042e+04    9.85956e+03    2.56637e+04    2.48034e+04    3.02393e+02
 Pres. DC (bar) Pressure (bar)   Constr. rmsd
   -4.42352e+02   -1.96903e+02    5.04580e-07

           Step           Time
         161000      161.00000

   Energies (kJ/mol)
           Bond          Angle    Proper Dih.          LJ-14     Coulomb-14
    3.25322e+03    5.70616e+03    1.36137e+03    1.68275e+03    3.30168e+04
        LJ (SR)  Disper. corr.   Coulomb (SR)   Coul. recip.   COM Pull En.
   -6.64221e+03   -1.18261e+03   -2.22522e+04    5.25819e+02    8.64751e+00
      Potential    Kinetic En.   Total Energy  Conserved En.    Temperature
    1.54778e+04    9.98177e+03    2.54596e+04    2.48031e+04    3.06141e+02
 Pres. DC (bar) Pressure (bar)   Constr. rmsd
   -4.42352e+02   -1.73021e+03    4.65496e-07

           Step           Time
         162000      162.00000

   Energies (kJ/mol)
           Bond          Angle    Proper Dih.          LJ-14     Coulomb-14
    3.05651e+03    5.49817e+03    1.31828e+03    1.75769e+03    3.30963e+04
        LJ (SR)  Disper. corr.   Coulomb (SR)   Coul. recip.   COM Pull En.
   -6.72455e+03   -1.18261e+03   -2.21885e+04    5.25045e+02    6.37694e+00
      Potential    Kinetic En.   Total Energy  Conserved En.    Temperature
    1.51627e+04    9.78904e+03    2.49518e+04    2.48034e+04    3.00230e+02
 Pres. DC (bar) Pressure (bar)   Constr. rmsd
   -4.42352e+02   -6.40451e+02    4.96589e-07

           Step           Time
         163000      163.00000

   Energies (kJ/mol)
           Bond          Angle    Proper Dih.          LJ-14     Coulomb-14
    3.06498e+03    5.64616e+03    1.37484e+03    1.81066e+03    3.30502e+04
        LJ (SR)  Disper. corr.   Coulomb (SR)   Coul. recip.   COM Pull En.
   -6.63897e+03   -1.18261e+03   -2.21846e+04    5.41815e+02    5.08863e+00
      Potential    Kinetic En.   Total Energy  Conserved En.    Temperature
    1.54875e+04    9.77436e+03    2.52619e+04    2.48022e+04    2.99780e+02
 Pres. DC (bar) Pressure (bar)   Constr. rmsd
   -4.42352e+02    7.45243e+02    4.99913e-07

           Step           Time
         164000      164.00000

   Energies (kJ/mol)
           Bond          Angle    Proper Dih.          LJ-14     Coulomb-14
    2.98558e+03    5.73926e+03    1.37780e+03    1.79438e+03    3.33058e+04
        LJ (SR)  Disper. corr.   Coulomb (SR)   Coul. recip.   COM Pull En.
   -6.72790e+03   -1.18261e+03   -2.22175e+04    5.59236e+02    6.66495e+00
      Potential    Kinetic En.   Total Energy  Conserved En.    Temperature
    1.56407e+04    9.55004e+03    2.51907e+04    2.48041e+04    2.92900e+02
 Pres. DC (bar) Pressure (bar)   Constr. rmsd
   -4.42352e+02    8.06438e+02    5.02542e-07

           Step           Time
         165000      165.00000

   Energies (kJ/mol)
           Bond          Angle    Proper Dih.          LJ-14     Coulomb-14
    3.06624e+03    5.67154e+03    1.39461e+03    1.77524e+03    3.32009e+04
        LJ (SR)  Disper. corr.   Coulomb (SR)   Coul. recip.   COM Pull En.
   -6.68117e+03   -1.18261e+03   -2.22108e+04    5.30985e+02    7.04862e+00
      Potential    Kinetic En.   Total Energy  Conserved En.    Temperature
    1.55719e+04    9.67228e+03    2.52442e+04    2.48063e+04    2.96649e+02
 Pres. DC (bar) Pressure (bar)   Constr. rmsd
   -4.42352e+02   -4.59940e+01    4.98798e-07

           Step           Time
         166000      166.00000

   Energies (kJ/mol)
           Bond          Angle    Proper Dih.          LJ-14     Coulomb-14
    3.08249e+03    5.79061e+03    1.34736e+03    1.71088e+03    3.30869e+04
        LJ (SR)  Disper. corr.   Coulomb (SR)   Coul. recip.   COM Pull En.
   -6.50275e+03   -1.18261e+03   -2.21878e+04    5.35512e+02    4.19271e+00
      Potential    Kinetic En.   Total Energy  Conserved En.    Temperature
    1.56848e+04    9.76535e+03    2.54501e+04    2.48036e+04    2.99503e+02
 Pres. DC (bar) Pressure (bar)   Constr. rmsd
   -4.42352e+02    2.95606e+02    5.05805e-07

           Step           Time
         167000      167.00000

   Energies (kJ/mol)
           Bond          Angle    Proper Dih.          LJ-14     Coulomb-14
    3.27862e+03    5.70616e+03    1.31284e+03    1.78751e+03    3.31366e+04
        LJ (SR)  Disper. corr.   Coulomb (SR)   Coul. recip.   COM Pull En.
   -6.60315e+03   -1.18261e+03   -2.20404e+04    5.20416e+02    4.94590e+00
      Potential    Kinetic En.   Total Energy  Conserved En.    Temperature
    1.59209e+04    1.00380e+04    2.59588e+04    2.48068e+04    3.07864e+02
 Pres. DC (bar) Pressure (bar)   Constr. rmsd
   -4.42352e+02    2.48523e+02    4.86031e-07

           Step           Time
         168000      168.00000

   Energies (kJ/mol)
           Bond          Angle    Proper Dih.          LJ-14     Coulomb-14
    3.11423e+03    5.66949e+03    1.38507e+03    1.74604e+03    3.28456e+04
        LJ (SR)  Disper. corr.   Coulomb (SR)   Coul. recip.   COM Pull En.
   -6.61157e+03   -1.18261e+03   -2.18938e+04    5.44487e+02    7.40893e+00
      Potential    Kinetic En.   Total Energy  Conserved En.    Temperature
    1.56243e+04    9.60012e+03    2.52244e+04    2.48044e+04    2.94435e+02
 Pres. DC (bar) Pressure (bar)   Constr. rmsd
   -4.42352e+02   -2.65105e+02    5.08189e-07

           Step           Time
         169000      169.00000

   Energies (kJ/mol)
           Bond          Angle    Proper Dih.          LJ-14     Coulomb-14
    3.19291e+03    5.62990e+03    1.38532e+03    1.71241e+03    3.31295e+04
        LJ (SR)  Disper. corr.   Coulomb (SR)   Coul. recip.   COM Pull En.
   -6.63508e+03   -1.18261e+03   -2.21975e+04    5.25021e+02    4.00567e+00
      Potential    Kinetic En.   Total Energy  Conserved En.    Temperature
    1.55639e+04    9.81799e+03    2.53819e+04    2.48026e+04    3.01118e+02
 Pres. DC (bar) Pressure (bar)   Constr. rmsd
   -4.42352e+02    1.87790e+02    5.18983e-07

           Step           Time
         170000      170.00000

   Energies (kJ/mol)
           Bond          Angle    Proper Dih.          LJ-14     Coulomb-14
    3.00930e+03    5.55970e+03    1.34030e+03    1.76953e+03    3.29837e+04
        LJ (SR)  Disper. corr.   Coulomb (SR)   Coul. recip.   COM Pull En.
   -6.68379e+03   -1.18261e+03   -2.19875e+04    5.40220e+02    7.23741e+00
      Potential    Kinetic En.   Total Energy  Conserved En.    Temperature
    1.53561e+04    9.73363e+03    2.50897e+04    2.47995e+04    2.98530e+02
 Pres. DC (bar) Pressure (bar)   Constr. rmsd
   -4.42352e+02   -5.16750e+02    4.88869e-07

           Step           Time
         171000      171.00000

   Energies (kJ/mol)
           Bond          Angle    Proper Dih.          LJ-14     Coulomb-14
    3.26046e+03    5.38616e+03    1.35324e+03    1.77630e+03    3.31867e+04
        LJ (SR)  Disper. corr.   Coulomb (SR)   Coul. recip.   COM Pull En.
   -6.50245e+03   -1.18261e+03   -2.22089e+04    5.39319e+02    5.12910e+00
      Potential    Kinetic En.   Total Energy  Conserved En.    Temperature
    1.56134e+04    1.00252e+04    2.56386e+04    2.47960e+04    3.07472e+02
 Pres. DC (bar) Pressure (bar)   Constr. rmsd
   -4.42352e+02   -8.67526e+00    4.97270e-07

           Step           Time
         172000      172.00000

   Energies (kJ/mol)
           Bond          Angle    Proper Dih.          LJ-14     Coulomb-14
    3.20344e+03    5.80361e+03    1.36227e+03    1.71468e+03    3.31045e+04
        LJ (SR)  Disper. corr.   Coulomb (SR)   Coul. recip.   COM Pull En.
   -6.63344e+03   -1.18261e+03   -2.21750e+04    5.59307e+02    6.88769e+00
      Potential    Kinetic En.   Total Energy  Conserved En.    Temperature
    1.57636e+04    9.75496e+03    2.55185e+04    2.48022e+04    2.99185e+02
 Pres. DC (bar) Pressure (bar)   Constr. rmsd
   -4.42352e+02   -1.12514e+03    5.14928e-07

           Step           Time
         173000      173.00000

   Energies (kJ/mol)
           Bond          Angle    Proper Dih.          LJ-14     Coulomb-14
    3.22959e+03    5.62013e+03    1.35790e+03    1.72136e+03    3.31499e+04
        LJ (SR)  Disper. corr.   Coulomb (SR)   Coul. recip.   COM Pull En.
   -6.66516e+03   -1.18261e+03   -2.22308e+04    5.52215e+02    4.97474e+00
      Potential    Kinetic En.   Total Energy  Conserved En.    Temperature
    1.55575e+04    9.46851e+03    2.50260e+04    2.48014e+04    2.90399e+02
 Pres. DC (bar) Pressure (bar)   Constr. rmsd
   -4.42352e+02   -2.67533e+02    4.93715e-07

           Step           Time
         174000      174.00000

   Energies (kJ/mol)
           Bond          Angle    Proper Dih.          LJ-14     Coulomb-14
    3.18856e+03    5.65350e+03    1.34057e+03    1.71738e+03    3.28569e+04
        LJ (SR)  Disper. corr.   Coulomb (SR)   Coul. recip.   COM Pull En.
   -6.58391e+03   -1.18261e+03   -2.21121e+04    5.55447e+02    5.16213e+00
      Potential    Kinetic En.   Total Energy  Conserved En.    Temperature
    1.54389e+04    9.70868e+03    2.51476e+04    2.47986e+04    2.97765e+02
 Pres. DC (bar) Pressure (bar)   Constr. rmsd
   -4.42352e+02    2.51852e+01    4.84448e-07

           Step           Time
         175000      175.00000

   Energies (kJ/mol)
           Bond          Angle    Proper Dih.          LJ-14     Coulomb-14
    3.22203e+03    5.69183e+03    1.35411e+03    1.79125e+03    3.31634e+04
        LJ (SR)  Disper. corr.   Coulomb (SR)   Coul. recip.   COM Pull En.
   -6.67707e+03   -1.18261e+03   -2.22420e+04    5.66990e+02    3.61757e+00
      Potential    Kinetic En.   Total Energy  Conserved En.    Temperature
    1.56915e+04    9.81277e+03    2.55043e+04    2.48001e+04    3.00958e+02
 Pres. DC (bar) Pressure (bar)   Constr. rmsd
   -4.42352e+02    3.90700e+02    5.22144e-07

           Step           Time
         176000      176.00000

   Energies (kJ/mol)
           Bond          Angle    Proper Dih.          LJ-14     Coulomb-14
    3.13864e+03    5.77239e+03    1.36259e+03    1.75299e+03    3.28316e+04
        LJ (SR)  Disper. corr.   Coulomb (SR)   Coul. recip.   COM Pull En.
   -6.52583e+03   -1.18261e+03   -2.19837e+04    5.55315e+02    1.68808e+00
      Potential    Kinetic En.   Total Energy  Conserved En.    Temperature
    1.57230e+04    9.85344e+03    2.55764e+04    2.47975e+04    3.02205e+02
 Pres. DC (bar) Pressure (bar)   Constr. rmsd
   -4.42352e+02    5.35261e+02    5.08418e-07

           Step           Time
         177000      177.00000

   Energies (kJ/mol)
           Bond          Angle    Proper Dih.          LJ-14     Coulomb-14
    3.37289e+03    5.55936e+03    1.35163e+03    1.64164e+03    3.30114e+04
        LJ (SR)  Disper. corr.   Coulomb (SR)   Coul. recip.   COM Pull En.
   -6.50337e+03   -1.18261e+03   -2.22921e+04    6.06694e+02    3.15567e+00
      Potential    Kinetic En.   Total Energy  Conserved En.    Temperature
    1.55687e+04    9.68263e+03    2.52514e+04    2.47981e+04    2.96966e+02
 Pres. DC (bar) Pressure (bar)   Constr. rmsd
   -4.42352e+02   -9.12200e+02    5.05395e-07

           Step           Time
         178000      178.00000

   Energies (kJ/mol)
           Bond          Angle    Proper Dih.          LJ-14     Coulomb-14
    3.08920e+03    5.64043e+03    1.32448e+03    1.70674e+03    3.32103e+04
        LJ (SR)  Disper. corr.   Coulomb (SR)   Coul. recip.   COM Pull En.
   -6.60689e+03   -1.18261e+03   -2.22920e+04    5.75119e+02    3.30616e+00
      Potential    Kinetic En.   Total Energy  Conserved En.    Temperature
    1.54682e+04    9.81730e+03    2.52855e+04    2.47970e+04    3.01096e+02
 Pres. DC (bar) Pressure (bar)   Constr. rmsd
   -4.42352e+02   -1.20269e+03    5.10291e-07

           Step           Time
         179000      179.00000

   Energies (kJ/mol)
           Bond          Angle    Proper Dih.          LJ-14     Coulomb-14
    3.16631e+03    5.52952e+03    1.33044e+03    1.72035e+03    3.34066e+04
        LJ (SR)  Disper. corr.   Coulomb (SR)   Coul. recip.   COM Pull En.
   -6.79430e+03   -1.18261e+03   -2.23762e+04    5.43274e+02    2.75659e+00
      Potential    Kinetic En.   Total Energy  Conserved En.    Temperature
    1.53462e+04    9.86187e+03    2.52081e+04    2.47946e+04    3.02463e+02
 Pres. DC (bar) Pressure (bar)   Constr. rmsd
   -4.42352e+02   -1.02891e+03    5.09941e-07

           Step           Time
         180000      180.00000

   Energies (kJ/mol)
           Bond          Angle    Proper Dih.          LJ-14     Coulomb-14
    3.12598e+03    5.58072e+03    1.32174e+03    1.73141e+03    3.31552e+04
        LJ (SR)  Disper. corr.   Coulomb (SR)   Coul. recip.   COM Pull En.
   -6.55067e+03   -1.18261e+03   -2.21658e+04    5.25766e+02    7.03875e+00
      Potential    Kinetic En.   Total Energy  Conserved En.    Temperature
    1.55488e+04    9.69733e+03    2.52461e+04    2.47950e+04    2.97417e+02
 Pres. DC (bar) Pressure (bar)   Constr. rmsd
   -4.42352e+02   -6.85384e+01    4.73190e-07

           Step           Time
         181000      181.00000

   Energies (kJ/mol)
           Bond          Angle    Proper Dih.          LJ-14     Coulomb-14
    3.17205e+03    5.63713e+03    1.32628e+03    1.64765e+03    3.32743e+04
        LJ (SR)  Disper. corr.   Coulomb (SR)   Coul. recip.   COM Pull En.
   -6.67647e+03   -1.18261e+03   -2.22674e+04    5.49235e+02    5.35500e+00
      Potential    Kinetic En.   Total Energy  Conserved En.    Temperature
    1.54856e+04    9.46401e+03    2.49496e+04    2.47938e+04    2.90261e+02
 Pres. DC (bar) Pressure (bar)   Constr. rmsd
   -4.42352e+02   -1.32205e+03    4.61625e-07

           Step           Time
         182000      182.00000

   Energies (kJ/mol)
           Bond          Angle    Proper Dih.          LJ-14     Coulomb-14
    3.25718e+03    5.66135e+03    1.35089e+03    1.70691e+03    3.28948e+04
        LJ (SR)  Disper. corr.   Coulomb (SR)   Coul. recip.   COM Pull En.
   -6.63498e+03   -1.18261e+03   -2.20456e+04    5.38748e+02    2.92009e+00
      Potential    Kinetic En.   Total Energy  Conserved En.    Temperature
    1.55496e+04    9.59921e+03    2.51488e+04    2.47903e+04    2.94408e+02
 Pres. DC (bar) Pressure (bar)   Constr. rmsd
   -4.42352e+02   -7.79754e+02    5.27091e-07

           Step           Time
         183000      183.00000

   Energies (kJ/mol)
           Bond          Angle    Proper Dih.          LJ-14     Coulomb-14
    3.10516e+03    5.65545e+03    1.34768e+03    1.69498e+03    3.30177e+04
        LJ (SR)  Disper. corr.   Coulomb (SR)   Coul. recip.   COM Pull En.
   -6.67669e+03   -1.18261e+03   -2.20962e+04    5.65664e+02    1.61588e+00
      Potential    Kinetic En.   Total Energy  Conserved En.    Temperature
    1.54328e+04    9.72224e+03    2.51550e+04    2.47933e+04    2.98181e+02
 Pres. DC (bar) Pressure (bar)   Constr. rmsd
   -4.42352e+02    2.49527e+02    5.14744e-07

           Step           Time
         184000      184.00000

   Energies (kJ/mol)
           Bond          Angle    Proper Dih.          LJ-14     Coulomb-14
    2.99817e+03    5.57713e+03    1.34601e+03    1.73335e+03    3.31331e+04
        LJ (SR)  Disper. corr.   Coulomb (SR)   Coul. recip.   COM Pull En.
   -6.62310e+03   -1.18261e+03   -2.22120e+04    5.72299e+02    1.59761e+00
      Potential    Kinetic En.   Total Energy  Conserved En.    Temperature
    1.53440e+04    9.83970e+03    2.51837e+04    2.47933e+04    3.01783e+02
 Pres. DC (bar) Pressure (bar)   Constr. rmsd
   -4.42352e+02    5.99177e+02    5.41393e-07

           Step           Time
         185000      185.00000

   Energies (kJ/mol)
           Bond          Angle    Proper Dih.          LJ-14     Coulomb-14
    3.25162e+03    5.56915e+03    1.33875e+03    1.73527e+03    3.31733e+04
        LJ (SR)  Disper. corr.   Coulomb (SR)   Coul. recip.   COM Pull En.
   -6.65063e+03   -1.18261e+03   -2.21778e+04    5.79876e+02    3.63963e+00
      Potential    Kinetic En.   Total Energy  Conserved En.    Temperature
    1.56405e+04    9.50168e+03    2.51422e+04    2.47961e+04    2.91416e+02
 Pres. DC (bar) Pressure (bar)   Constr. rmsd
   -4.42352e+02    3.10119e+01    4.95584e-07

           Step           Time
         186000      186.00000

   Energies (kJ/mol)
           Bond          Angle    Proper Dih.          LJ-14     Coulomb-14
    3.10253e+03    5.64368e+03    1.32025e+03    1.73631e+03    3.31055e+04
        LJ (SR)  Disper. corr.   Coulomb (SR)   Coul. recip.   COM Pull En.
   -6.58537e+03   -1.18261e+03   -2.20855e+04    5.50985e+02    1.74643e+00
      Potential    Kinetic En.   Total Energy  Conserved En.    Temperature
    1.56075e+04    9.73617e+03    2.53437e+04    2.47916e+04    2.98608e+02
 Pres. DC (bar) Pressure (bar)   Constr. rmsd
   -4.42352e+02    3.80681e+02    4.40786e-07

           Step           Time
         187000      187.00000

   Energies (kJ/mol)
           Bond          Angle    Proper Dih.          LJ-14     Coulomb-14
    3.49944e+03    5.62412e+03    1.34221e+03    1.75195e+03    3.31870e+04
        LJ (SR)  Disper. corr.   Coulomb (SR)   Coul. recip.   COM Pull En.
   -6.76250e+03   -1.18261e+03   -2.21925e+04    5.84093e+02    2.67198e+00
      Potential    Kinetic En.   Total Energy  Conserved En.    Temperature
    1.58539e+04    9.72132e+03    2.55752e+04    2.47969e+04    2.98153e+02
 Pres. DC (bar) Pressure (bar)   Constr. rmsd
   -4.42352e+02   -6.86754e+02    5.02056e-07

           Step           Time
         188000      188.00000

   Energies (kJ/mol)
           Bond          Angle    Proper Dih.          LJ-14     Coulomb-14
    3.25235e+03    5.52680e+03    1.39059e+03    1.71419e+03    3.31359e+04
        LJ (SR)  Disper. corr.   Coulomb (SR)   Coul. recip.   COM Pull En.
   -6.65316e+03   -1.18261e+03   -2.22882e+04    5.37311e+02    4.26385e+00
      Potential    Kinetic En.   Total Energy  Conserved En.    Temperature
    1.54374e+04    9.75063e+03    2.51880e+04    2.47896e+04    2.99052e+02
 Pres. DC (bar) Pressure (bar)   Constr. rmsd
   -4.42352e+02   -8.79731e+02    5.17199e-07

           Step           Time
         189000      189.00000

   Energies (kJ/mol)
           Bond          Angle    Proper Dih.          LJ-14     Coulomb-14
    3.06390e+03    5.49303e+03    1.34995e+03    1.68399e+03    3.28838e+04
        LJ (SR)  Disper. corr.   Coulomb (SR)   Coul. recip.   COM Pull En.
   -6.64897e+03   -1.18261e+03   -2.19246e+04    5.69577e+02    4.19249e+00
      Potential    Kinetic En.   Total Energy  Conserved En.    Temperature
    1.52923e+04    9.49168e+03    2.47840e+04    2.47901e+04    2.91110e+02
 Pres. DC (bar) Pressure (bar)   Constr. rmsd
   -4.42352e+02   -1.02647e+03    5.05229e-07

           Step           Time
         190000      190.00000

   Energies (kJ/mol)
           Bond          Angle    Proper Dih.          LJ-14     Coulomb-14
    3.29081e+03    5.39275e+03    1.34816e+03    1.73706e+03    3.32979e+04
        LJ (SR)  Disper. corr.   Coulomb (SR)   Coul. recip.   COM Pull En.
   -6.70325e+03   -1.18261e+03   -2.22819e+04    5.41293e+02    2.00646e+00
      Potential    Kinetic En.   Total Energy  Conserved En.    Temperature
    1.54422e+04    9.67724e+03    2.51194e+04    2.47880e+04    2.96801e+02
 Pres. DC (bar) Pressure (bar)   Constr. rmsd
   -4.42352e+02   -5.11519e+02    5.26200e-07

           Step           Time
         191000      191.00000

   Energies (kJ/mol)
           Bond          Angle    Proper Dih.          LJ-14     Coulomb-14
    3.40369e+03    5.63138e+03    1.31499e+03    1.67858e+03    3.32152e+04
        LJ (SR)  Disper. corr.   Coulomb (SR)   Coul. recip.   COM Pull En.
   -6.81882e+03   -1.18261e+03   -2.21950e+04    5.78396e+02    4.92283e+00
      Potential    Kinetic En.   Total Energy  Conserved En.    Temperature
    1.56307e+04    9.62392e+03    2.52547e+04    2.47931e+04    2.95166e+02
 Pres. DC (bar) Pressure (bar)   Constr. rmsd
   -4.42352e+02   -1.09236e+03    4.81282e-07

           Step           Time
         192000      192.00000

   Energies (kJ/mol)
           Bond          Angle    Proper Dih.          LJ-14     Coulomb-14
    3.14445e+03    5.63920e+03    1.31329e+03    1.66824e+03    3.31832e+04
        LJ (SR)  Disper. corr.   Coulomb (SR)   Coul. recip.   COM Pull En.
   -6.57488e+03   -1.18261e+03   -2.21775e+04    5.22551e+02    2.58732e+00
      Potential    Kinetic En.   Total Energy  Conserved En.    Temperature
    1.55386e+04    9.76144e+03    2.53000e+04    2.47874e+04    2.99383e+02
 Pres. DC (bar) Pressure (bar)   Constr. rmsd
   -4.42352e+02   -1.35069e+02    5.08203e-07

           Step           Time
         193000      193.00000

   Energies (kJ/mol)
           Bond          Angle    Proper Dih.          LJ-14     Coulomb-14
    3.16760e+03    5.69698e+03    1.36908e+03    1.72804e+03    3.31919e+04
        LJ (SR)  Disper. corr.   Coulomb (SR)   Coul. recip.   COM Pull En.
   -6.67088e+03   -1.18261e+03   -2.23402e+04    5.36280e+02    3.20142e+00
      Potential    Kinetic En.   Total Energy  Conserved En.    Temperature
    1.54994e+04    9.70357e+03    2.52030e+04    2.47913e+04    2.97608e+02
 Pres. DC (bar) Pressure (bar)   Constr. rmsd
   -4.42352e+02   -2.05750e+02    4.66894e-07

           Step           Time
         194000      194.00000

   Energies (kJ/mol)
           Bond          Angle    Proper Dih.          LJ-14     Coulomb-14
    3.23392e+03    5.64518e+03    1.35523e+03    1.74578e+03    3.30084e+04
        LJ (SR)  Disper. corr.   Coulomb (SR)   Coul. recip.   COM Pull En.
   -6.71035e+03   -1.18261e+03   -2.20413e+04    5.71284e+02    3.07568e+00
      Potential    Kinetic En.   Total Energy  Conserved En.    Temperature
    1.56287e+04    9.57927e+03    2.52079e+04    2.47891e+04    2.93796e+02
 Pres. DC (bar) Pressure (bar)   Constr. rmsd
   -4.42352e+02   -1.15264e+03    5.25867e-07

           Step           Time
         195000      195.00000

   Energies (kJ/mol)
           Bond          Angle    Proper Dih.          LJ-14     Coulomb-14
    3.14259e+03    5.62018e+03    1.30714e+03    1.68741e+03    3.30292e+04
        LJ (SR)  Disper. corr.   Coulomb (SR)   Coul. recip.   COM Pull En.
   -6.67659e+03   -1.18261e+03   -2.20466e+04    5.66551e+02    3.65667e+00
      Potential    Kinetic En.   Total Energy  Conserved En.    Temperature
    1.54509e+04    1.00788e+04    2.55297e+04    2.47845e+04    3.09117e+02
 Pres. DC (bar) Pressure (bar)   Constr. rmsd
   -4.42352e+02   -1.89108e+02    4.94937e-07

           Step           Time
         196000      196.00000

   Energies (kJ/mol)
           Bond          Angle    Proper Dih.          LJ-14     Coulomb-14
    3.36641e+03    5.62258e+03    1.33355e+03    1.66413e+03    3.31060e+04
        LJ (SR)  Disper. corr.   Coulomb (SR)   Coul. recip.   COM Pull En.
   -6.57476e+03   -1.18261e+03   -2.20606e+04    5.63013e+02    6.57161e+00
      Potential    Kinetic En.   Total Energy  Conserved En.    Temperature
    1.58443e+04    9.74532e+03    2.55896e+04    2.47888e+04    2.98889e+02
 Pres. DC (bar) Pressure (bar)   Constr. rmsd
   -4.42352e+02   -5.13030e+02    5.23189e-07

           Step           Time
         197000      197.00000

   Energies (kJ/mol)
           Bond          Angle    Proper Dih.          LJ-14     Coulomb-14
    3.21260e+03    5.94800e+03    1.34710e+03    1.66671e+03    3.34534e+04
        LJ (SR)  Disper. corr.   Coulomb (SR)   Coul. recip.   COM Pull En.
   -6.72804e+03   -1.18261e+03   -2.24285e+04    5.44263e+02    4.27695e+00
      Potential    Kinetic En.   Total Energy  Conserved En.    Temperature
    1.58372e+04    9.92467e+03    2.57619e+04    2.47882e+04    3.04389e+02
 Pres. DC (bar) Pressure (bar)   Constr. rmsd
   -4.42352e+02   -1.08916e+03    4.90831e-07

           Step           Time
         198000      198.00000

   Energies (kJ/mol)
           Bond          Angle    Proper Dih.          LJ-14     Coulomb-14
    3.17594e+03    5.76848e+03    1.38560e+03    1.75103e+03    3.30680e+04
        LJ (SR)  Disper. corr.   Coulomb (SR)   Coul. recip.   COM Pull En.
   -6.60845e+03   -1.18261e+03   -2.21707e+04    5.55185e+02    4.29816e+00
      Potential    Kinetic En.   Total Energy  Conserved En.    Temperature
    1.57467e+04    9.71443e+03    2.54612e+04    2.47885e+04    2.97941e+02
 Pres. DC (bar) Pressure (bar)   Constr. rmsd
   -4.42352e+02   -9.15475e+01    4.80949e-07

           Step           Time
         199000      199.00000

   Energies (kJ/mol)
           Bond          Angle    Proper Dih.          LJ-14     Coulomb-14
    3.24982e+03    5.62373e+03    1.36262e+03    1.69330e+03    3.31782e+04
        LJ (SR)  Disper. corr.   Coulomb (SR)   Coul. recip.   COM Pull En.
   -6.65075e+03   -1.18261e+03   -2.22440e+04    5.71714e+02    2.67761e+00
      Potential    Kinetic En.   Total Energy  Conserved En.    Temperature
    1.56047e+04    9.65906e+03    2.52638e+04    2.47903e+04    2.96243e+02
 Pres. DC (bar) Pressure (bar)   Constr. rmsd
   -4.42352e+02   -5.39919e+02    4.93117e-07

           Step           Time
         200000      200.00000

   Energies (kJ/mol)
           Bond          Angle    Proper Dih.          LJ-14     Coulomb-14
    3.06490e+03    5.59933e+03    1.38890e+03    1.76139e+03    3.35615e+04
        LJ (SR)  Disper. corr.   Coulomb (SR)   Coul. recip.   COM Pull En.
   -6.68033e+03   -1.18261e+03   -2.25378e+04    5.53845e+02    2.43061e+00
      Potential    Kinetic En.   Total Energy  Conserved En.    Temperature
    1.55316e+04    9.68315e+03    2.52147e+04    2.47856e+04    2.96982e+02
 Pres. DC (bar) Pressure (bar)   Constr. rmsd
   -4.42352e+02   -1.47227e+03    5.09448e-07

           Step           Time
         201000      201.00000

   Energies (kJ/mol)
           Bond          Angle    Proper Dih.          LJ-14     Coulomb-14
    3.26860e+03    5.59473e+03    1.35160e+03    1.69461e+03    3.32506e+04
        LJ (SR)  Disper. corr.   Coulomb (SR)   Coul. recip.   COM Pull En.
   -6.81201e+03   -1.18261e+03   -2.21778e+04    5.36882e+02    2.38017e+00
      Potential    Kinetic En.   Total Energy  Conserved En.    Temperature
    1.55269e+04    9.79220e+03    2.53191e+04    2.47873e+04    3.00327e+02
 Pres. DC (bar) Pressure (bar)   Constr. rmsd
   -4.42352e+02   -1.46990e+03    5.10711e-07

           Step           Time
         202000      202.00000

   Energies (kJ/mol)
           Bond          Angle    Proper Dih.          LJ-14     Coulomb-14
    3.19001e+03    5.83092e+03    1.34523e+03    1.70304e+03    3.33153e+04
        LJ (SR)  Disper. corr.   Coulomb (SR)   Coul. recip.   COM Pull En.
   -6.79104e+03   -1.18261e+03   -2.22634e+04    5.66056e+02    4.20814e+00
      Potential    Kinetic En.   Total Energy  Conserved En.    Temperature
    1.57177e+04    9.76791e+03    2.54856e+04    2.47889e+04    2.99582e+02
 Pres. DC (bar) Pressure (bar)   Constr. rmsd
   -4.42352e+02   -3.74897e+02    4.93021e-07

           Step           Time
         203000      203.00000

   Energies (kJ/mol)
           Bond          Angle    Proper Dih.          LJ-14     Coulomb-14
    3.29496e+03    5.61165e+03    1.37496e+03    1.68244e+03    3.31920e+04
        LJ (SR)  Disper. corr.   Coulomb (SR)   Coul. recip.   COM Pull En.
   -6.65876e+03   -1.18261e+03   -2.22470e+04    5.60549e+02    5.63470e+00
      Potential    Kinetic En.   Total Energy  Conserved En.    Temperature
    1.56339e+04    9.71202e+03    2.53459e+04    2.47860e+04    2.97867e+02
 Pres. DC (bar) Pressure (bar)   Constr. rmsd
   -4.42352e+02   -6.48822e+02    5.01251e-07

           Step           Time
         204000      204.00000

   Energies (kJ/mol)
           Bond          Angle    Proper Dih.          LJ-14     Coulomb-14
    3.20947e+03    5.67945e+03    1.38170e+03    1.72174e+03    3.32304e+04
        LJ (SR)  Disper. corr.   Coulomb (SR)   Coul. recip.   COM Pull En.
   -6.66817e+03   -1.18261e+03   -2.22078e+04    5.43525e+02    4.52238e+00
      Potential    Kinetic En.   Total Energy  Conserved En.    Temperature
    1.57122e+04    9.76305e+03    2.54753e+04    2.47847e+04    2.99433e+02
 Pres. DC (bar) Pressure (bar)   Constr. rmsd
   -4.42352e+02   -7.51081e+02    5.26656e-07

           Step           Time
         205000      205.00000

   Energies (kJ/mol)
           Bond          Angle    Proper Dih.          LJ-14     Coulomb-14
    3.28827e+03    5.65504e+03    1.35453e+03    1.68382e+03    3.31158e+04
        LJ (SR)  Disper. corr.   Coulomb (SR)   Coul. recip.   COM Pull En.
   -6.72308e+03   -1.18261e+03   -2.20410e+04    5.62933e+02    1.33472e+00
      Potential    Kinetic En.   Total Energy  Conserved En.    Temperature
    1.57150e+04    9.67432e+03    2.53893e+04    2.47865e+04    2.96711e+02
 Pres. DC (bar) Pressure (bar)   Constr. rmsd
   -4.42352e+02   -5.85150e+02    5.07573e-07

           Step           Time
         206000      206.00000

   Energies (kJ/mol)
           Bond          Angle    Proper Dih.          LJ-14     Coulomb-14
    3.24877e+03    5.52333e+03    1.30315e+03    1.68200e+03    3.30308e+04
        LJ (SR)  Disper. corr.   Coulomb (SR)   Coul. recip.   COM Pull En.
   -6.66497e+03   -1.18261e+03   -2.22018e+04    6.00543e+02    3.91289e+00
      Potential    Kinetic En.   Total Energy  Conserved En.    Temperature
    1.53431e+04    9.61421e+03    2.49573e+04    2.47852e+04    2.94868e+02
 Pres. DC (bar) Pressure (bar)   Constr. rmsd
   -4.42352e+02   -4.73466e+02    5.15111e-07

           Step           Time
         207000      207.00000

   Energies (kJ/mol)
           Bond          Angle    Proper Dih.          LJ-14     Coulomb-14
    3.27645e+03    5.82048e+03    1.36169e+03    1.73129e+03    3.31428e+04
        LJ (SR)  Disper. corr.   Coulomb (SR)   Coul. recip.   COM Pull En.
   -6.79578e+03   -1.18261e+03   -2.21427e+04    5.42670e+02    3.72111e+00
      Potential    Kinetic En.   Total Energy  Conserved En.    Temperature
    1.57580e+04    9.73308e+03    2.54911e+04    2.47847e+04    2.98513e+02
 Pres. DC (bar) Pressure (bar)   Constr. rmsd
   -4.42352e+02   -1.13773e+03    5.40127e-07

           Step           Time
         208000      208.00000

   Energies (kJ/mol)
           Bond          Angle    Proper Dih.          LJ-14     Coulomb-14
    3.14599e+03    5.61361e+03    1.34409e+03    1.67468e+03    3.33332e+04
        LJ (SR)  Disper. corr.   Coulomb (SR)   Coul. recip.   COM Pull En.
   -6.70343e+03   -1.18261e+03   -2.24194e+04    5.56181e+02    3.80673e+00
      Potential    Kinetic En.   Total Energy  Conserved En.    Temperature
    1.53662e+04    9.90280e+03    2.52689e+04    2.47821e+04    3.03719e+02
 Pres. DC (bar) Pressure (bar)   Constr. rmsd
   -4.42352e+02   -9.23005e+02    4.97943e-07

           Step           Time
         209000      209.00000

   Energies (kJ/mol)
           Bond          Angle    Proper Dih.          LJ-14     Coulomb-14
    3.27170e+03    5.56823e+03    1.30697e+03    1.69138e+03    3.32840e+04
        LJ (SR)  Disper. corr.   Coulomb (SR)   Coul. recip.   COM Pull En.
   -6.66021e+03   -1.18261e+03   -2.22858e+04    5.76249e+02    2.48063e+00
      Potential    Kinetic En.   Total Energy  Conserved En.    Temperature
    1.55723e+04    9.71023e+03    2.52826e+04    2.47829e+04    2.97813e+02
 Pres. DC (bar) Pressure (bar)   Constr. rmsd
   -4.42352e+02   -9.08649e+02    5.22186e-07

           Step           Time
         210000      210.00000

   Energies (kJ/mol)
           Bond          Angle    Proper Dih.          LJ-14     Coulomb-14
    3.24101e+03    5.85136e+03    1.35216e+03    1.66811e+03    3.28786e+04
        LJ (SR)  Disper. corr.   Coulomb (SR)   Coul. recip.   COM Pull En.
   -6.71019e+03   -1.18261e+03   -2.20197e+04    5.57017e+02    2.84672e+00
      Potential    Kinetic En.   Total Energy  Conserved En.    Temperature
    1.56386e+04    9.56577e+03    2.52044e+04    2.47829e+04    2.93382e+02
 Pres. DC (bar) Pressure (bar)   Constr. rmsd
   -4.42352e+02   -1.69066e+03    4.95033e-07

           Step           Time
         211000      211.00000

   Energies (kJ/mol)
           Bond          Angle    Proper Dih.          LJ-14     Coulomb-14
    3.15925e+03    5.49961e+03    1.34186e+03    1.74915e+03    3.30732e+04
        LJ (SR)  Disper. corr.   Coulomb (SR)   Coul. recip.   COM Pull En.
   -6.72705e+03   -1.18261e+03   -2.20278e+04    5.55289e+02    3.83334e+00
      Potential    Kinetic En.   Total Energy  Conserved En.    Temperature
    1.54447e+04    9.70244e+03    2.51471e+04    2.47814e+04    2.97574e+02
 Pres. DC (bar) Pressure (bar)   Constr. rmsd
   -4.42352e+02   -3.05981e+02    4.78057e-07

           Step           Time
         212000      212.00000

   Energies (kJ/mol)
           Bond          Angle    Proper Dih.          LJ-14     Coulomb-14
    3.20576e+03    5.68765e+03    1.37302e+03    1.77693e+03    3.30363e+04
        LJ (SR)  Disper. corr.   Coulomb (SR)   Coul. recip.   COM Pull En.
   -6.62950e+03   -1.18261e+03   -2.19859e+04    5.56757e+02    3.74544e+00
      Potential    Kinetic En.   Total Energy  Conserved En.    Temperature
    1.58422e+04    9.52241e+03    2.53646e+04    2.47839e+04    2.92052e+02
 Pres. DC (bar) Pressure (bar)   Constr. rmsd
   -4.42352e+02    7.14652e+02    5.21586e-07

           Step           Time
         213000      213.00000

   Energies (kJ/mol)
           Bond          Angle    Proper Dih.          LJ-14     Coulomb-14
    3.21961e+03    5.70172e+03    1.37195e+03    1.75477e+03    3.32521e+04
        LJ (SR)  Disper. corr.   Coulomb (SR)   Coul. recip.   COM Pull En.
   -6.66663e+03   -1.18261e+03   -2.22937e+04    5.43292e+02    2.14547e+00
      Potential    Kinetic En.   Total Energy  Conserved En.    Temperature
    1.57027e+04    9.89256e+03    2.55952e+04    2.47802e+04    3.03405e+02
 Pres. DC (bar) Pressure (bar)   Constr. rmsd
   -4.42352e+02   -7.12273e+01    5.05769e-07

           Step           Time
         214000      214.00000

   Energies (kJ/mol)
           Bond          Angle    Proper Dih.          LJ-14     Coulomb-14
    3.18125e+03    5.76977e+03    1.38184e+03    1.77590e+03    3.28461e+04
        LJ (SR)  Disper. corr.   Coulomb (SR)   Coul. recip.   COM Pull En.
   -6.71394e+03   -1.18261e+03   -2.19798e+04    5.42538e+02    2.20320e+00
      Potential    Kinetic En.   Total Energy  Conserved En.    Temperature
    1.56232e+04    1.01760e+04    2.57992e+04    2.47783e+04    3.12098e+02
 Pres. DC (bar) Pressure (bar)   Constr. rmsd
   -4.42352e+02    7.59868e+02    5.35110e-07

           Step           Time
         215000      215.00000

   Energies (kJ/mol)
           Bond          Angle    Proper Dih.          LJ-14     Coulomb-14
    3.11034e+03    5.77722e+03    1.33005e+03    1.66937e+03    3.31066e+04
        LJ (SR)  Disper. corr.   Coulomb (SR)   Coul. recip.   COM Pull En.
   -6.70902e+03   -1.18261e+03   -2.20445e+04    5.78652e+02    1.62189e+00
      Potential    Kinetic En.   Total Energy  Conserved En.    Temperature
    1.56378e+04    9.79608e+03    2.54339e+04    2.47809e+04    3.00446e+02
 Pres. DC (bar) Pressure (bar)   Constr. rmsd
   -4.42352e+02   -1.67897e+02    5.14475e-07

           Step           Time
         216000      216.00000

   Energies (kJ/mol)
           Bond          Angle    Proper Dih.          LJ-14     Coulomb-14
    3.09794e+03    5.72248e+03    1.35124e+03    1.70872e+03    3.29506e+04
        LJ (SR)  Disper. corr.   Coulomb (SR)   Coul. recip.   COM Pull En.
   -6.75609e+03   -1.18261e+03   -2.21663e+04    5.61363e+02    2.90531e+00
      Potential    Kinetic En.   Total Energy  Conserved En.    Temperature
    1.52903e+04    9.96531e+03    2.52556e+04    2.47803e+04    3.05636e+02
 Pres. DC (bar) Pressure (bar)   Constr. rmsd
   -4.42352e+02   -1.17897e+03    4.96142e-07

           Step           Time
         217000      217.00000

   Energies (kJ/mol)
           Bond          Angle    Proper Dih.          LJ-14     Coulomb-14
    3.22841e+03    5.70561e+03    1.35222e+03    1.66279e+03    3.31239e+04
        LJ (SR)  Disper. corr.   Coulomb (SR)   Coul. recip.   COM Pull En.
   -6.70554e+03   -1.18261e+03   -2.21635e+04    5.67302e+02    3.05498e+00
      Potential    Kinetic En.   Total Energy  Conserved En.    Temperature
    1.55917e+04    9.64994e+03    2.52416e+04    2.47785e+04    2.95963e+02
 Pres. DC (bar) Pressure (bar)   Constr. rmsd
   -4.42352e+02   -1.05333e+03    4.88951e-07

           Step           Time
         218000      218.00000

   Energies (kJ/mol)
           Bond          Angle    Proper Dih.          LJ-14     Coulomb-14
    3.29934e+03    5.62036e+03    1.32992e+03    1.68204e+03    3.31466e+04
        LJ (SR)  Disper. corr.   Coulomb (SR)   Coul. recip.   COM Pull En.
   -6.49731e+03   -1.18261e+03   -2.23967e+04    5.81091e+02    3.58757e+00
      Potential    Kinetic En.   Total Energy  Conserved En.    Temperature
    1.55863e+04    9.65178e+03    2.52380e+04    2.47810e+04    2.96020e+02
 Pres. DC (bar) Pressure (bar)   Constr. rmsd
   -4.42352e+02   -9.36862e+01    5.20978e-07

           Step           Time
         219000      219.00000

   Energies (kJ/mol)
           Bond          Angle    Proper Dih.          LJ-14     Coulomb-14
    3.24112e+03    5.64989e+03    1.32640e+03    1.69669e+03    3.29432e+04
        LJ (SR)  Disper. corr.   Coulomb (SR)   Coul. recip.   COM Pull En.
   -6.65777e+03   -1.18261e+03   -2.20692e+04    5.39594e+02    1.68504e+00
      Potential    Kinetic En.   Total Energy  Conserved En.    Temperature
    1.54889e+04    9.85935e+03    2.53483e+04    2.47775e+04    3.02386e+02
 Pres. DC (bar) Pressure (bar)   Constr. rmsd
   -4.42352e+02   -8.44403e+02    4.99316e-07

           Step           Time
         220000      220.00000

   Energies (kJ/mol)
           Bond          Angle    Proper Dih.          LJ-14     Coulomb-14
    3.25183e+03    5.56397e+03    1.37062e+03    1.75864e+03    3.32172e+04
        LJ (SR)  Disper. corr.   Coulomb (SR)   Coul. recip.   COM Pull En.
   -6.62358e+03   -1.18261e+03   -2.21683e+04    5.65220e+02    2.92018e+00
      Potential    Kinetic En.   Total Energy  Conserved En.    Temperature
    1.57559e+04    9.71538e+03    2.54713e+04    2.47787e+04    2.97971e+02
 Pres. DC (bar) Pressure (bar)   Constr. rmsd
   -4.42352e+02   -7.70364e+02    5.01316e-07

           Step           Time
         221000      221.00000

   Energies (kJ/mol)
           Bond          Angle    Proper Dih.          LJ-14     Coulomb-14
    3.23405e+03    5.63104e+03    1.36324e+03    1.68792e+03    3.31837e+04
        LJ (SR)  Disper. corr.   Coulomb (SR)   Coul. recip.   COM Pull En.
   -6.64318e+03   -1.18261e+03   -2.23176e+04    5.78804e+02    1.19787e+00
      Potential    Kinetic En.   Total Energy  Conserved En.    Temperature
    1.55366e+04    9.69699e+03    2.52335e+04    2.47776e+04    2.97406e+02
 Pres. DC (bar) Pressure (bar)   Constr. rmsd
   -4.42352e+02   -1.03410e+03    5.06884e-07

           Step           Time
         222000      222.00000

   Energies (kJ/mol)
           Bond          Angle    Proper Dih.          LJ-14     Coulomb-14
    3.24941e+03    5.57514e+03    1.34858e+03    1.69018e+03    3.31723e+04
        LJ (SR)  Disper. corr.   Coulomb (SR)   Coul. recip.   COM Pull En.
   -6.74542e+03   -1.18261e+03   -2.21110e+04    5.65506e+02    2.57404e+00
      Potential    Kinetic En.   Total Energy  Conserved En.    Temperature
    1.55646e+04    9.61649e+03    2.51811e+04    2.47787e+04    2.94938e+02
 Pres. DC (bar) Pressure (bar)   Constr. rmsd
   -4.42352e+02   -2.07995e+02    4.99877e-07

           Step           Time
         223000      223.00000

   Energies (kJ/mol)
           Bond          Angle    Proper Dih.          LJ-14     Coulomb-14
    3.22316e+03    5.67732e+03    1.33717e+03    1.66549e+03    3.31336e+04
        LJ (SR)  Disper. corr.   Coulomb (SR)   Coul. recip.   COM Pull En.
   -6.69135e+03   -1.18261e+03   -2.23365e+04    5.75295e+02    2.44319e+00
      Potential    Kinetic En.   Total Energy  Conserved En.    Temperature
    1.54039e+04    9.74220e+03    2.51461e+04    2.47750e+04    2.98793e+02
 Pres. DC (bar) Pressure (bar)   Constr. rmsd
   -4.42352e+02   -7.93887e+02    4.81138e-07

           Step           Time
         224000      224.00000

   Energies (kJ/mol)
           Bond          Angle    Proper Dih.          LJ-14     Coulomb-14
    3.12833e+03    5.70523e+03    1.32858e+03    1.68001e+03    3.31982e+04
        LJ (SR)  Disper. corr.   Coulomb (SR)   Coul. recip.   COM Pull En.
   -6.82866e+03   -1.18261e+03   -2.22817e+04    5.74330e+02    2.19635e+00
      Potential    Kinetic En.   Total Energy  Conserved En.    Temperature
    1.53239e+04    9.60814e+03    2.49321e+04    2.47769e+04    2.94681e+02
 Pres. DC (bar) Pressure (bar)   Constr. rmsd
   -4.42352e+02   -9.02375e+02    5.16565e-07

           Step           Time
         225000      225.00000

   Energies (kJ/mol)
           Bond          Angle    Proper Dih.          LJ-14     Coulomb-14
    3.28786e+03    5.79598e+03    1.36701e+03    1.71184e+03    3.31417e+04
        LJ (SR)  Disper. corr.   Coulomb (SR)   Coul. recip.   COM Pull En.
   -6.67525e+03   -1.18261e+03   -2.23949e+04    5.47921e+02    1.12432e+00
      Potential    Kinetic En.   Total Energy  Conserved En.    Temperature
    1.56007e+04    9.91565e+03    2.55163e+04    2.47783e+04    3.04113e+02
 Pres. DC (bar) Pressure (bar)   Constr. rmsd
   -4.42352e+02   -1.28669e+03    4.73659e-07

           Step           Time
         226000      226.00000

   Energies (kJ/mol)
           Bond          Angle    Proper Dih.          LJ-14     Coulomb-14
    3.20851e+03    5.51413e+03    1.33917e+03    1.70458e+03    3.30172e+04
        LJ (SR)  Disper. corr.   Coulomb (SR)   Coul. recip.   COM Pull En.
   -6.73052e+03   -1.18261e+03   -2.20931e+04    5.52865e+02    1.36806e+00
      Potential    Kinetic En.   Total Energy  Conserved En.    Temperature
    1.53316e+04    9.69449e+03    2.50261e+04    2.47764e+04    2.97330e+02
 Pres. DC (bar) Pressure (bar)   Constr. rmsd
   -4.42352e+02   -6.81745e+02    4.76195e-07

           Step           Time
         227000      227.00000

   Energies (kJ/mol)
           Bond          Angle    Proper Dih.          LJ-14     Coulomb-14
    3.28337e+03    5.63300e+03    1.30078e+03    1.65289e+03    3.32055e+04
        LJ (SR)  Disper. corr.   Coulomb (SR)   Coul. recip.   COM Pull En.
   -6.62187e+03   -1.18261e+03   -2.22254e+04    5.65178e+02    2.13794e+00
      Potential    Kinetic En.   Total Energy  Conserved En.    Temperature
    1.56129e+04    9.55974e+03    2.51727e+04    2.47744e+04    2.93197e+02
 Pres. DC (bar) Pressure (bar)   Constr. rmsd
   -4.42352e+02   -4.99562e+02    4.93678e-07

           Step           Time
         228000      228.00000

   Energies (kJ/mol)
           Bond          Angle    Proper Dih.          LJ-14     Coulomb-14
    3.32680e+03    5.79687e+03    1.35528e+03    1.74612e+03    3.30477e+04
        LJ (SR)  Disper. corr.   Coulomb (SR)   Coul. recip.   COM Pull En.
   -6.73305e+03   -1.18261e+03   -2.20825e+04    5.56389e+02    6.13018e+00
      Potential    Kinetic En.   Total Energy  Conserved En.    Temperature
    1.58371e+04    9.88879e+03    2.57259e+04    2.47738e+04    3.03289e+02
 Pres. DC (bar) Pressure (bar)   Constr. rmsd
   -4.42352e+02   -8.42656e+01    5.15486e-07

           Step           Time
         229000      229.00000

   Energies (kJ/mol)
           Bond          Angle    Proper Dih.          LJ-14     Coulomb-14
    3.15825e+03    5.55900e+03    1.32848e+03    1.67736e+03    3.29170e+04
        LJ (SR)  Disper. corr.   Coulomb (SR)   Coul. recip.   COM Pull En.
   -6.71208e+03   -1.18261e+03   -2.19603e+04    5.49810e+02    3.05131e+00
      Potential    Kinetic En.   Total Energy  Conserved En.    Temperature
    1.53380e+04    9.87314e+03    2.52111e+04    2.47730e+04    3.02809e+02
 Pres. DC (bar) Pressure (bar)   Constr. rmsd
   -4.42352e+02   -1.05950e+03    5.22095e-07

           Step           Time
         230000      230.00000

   Energies (kJ/mol)
           Bond          Angle    Proper Dih.          LJ-14     Coulomb-14
    3.26178e+03    5.67954e+03    1.35139e+03    1.77648e+03    3.31936e+04
        LJ (SR)  Disper. corr.   Coulomb (SR)   Coul. recip.   COM Pull En.
   -6.69348e+03   -1.18261e+03   -2.21711e+04    5.20718e+02    8.56669e+00
      Potential    Kinetic En.   Total Energy  Conserved En.    Temperature
    1.57448e+04    9.70159e+03    2.54464e+04    2.47759e+04    2.97548e+02
 Pres. DC (bar) Pressure (bar)   Constr. rmsd
   -4.42352e+02   -1.67242e+03    5.07300e-07

           Step           Time
         231000      231.00000

   Energies (kJ/mol)
           Bond          Angle    Proper Dih.          LJ-14     Coulomb-14
    3.17179e+03    5.60867e+03    1.32427e+03    1.74133e+03    3.31750e+04
        LJ (SR)  Disper. corr.   Coulomb (SR)   Coul. recip.   COM Pull En.
   -6.62206e+03   -1.18261e+03   -2.22833e+04    5.59470e+02    8.95895e+00
      Potential    Kinetic En.   Total Energy  Conserved En.    Temperature
    1.55015e+04    9.65591e+03    2.51575e+04    2.47740e+04    2.96147e+02
 Pres. DC (bar) Pressure (bar)   Constr. rmsd
   -4.42352e+02   -1.60041e+03    4.98717e-07

           Step           Time
         232000      232.00000

   Energies (kJ/mol)
           Bond          Angle    Proper Dih.          LJ-14     Coulomb-14
    3.34173e+03    5.65670e+03    1.32101e+03    1.69008e+03    3.29033e+04
        LJ (SR)  Disper. corr.   Coulomb (SR)   Coul. recip.   COM Pull En.
   -6.63946e+03   -1.18261e+03   -2.20821e+04    5.43717e+02    3.15167e+00
      Potential    Kinetic En.   Total Energy  Conserved En.    Temperature
    1.55556e+04    9.91780e+03    2.54734e+04    2.47720e+04    3.04179e+02
 Pres. DC (bar) Pressure (bar)   Constr. rmsd
   -4.42352e+02   -5.53763e+02    4.78209e-07

           Step           Time
         233000      233.00000

   Energies (kJ/mol)
           Bond          Angle    Proper Dih.          LJ-14     Coulomb-14
    3.24094e+03    5.60317e+03    1.38127e+03    1.65563e+03    3.32621e+04
        LJ (SR)  Disper. corr.   Coulomb (SR)   Coul. recip.   COM Pull En.
   -6.70001e+03   -1.18261e+03   -2.23161e+04    5.06361e+02    3.73892e+00
      Potential    Kinetic En.   Total Energy  Conserved En.    Temperature
    1.54545e+04    9.85278e+03    2.53073e+04    2.47727e+04    3.02185e+02
 Pres. DC (bar) Pressure (bar)   Constr. rmsd
   -4.42352e+02   -3.18190e+02    5.28684e-07

           Step           Time
         234000      234.00000

   Energies (kJ/mol)
           Bond          Angle    Proper Dih.          LJ-14     Coulomb-14
    3.29647e+03    5.57315e+03    1.36139e+03    1.68820e+03    3.33717e+04
        LJ (SR)  Disper. corr.   Coulomb (SR)   Coul. recip.   COM Pull En.
   -6.69581e+03   -1.18261e+03   -2.25656e+04    5.22331e+02    2.03871e+00
      Potential    Kinetic En.   Total Energy  Conserved En.    Temperature
    1.53713e+04    9.72246e+03    2.50937e+04    2.47720e+04    2.98188e+02
 Pres. DC (bar) Pressure (bar)   Constr. rmsd
   -4.42352e+02   -3.33234e+02    5.21251e-07

           Step           Time
         235000      235.00000

   Energies (kJ/mol)
           Bond          Angle    Proper Dih.          LJ-14     Coulomb-14
    3.12526e+03    5.68972e+03    1.33903e+03    1.73441e+03    3.30908e+04
        LJ (SR)  Disper. corr.   Coulomb (SR)   Coul. recip.   COM Pull En.
   -6.76002e+03   -1.18261e+03   -2.22240e+04    5.41367e+02    3.19962e+00
      Potential    Kinetic En.   Total Energy  Conserved En.    Temperature
    1.53571e+04    9.60410e+03    2.49612e+04    2.47727e+04    2.94558e+02
 Pres. DC (bar) Pressure (bar)   Constr. rmsd
   -4.42352e+02    2.52630e+01    4.75308e-07

           Step           Time
         236000      236.00000

   Energies (kJ/mol)
           Bond          Angle    Proper Dih.          LJ-14     Coulomb-14
    3.06966e+03    5.46347e+03    1.35317e+03    1.72022e+03    3.33826e+04
        LJ (SR)  Disper. corr.   Coulomb (SR)   Coul. recip.   COM Pull En.
   -6.65882e+03   -1.18261e+03   -2.24856e+04    5.00842e+02    3.78149e+00
      Potential    Kinetic En.   Total Energy  Conserved En.    Temperature
    1.51666e+04    9.51272e+03    2.46793e+04    2.47715e+04    2.91755e+02
 Pres. DC (bar) Pressure (bar)   Constr. rmsd
   -4.42352e+02    1.70532e+02    5.20188e-07

           Step           Time
         237000      237.00000

   Energies (kJ/mol)
           Bond          Angle    Proper Dih.          LJ-14     Coulomb-14
    3.33628e+03    5.55019e+03    1.37651e+03    1.66003e+03    3.33255e+04
        LJ (SR)  Disper. corr.   Coulomb (SR)   Coul. recip.   COM Pull En.
   -6.61568e+03   -1.18261e+03   -2.24955e+04    5.57161e+02    8.20651e+00
      Potential    Kinetic En.   Total Energy  Conserved En.    Temperature
    1.55200e+04    9.70788e+03    2.52279e+04    2.47742e+04    2.97741e+02
 Pres. DC (bar) Pressure (bar)   Constr. rmsd
   -4.42352e+02   -1.22153e+03    5.14970e-07

           Step           Time
         238000      238.00000

   Energies (kJ/mol)
           Bond          Angle    Proper Dih.          LJ-14     Coulomb-14
    3.25709e+03    5.50659e+03    1.34217e+03    1.69763e+03    3.33153e+04
        LJ (SR)  Disper. corr.   Coulomb (SR)   Coul. recip.   COM Pull En.
   -6.68528e+03   -1.18261e+03   -2.24112e+04    5.34246e+02    2.21936e+00
      Potential    Kinetic En.   Total Energy  Conserved En.    Temperature
    1.53762e+04    9.83770e+03    2.52139e+04    2.47694e+04    3.01722e+02
 Pres. DC (bar) Pressure (bar)   Constr. rmsd
   -4.42352e+02   -2.35896e+03    4.75783e-07

           Step           Time
         239000      239.00000

   Energies (kJ/mol)
           Bond          Angle    Proper Dih.          LJ-14     Coulomb-14
    3.41356e+03    5.62074e+03    1.36841e+03    1.67026e+03    3.31603e+04
        LJ (SR)  Disper. corr.   Coulomb (SR)   Coul. recip.   COM Pull En.
   -6.79488e+03   -1.18261e+03   -2.22652e+04    5.42697e+02    3.33919e+00
      Potential    Kinetic En.   Total Energy  Conserved En.    Temperature
    1.55366e+04    9.41203e+03    2.49487e+04    2.47763e+04    2.88667e+02
 Pres. DC (bar) Pressure (bar)   Constr. rmsd
   -4.42352e+02   -2.17992e+03    4.97102e-07

           Step           Time
         240000      240.00000

   Energies (kJ/mol)
           Bond          Angle    Proper Dih.          LJ-14     Coulomb-14
    3.39473e+03    5.54675e+03    1.33657e+03    1.67007e+03    3.33233e+04
        LJ (SR)  Disper. corr.   Coulomb (SR)   Coul. recip.   COM Pull En.
   -6.74484e+03   -1.18261e+03   -2.24970e+04    5.49143e+02    3.91864e+00
      Potential    Kinetic En.   Total Energy  Conserved En.    Temperature
    1.54000e+04    9.70205e+03    2.51021e+04    2.47719e+04    2.97562e+02
 Pres. DC (bar) Pressure (bar)   Constr. rmsd
   -4.42352e+02   -4.38848e+02    4.94804e-07

           Step           Time
         241000      241.00000

   Energies (kJ/mol)
           Bond          Angle    Proper Dih.          LJ-14     Coulomb-14
    3.23471e+03    5.67177e+03    1.36062e+03    1.66842e+03    3.33849e+04
        LJ (SR)  Disper. corr.   Coulomb (SR)   Coul. recip.   COM Pull En.
   -6.84651e+03   -1.18261e+03   -2.25596e+04    5.55363e+02    1.81578e+00
      Potential    Kinetic En.   Total Energy  Conserved En.    Temperature
    1.52889e+04    9.88640e+03    2.51753e+04    2.47701e+04    3.03216e+02
 Pres. DC (bar) Pressure (bar)   Constr. rmsd
   -4.42352e+02   -1.37471e+02    4.69886e-07

           Step           Time
         242000      242.00000

   Energies (kJ/mol)
           Bond          Angle    Proper Dih.          LJ-14     Coulomb-14
    3.04870e+03    5.69162e+03    1.32225e+03    1.68955e+03    3.35004e+04
        LJ (SR)  Disper. corr.   Coulomb (SR)   Coul. recip.   COM Pull En.
   -6.55745e+03   -1.18261e+03   -2.25296e+04    5.59342e+02    5.52092e-01
      Potential    Kinetic En.   Total Energy  Conserved En.    Temperature
    1.55428e+04    9.74314e+03    2.52859e+04    2.47693e+04    2.98822e+02
 Pres. DC (bar) Pressure (bar)   Constr. rmsd
   -4.42352e+02    3.30704e+02    5.04169e-07

           Step           Time
         243000      243.00000

   Energies (kJ/mol)
           Bond          Angle    Proper Dih.          LJ-14     Coulomb-14
    3.32053e+03    5.58433e+03    1.33458e+03    1.63750e+03    3.31172e+04
        LJ (SR)  Disper. corr.   Coulomb (SR)   Coul. recip.   COM Pull En.
   -6.81016e+03   -1.18261e+03   -2.21868e+04    5.49457e+02    6.02624e-01
      Potential    Kinetic En.   Total Energy  Conserved En.    Temperature
    1.53646e+04    9.81075e+03    2.51753e+04    2.47683e+04    3.00896e+02
 Pres. DC (bar) Pressure (bar)   Constr. rmsd
   -4.42352e+02   -2.18184e+03    5.03085e-07

           Step           Time
         244000      244.00000

   Energies (kJ/mol)
           Bond          Angle    Proper Dih.          LJ-14     Coulomb-14
    3.34988e+03    5.81144e+03    1.35356e+03    1.71793e+03    3.32538e+04
        LJ (SR)  Disper. corr.   Coulomb (SR)   Coul. recip.   COM Pull En.
   -6.72684e+03   -1.18261e+03   -2.23620e+04    5.81999e+02    1.05443e+00
      Potential    Kinetic En.   Total Energy  Conserved En.    Temperature
    1.57982e+04    9.46679e+03    2.52650e+04    2.47722e+04    2.90346e+02
 Pres. DC (bar) Pressure (bar)   Constr. rmsd
   -4.42352e+02   -1.77143e+03    4.91157e-07

           Step           Time
         245000      245.00000

   Energies (kJ/mol)
           Bond          Angle    Proper Dih.          LJ-14     Coulomb-14
    3.17610e+03    5.63873e+03    1.32720e+03    1.68060e+03    3.33682e+04
        LJ (SR)  Disper. corr.   Coulomb (SR)   Coul. recip.   COM Pull En.
   -6.73440e+03   -1.18261e+03   -2.24719e+04    5.36562e+02    3.17153e+00
      Potential    Kinetic En.   Total Energy  Conserved En.    Temperature
    1.53417e+04    9.87853e+03    2.52202e+04    2.47670e+04    3.02974e+02
 Pres. DC (bar) Pressure (bar)   Constr. rmsd
   -4.42352e+02   -1.31601e+03    4.72273e-07

           Step           Time
         246000      246.00000

   Energies (kJ/mol)
           Bond          Angle    Proper Dih.          LJ-14     Coulomb-14
    3.09571e+03    5.64032e+03    1.35369e+03    1.65580e+03    3.33530e+04
        LJ (SR)  Disper. corr.   Coulomb (SR)   Coul. recip.   COM Pull En.
   -6.77264e+03   -1.18261e+03   -2.25051e+04    5.67410e+02    9.04236e-01
      Potential    Kinetic En.   Total Energy  Conserved En.    Temperature
    1.52065e+04    9.49542e+03    2.47020e+04    2.47670e+04    2.91224e+02
 Pres. DC (bar) Pressure (bar)   Constr. rmsd
   -4.42352e+02   -1.67492e+03    5.05719e-07

           Step           Time
         247000      247.00000

   Energies (kJ/mol)
           Bond          Angle    Proper Dih.          LJ-14     Coulomb-14
    3.26666e+03    5.67977e+03    1.34810e+03    1.69921e+03    3.33352e+04
        LJ (SR)  Disper. corr.   Coulomb (SR)   Coul. recip.   COM Pull En.
   -6.72579e+03   -1.18261e+03   -2.22282e+04    5.42199e+02    1.11838e+00
      Potential    Kinetic En.   Total Energy  Conserved En.    Temperature
    1.57357e+04    9.94749e+03    2.56832e+04    2.47692e+04    3.05089e+02
 Pres. DC (bar) Pressure (bar)   Constr. rmsd
   -4.42352e+02   -7.08902e+02    4.78019e-07

           Step           Time
         248000      248.00000

   Energies (kJ/mol)
           Bond          Angle    Proper Dih.          LJ-14     Coulomb-14
    3.28606e+03    5.68342e+03    1.42636e+03    1.84778e+03    3.31869e+04
        LJ (SR)  Disper. corr.   Coulomb (SR)   Coul. recip.   COM Pull En.
   -6.83032e+03   -1.18261e+03   -2.21834e+04    5.48203e+02    2.78551e+00
      Potential    Kinetic En.   Total Energy  Conserved En.    Temperature
    1.57852e+04    9.48740e+03    2.52726e+04    2.47711e+04    2.90978e+02
 Pres. DC (bar) Pressure (bar)   Constr. rmsd
   -4.42352e+02    1.20141e+01    4.86091e-07

           Step           Time
         249000      249.00000

   Energies (kJ/mol)
           Bond          Angle    Proper Dih.          LJ-14     Coulomb-14
    3.17160e+03    5.62145e+03    1.32278e+03    1.70407e+03    3.28884e+04
        LJ (SR)  Disper. corr.   Coulomb (SR)   Coul. recip.   COM Pull En.
   -6.57699e+03   -1.18261e+03   -2.20670e+04    5.53937e+02    2.29018e+00
      Potential    Kinetic En.   Total Energy  Conserved En.    Temperature
    1.54379e+04    9.71787e+03    2.51558e+04    2.47661e+04    2.98047e+02
 Pres. DC (bar) Pressure (bar)   Constr. rmsd
   -4.42352e+02   -2.37562e+02    5.00859e-07

           Step           Time
         250000      250.00000

   Energies (kJ/mol)
           Bond          Angle    Proper Dih.          LJ-14     Coulomb-14
    3.27096e+03    5.60852e+03    1.32986e+03    1.70837e+03    3.33846e+04
        LJ (SR)  Disper. corr.   Coulomb (SR)   Coul. recip.   COM Pull En.
   -6.78145e+03   -1.18261e+03   -2.23195e+04    5.61891e+02    2.30161e+00
      Potential    Kinetic En.   Total Energy  Conserved En.    Temperature
    1.55830e+04    9.92776e+03    2.55107e+04    2.47661e+04    3.04484e+02
 Pres. DC (bar) Pressure (bar)   Constr. rmsd
   -4.42352e+02   -8.41659e+02    4.86211e-07

           Step           Time
         251000      251.00000

   Energies (kJ/mol)
           Bond          Angle    Proper Dih.          LJ-14     Coulomb-14
    3.19880e+03    5.48577e+03    1.32122e+03    1.68027e+03    3.35305e+04
        LJ (SR)  Disper. corr.   Coulomb (SR)   Coul. recip.   COM Pull En.
   -6.64821e+03   -1.18261e+03   -2.25877e+04    5.39980e+02    1.86180e+00
      Potential    Kinetic En.   Total Energy  Conserved En.    Temperature
    1.53399e+04    9.82594e+03    2.51659e+04    2.47672e+04    3.01361e+02
 Pres. DC (bar) Pressure (bar)   Constr. rmsd
   -4.42352e+02   -8.25292e+02    5.00713e-07

           Step           Time
         252000      252.00000

   Energies (kJ/mol)
           Bond          Angle    Proper Dih.          LJ-14     Coulomb-14
    3.26062e+03    5.68963e+03    1.34520e+03    1.73346e+03    3.34105e+04
        LJ (SR)  Disper. corr.   Coulomb (SR)   Coul. recip.   COM Pull En.
   -6.52419e+03   -1.18261e+03   -2.26389e+04    5.73239e+02    1.96089e+00
      Potential    Kinetic En.   Total Energy  Conserved En.    Temperature
    1.56689e+04    9.56420e+03    2.52331e+04    2.47719e+04    2.93334e+02
 Pres. DC (bar) Pressure (bar)   Constr. rmsd
   -4.42352e+02   -2.81198e+02    5.14241e-07

           Step           Time
         253000      253.00000

   Energies (kJ/mol)
           Bond          Angle    Proper Dih.          LJ-14     Coulomb-14
    3.26046e+03    5.56695e+03    1.35705e+03    1.70171e+03    3.34139e+04
        LJ (SR)  Disper. corr.   Coulomb (SR)   Coul. recip.   COM Pull En.
   -6.61502e+03   -1.18261e+03   -2.24784e+04    5.58601e+02    1.61601e+00
      Potential    Kinetic En.   Total Energy  Conserved En.    Temperature
    1.55842e+04    1.00003e+04    2.55845e+04    2.47662e+04    3.06708e+02
 Pres. DC (bar) Pressure (bar)   Constr. rmsd
   -4.42352e+02   -5.77704e+01    4.72412e-07

           Step           Time
         254000      254.00000

   Energies (kJ/mol)
           Bond          Angle    Proper Dih.          LJ-14     Coulomb-14
    3.22348e+03    5.63127e+03    1.36226e+03    1.73698e+03    3.30500e+04
        LJ (SR)  Disper. corr.   Coulomb (SR)   Coul. recip.   COM Pull En.
   -6.56347e+03   -1.18261e+03   -2.23698e+04    5.61780e+02    1.38323e+00
      Potential    Kinetic En.   Total Energy  Conserved En.    Temperature
    1.54513e+04    9.83120e+03    2.52825e+04    2.47678e+04    3.01523e+02
 Pres. DC (bar) Pressure (bar)   Constr. rmsd
   -4.42352e+02   -2.40739e+02    4.83711e-07

           Step           Time
         255000      255.00000

   Energies (kJ/mol)
           Bond          Angle    Proper Dih.          LJ-14     Coulomb-14
    3.25630e+03    5.66691e+03    1.35733e+03    1.76141e+03    3.29585e+04
        LJ (SR)  Disper. corr.   Coulomb (SR)   Coul. recip.   COM Pull En.
   -6.55852e+03   -1.18261e+03   -2.23331e+04    5.58486e+02    3.33794e+00
      Potential    Kinetic En.   Total Energy  Conserved En.    Temperature
    1.54880e+04    9.70198e+03    2.51900e+04    2.47659e+04    2.97560e+02
 Pres. DC (bar) Pressure (bar)   Constr. rmsd
   -4.42352e+02    1.50820e+02    4.91853e-07

           Step           Time
         256000      256.00000

   Energies (kJ/mol)
           Bond          Angle    Proper Dih.          LJ-14     Coulomb-14
    3.11816e+03    5.55915e+03    1.31106e+03    1.66188e+03    3.33302e+04
        LJ (SR)  Disper. corr.   Coulomb (SR)   Coul. recip.   COM Pull En.
   -6.58986e+03   -1.18261e+03   -2.26447e+04    5.87762e+02    8.57874e-01
      Potential    Kinetic En.   Total Energy  Conserved En.    Temperature
    1.51519e+04    9.63131e+03    2.47832e+04    2.47684e+04    2.95392e+02
 Pres. DC (bar) Pressure (bar)   Constr. rmsd
   -4.42352e+02    4.11337e+02    4.89658e-07

           Step           Time
         257000      257.00000

   Energies (kJ/mol)
           Bond          Angle    Proper Dih.          LJ-14     Coulomb-14
    3.25494e+03    5.70887e+03    1.36885e+03    1.75503e+03    3.32782e+04
        LJ (SR)  Disper. corr.   Coulomb (SR)   Coul. recip.   COM Pull En.
   -6.69832e+03   -1.18261e+03   -2.24764e+04    5.76070e+02    2.72056e+00
      Potential    Kinetic En.   Total Energy  Conserved En.    Temperature
    1.55873e+04    9.71618e+03    2.53035e+04    2.47655e+04    2.97995e+02
 Pres. DC (bar) Pressure (bar)   Constr. rmsd
   -4.42352e+02   -1.09591e+03    5.07063e-07

           Step           Time
         258000      258.00000

   Energies (kJ/mol)
           Bond          Angle    Proper Dih.          LJ-14     Coulomb-14
    3.32086e+03    5.51092e+03    1.32086e+03    1.63974e+03    3.33256e+04
        LJ (SR)  Disper. corr.   Coulomb (SR)   Coul. recip.   COM Pull En.
   -6.74403e+03   -1.18261e+03   -2.23839e+04    5.91112e+02    3.40992e+00
      Potential    Kinetic En.   Total Energy  Conserved En.    Temperature
    1.54020e+04    9.29353e+03    2.46955e+04    2.47661e+04    2.85032e+02
 Pres. DC (bar) Pressure (bar)   Constr. rmsd
   -4.42352e+02   -1.96096e+03    5.25549e-07

           Step           Time
         259000      259.00000

   Energies (kJ/mol)
           Bond          Angle    Proper Dih.          LJ-14     Coulomb-14
    3.15556e+03    5.63670e+03    1.32881e+03    1.75561e+03    3.35171e+04
        LJ (SR)  Disper. corr.   Coulomb (SR)   Coul. recip.   COM Pull En.
   -6.65914e+03   -1.18261e+03   -2.26293e+04    5.94103e+02    2.89407e+00
      Potential    Kinetic En.   Total Energy  Conserved En.    Temperature
    1.55196e+04    9.55773e+03    2.50774e+04    2.47645e+04    2.93135e+02
 Pres. DC (bar) Pressure (bar)   Constr. rmsd
   -4.42352e+02    1.54602e+02    4.95562e-07

           Step           Time
         260000      260.00000

   Energies (kJ/mol)
           Bond          Angle    Proper Dih.          LJ-14     Coulomb-14
    3.17607e+03    5.50680e+03    1.34426e+03    1.71607e+03    3.32268e+04
        LJ (SR)  Disper. corr.   Coulomb (SR)   Coul. recip.   COM Pull En.
   -6.70976e+03   -1.18261e+03   -2.23910e+04    5.78990e+02    1.93080e+00
      Potential    Kinetic En.   Total Energy  Conserved En.    Temperature
    1.52676e+04    9.47712e+03    2.47447e+04    2.47649e+04    2.90663e+02
 Pres. DC (bar) Pressure (bar)   Constr. rmsd
   -4.42352e+02   -4.28226e+01    4.82378e-07

           Step           Time
         261000      261.00000

   Energies (kJ/mol)
           Bond          Angle    Proper Dih.          LJ-14     Coulomb-14
    3.18769e+03    5.49208e+03    1.34757e+03    1.69465e+03    3.32471e+04
        LJ (SR)  Disper. corr.   Coulomb (SR)   Coul. recip.   COM Pull En.
   -6.69732e+03   -1.18261e+03   -2.24284e+04    5.59826e+02    2.17285e+00
      Potential    Kinetic En.   Total Energy  Conserved En.    Temperature
    1.52227e+04    9.67877e+03    2.49015e+04    2.47625e+04    2.96848e+02
 Pres. DC (bar) Pressure (bar)   Constr. rmsd
   -4.42352e+02   -1.07277e+03    4.76341e-07

           Step           Time
         262000      262.00000

   Energies (kJ/mol)
           Bond          Angle    Proper Dih.          LJ-14     Coulomb-14
    3.06443e+03    5.80338e+03    1.41541e+03    1.84071e+03    3.31424e+04
        LJ (SR)  Disper. corr.   Coulomb (SR)   Coul. recip.   COM Pull En.
   -6.58787e+03   -1.18261e+03   -2.24933e+04    5.48537e+02    3.62829e+00
      Potential    Kinetic En.   Total Energy  Conserved En.    Temperature
    1.55547e+04    9.86817e+03    2.54229e+04    2.47614e+04    3.02657e+02
 Pres. DC (bar) Pressure (bar)   Constr. rmsd
   -4.42352e+02   -1.64449e+02    5.18647e-07

           Step           Time
         263000      263.00000

   Energies (kJ/mol)
           Bond          Angle    Proper Dih.          LJ-14     Coulomb-14
    2.98265e+03    5.77387e+03    1.34171e+03    1.77544e+03    3.28955e+04
        LJ (SR)  Disper. corr.   Coulomb (SR)   Coul. recip.   COM Pull En.
   -6.58662e+03   -1.18261e+03   -2.20309e+04    5.29293e+02    1.84178e+00
      Potential    Kinetic En.   Total Energy  Conserved En.    Temperature
    1.55001e+04    9.50041e+03    2.50005e+04    2.47616e+04    2.91377e+02
 Pres. DC (bar) Pressure (bar)   Constr. rmsd
   -4.42352e+02    2.69609e+01    4.62334e-07

           Step           Time
         264000      264.00000

   Energies (kJ/mol)
           Bond          Angle    Proper Dih.          LJ-14     Coulomb-14
    3.08413e+03    5.91549e+03    1.36455e+03    1.76451e+03    3.29811e+04
        LJ (SR)  Disper. corr.   Coulomb (SR)   Coul. recip.   COM Pull En.
   -6.60682e+03   -1.18261e+03   -2.22866e+04    5.28261e+02    1.71124e+00
      Potential    Kinetic En.   Total Energy  Conserved En.    Temperature
    1.55637e+04    1.00883e+04    2.56520e+04    2.47587e+04    3.09409e+02
 Pres. DC (bar) Pressure (bar)   Constr. rmsd
   -4.42352e+02    7.62737e+01    4.78049e-07

           Step           Time
         265000      265.00000

   Energies (kJ/mol)
           Bond          Angle    Proper Dih.          LJ-14     Coulomb-14
    3.15597e+03    5.81239e+03    1.33934e+03    1.72203e+03    3.28947e+04
        LJ (SR)  Disper. corr.   Coulomb (SR)   Coul. recip.   COM Pull En.
   -6.66473e+03   -1.18261e+03   -2.19822e+04    5.86365e+02    4.50267e+00
      Potential    Kinetic En.   Total Energy  Conserved En.    Temperature
    1.56858e+04    9.87633e+03    2.55621e+04    2.47616e+04    3.02907e+02
 Pres. DC (bar) Pressure (bar)   Constr. rmsd
   -4.42352e+02   -3.71331e+02    4.73666e-07

           Step           Time
         266000      266.00000

   Energies (kJ/mol)
           Bond          Angle    Proper Dih.          LJ-14     Coulomb-14
    3.11955e+03    5.56407e+03    1.31794e+03    1.68247e+03    3.29217e+04
        LJ (SR)  Disper. corr.   Coulomb (SR)   Coul. recip.   COM Pull En.
   -6.62380e+03   -1.18261e+03   -2.20508e+04    5.60834e+02    3.31590e+00
      Potential    Kinetic En.   Total Energy  Conserved En.    Temperature
    1.53126e+04    9.63537e+03    2.49480e+04    2.47598e+04    2.95517e+02
 Pres. DC (bar) Pressure (bar)   Constr. rmsd
   -4.42352e+02   -8.85163e+01    5.00851e-07

           Step           Time
         267000      267.00000

   Energies (kJ/mol)
           Bond          Angle    Proper Dih.          LJ-14     Coulomb-14
    3.25936e+03    5.56016e+03    1.35609e+03    1.73686e+03    3.32479e+04
        LJ (SR)  Disper. corr.   Coulomb (SR)   Coul. recip.   COM Pull En.
   -6.59264e+03   -1.18261e+03   -2.22741e+04    5.55111e+02    3.81743e+00
      Potential    Kinetic En.   Total Energy  Conserved En.    Temperature
    1.56699e+04    9.81641e+03    2.54863e+04    2.47601e+04    3.01069e+02
 Pres. DC (bar) Pressure (bar)   Constr. rmsd
   -4.42352e+02    2.66428e+01    4.94584e-07

           Step           Time
         268000      268.00000

   Energies (kJ/mol)
           Bond          Angle    Proper Dih.          LJ-14     Coulomb-14
    3.19519e+03    5.58001e+03    1.33886e+03    1.62843e+03    3.31029e+04
        LJ (SR)  Disper. corr.   Coulomb (SR)   Coul. recip.   COM Pull En.
   -6.62527e+03   -1.18261e+03   -2.20569e+04    5.67441e+02    4.05129e+00
      Potential    Kinetic En.   Total Energy  Conserved En.    Temperature
    1.55521e+04    9.62448e+03    2.51765e+04    2.47591e+04    2.95183e+02
 Pres. DC (bar) Pressure (bar)   Constr. rmsd
   -4.42352e+02   -9.31654e+02    5.01476e-07

           Step           Time
         269000      269.00000

   Energies (kJ/mol)
           Bond          Angle    Proper Dih.          LJ-14     Coulomb-14
    3.28458e+03    5.64568e+03    1.36869e+03    1.71426e+03    3.32190e+04
        LJ (SR)  Disper. corr.   Coulomb (SR)   Coul. recip.   COM Pull En.
   -6.61546e+03   -1.18261e+03   -2.22549e+04    5.70370e+02    3.50661e+00
      Potential    Kinetic En.   Total Energy  Conserved En.    Temperature
    1.57532e+04    9.64513e+03    2.53983e+04    2.47611e+04    2.95816e+02
 Pres. DC (bar) Pressure (bar)   Constr. rmsd
   -4.42352e+02   -1.16226e+03    4.86286e-07

           Step           Time
         270000      270.00000

   Energies (kJ/mol)
           Bond          Angle    Proper Dih.          LJ-14     Coulomb-14
    3.36938e+03    5.78873e+03    1.34206e+03    1.59490e+03    3.31594e+04
        LJ (SR)  Disper. corr.   Coulomb (SR)   Coul. recip.   COM Pull En.
   -6.67513e+03   -1.18261e+03   -2.22742e+04    5.36584e+02    2.96662e+00
      Potential    Kinetic En.   Total Energy  Conserved En.    Temperature
    1.56621e+04    9.83096e+03    2.54931e+04    2.47589e+04    3.01515e+02
 Pres. DC (bar) Pressure (bar)   Constr. rmsd
   -4.42352e+02   -1.73146e+03    4.85934e-07

           Step           Time
         271000      271.00000

   Energies (kJ/mol)
           Bond          Angle    Proper Dih.          LJ-14     Coulomb-14
    3.28870e+03    5.71772e+03    1.35630e+03    1.74416e+03    3.31608e+04
        LJ (SR)  Disper. corr.   Coulomb (SR)   Coul. recip.   COM Pull En.
   -6.70963e+03   -1.18261e+03   -2.21736e+04    5.64598e+02    1.27139e+00
      Potential    Kinetic En.   Total Energy  Conserved En.    Temperature
    1.57678e+04    9.82642e+03    2.55942e+04    2.47605e+04    3.01376e+02
 Pres. DC (bar) Pressure (bar)   Constr. rmsd
   -4.42352e+02   -5.65126e+02    4.87587e-07

           Step           Time
         272000      272.00000

   Energies (kJ/mol)
           Bond          Angle    Proper Dih.          LJ-14     Coulomb-14
    3.07178e+03    5.59059e+03    1.33474e+03    1.71828e+03    3.33677e+04
        LJ (SR)  Disper. corr.   Coulomb (SR)   Coul. recip.   COM Pull En.
   -6.75879e+03   -1.18261e+03   -2.23721e+04    5.17400e+02    9.20818e-01
      Potential    Kinetic En.   Total Energy  Conserved En.    Temperature
    1.52879e+04    9.79510e+03    2.50830e+04    2.47557e+04    3.00416e+02
 Pres. DC (bar) Pressure (bar)   Constr. rmsd
   -4.42352e+02   -6.93680e+02    4.74327e-07

           Step           Time
         273000      273.00000

   Energies (kJ/mol)
           Bond          Angle    Proper Dih.          LJ-14     Coulomb-14
    3.33487e+03    5.49534e+03    1.35503e+03    1.69329e+03    3.33459e+04
        LJ (SR)  Disper. corr.   Coulomb (SR)   Coul. recip.   COM Pull En.
   -6.76815e+03   -1.18261e+03   -2.23923e+04    5.26205e+02    8.84041e-01
      Potential    Kinetic En.   Total Energy  Conserved En.    Temperature
    1.54085e+04    1.01898e+04    2.55982e+04    2.47556e+04    3.12521e+02
 Pres. DC (bar) Pressure (bar)   Constr. rmsd
   -4.42352e+02   -2.75744e+02    4.80949e-07

           Step           Time
         274000      274.00000

   Energies (kJ/mol)
           Bond          Angle    Proper Dih.          LJ-14     Coulomb-14
    3.13217e+03    5.72262e+03    1.33416e+03    1.73130e+03    3.32751e+04
        LJ (SR)  Disper. corr.   Coulomb (SR)   Coul. recip.   COM Pull En.
   -6.62825e+03   -1.18261e+03   -2.23983e+04    5.68495e+02    2.66329e+00
      Potential    Kinetic En.   Total Energy  Conserved En.    Temperature
    1.55574e+04    9.89881e+03    2.54562e+04    2.47547e+04    3.03596e+02
 Pres. DC (bar) Pressure (bar)   Constr. rmsd
   -4.42352e+02   -6.96495e+02    4.68271e-07

           Step           Time
         275000      275.00000

   Energies (kJ/mol)
           Bond          Angle    Proper Dih.          LJ-14     Coulomb-14
    3.22160e+03    5.81922e+03    1.37627e+03    1.70814e+03    3.30614e+04
        LJ (SR)  Disper. corr.   Coulomb (SR)   Coul. recip.   COM Pull En.
   -6.74849e+03   -1.18261e+03   -2.22856e+04    5.19580e+02    1.88894e+00
      Potential    Kinetic En.   Total Energy  Conserved En.    Temperature
    1.54913e+04    9.74707e+03    2.52384e+04    2.47569e+04    2.98943e+02
 Pres. DC (bar) Pressure (bar)   Constr. rmsd
   -4.42352e+02   -1.59726e+03    5.19789e-07

           Step           Time
         276000      276.00000

   Energies (kJ/mol)
           Bond          Angle    Proper Dih.          LJ-14     Coulomb-14
    3.23145e+03    5.67069e+03    1.32867e+03    1.67294e+03    3.31160e+04
        LJ (SR)  Disper. corr.   Coulomb (SR)   Coul. recip.   COM Pull En.
   -6.66943e+03   -1.18261e+03   -2.22365e+04    5.19008e+02    1.86918e+00
      Potential    Kinetic En.   Total Energy  Conserved En.    Temperature
    1.54521e+04    9.95160e+03    2.54037e+04    2.47558e+04    3.05216e+02
 Pres. DC (bar) Pressure (bar)   Constr. rmsd
   -4.42352e+02   -1.02358e+03    4.94444e-07

           Step           Time
         277000      277.00000

   Energies (kJ/mol)
           Bond          Angle    Proper Dih.          LJ-14     Coulomb-14
    3.10096e+03    5.52700e+03    1.38518e+03    1.76617e+03    3.33218e+04
        LJ (SR)  Disper. corr.   Coulomb (SR)   Coul. recip.   COM Pull En.
   -6.75946e+03   -1.18261e+03   -2.22169e+04    5.40632e+02    4.01490e+00
      Potential    Kinetic En.   Total Energy  Conserved En.    Temperature
    1.54868e+04    9.31387e+03    2.48007e+04    2.47580e+04    2.85656e+02
 Pres. DC (bar) Pressure (bar)   Constr. rmsd
   -4.42352e+02   -4.58228e+02    4.92622e-07

           Step           Time
         278000      278.00000

   Energies (kJ/mol)
           Bond          Angle    Proper Dih.          LJ-14     Coulomb-14
    3.24086e+03    5.64840e+03    1.32145e+03    1.68683e+03    3.33430e+04
        LJ (SR)  Disper. corr.   Coulomb (SR)   Coul. recip.   COM Pull En.
   -6.69985e+03   -1.18261e+03   -2.24430e+04    5.52719e+02    2.40630e+00
      Potential    Kinetic En.   Total Energy  Conserved En.    Temperature
    1.54702e+04    9.66598e+03    2.51362e+04    2.47580e+04    2.96455e+02
 Pres. DC (bar) Pressure (bar)   Constr. rmsd
   -4.42352e+02   -2.91250e+02    5.30032e-07

           Step           Time
         279000      279.00000

   Energies (kJ/mol)
           Bond          Angle    Proper Dih.          LJ-14     Coulomb-14
    3.15388e+03    5.63386e+03    1.31921e+03    1.72898e+03    3.33016e+04
        LJ (SR)  Disper. corr.   Coulomb (SR)   Coul. recip.   COM Pull En.
   -6.65856e+03   -1.18261e+03   -2.22846e+04    5.46616e+02    2.68648e+00
      Potential    Kinetic En.   Total Energy  Conserved En.    Temperature
    1.55611e+04    9.59388e+03    2.51550e+04    2.47589e+04    2.94244e+02
 Pres. DC (bar) Pressure (bar)   Constr. rmsd
   -4.42352e+02   -6.52124e+02    5.14899e-07

           Step           Time
         280000      280.00000

   Energies (kJ/mol)
           Bond          Angle    Proper Dih.          LJ-14     Coulomb-14
    3.27038e+03    5.57902e+03    1.38298e+03    1.74184e+03    3.33782e+04
        LJ (SR)  Disper. corr.   Coulomb (SR)   Coul. recip.   COM Pull En.
   -6.51555e+03   -1.18261e+03   -2.25437e+04    5.28581e+02    7.00815e+00
      Potential    Kinetic En.   Total Energy  Conserved En.    Temperature
    1.56461e+04    9.56103e+03    2.52072e+04    2.47560e+04    2.93237e+02
 Pres. DC (bar) Pressure (bar)   Constr. rmsd
   -4.42352e+02   -1.37845e+03    4.77356e-07

           Step           Time
         281000      281.00000

   Energies (kJ/mol)
           Bond          Angle    Proper Dih.          LJ-14     Coulomb-14
    3.08597e+03    5.53193e+03    1.32745e+03    1.75254e+03    3.32990e+04
        LJ (SR)  Disper. corr.   Coulomb (SR)   Coul. recip.   COM Pull En.
   -6.52013e+03   -1.18261e+03   -2.24661e+04    5.30333e+02    3.69138e+00
      Potential    Kinetic En.   Total Energy  Conserved En.    Temperature
    1.53621e+04    9.68607e+03    2.50482e+04    2.47525e+04    2.97072e+02
 Pres. DC (bar) Pressure (bar)   Constr. rmsd
   -4.42352e+02    4.79589e+01    4.72566e-07

           Step           Time
         282000      282.00000

   Energies (kJ/mol)
           Bond          Angle    Proper Dih.          LJ-14     Coulomb-14
    3.24266e+03    5.46514e+03    1.33354e+03    1.76690e+03    3.28311e+04
        LJ (SR)  Disper. corr.   Coulomb (SR)   Coul. recip.   COM Pull En.
   -6.70677e+03   -1.18261e+03   -2.18618e+04    5.58577e+02    2.49733e+00
      Potential    Kinetic En.   Total Energy  Conserved En.    Temperature
    1.54492e+04    9.59807e+03    2.50472e+04    2.47534e+04    2.94373e+02
 Pres. DC (bar) Pressure (bar)   Constr. rmsd
   -4.42352e+02   -4.78625e+02    4.97080e-07

           Step           Time
         283000      283.00000

   Energies (kJ/mol)
           Bond          Angle    Proper Dih.          LJ-14     Coulomb-14
    3.11919e+03    5.60622e+03    1.31241e+03    1.69527e+03    3.31940e+04
        LJ (SR)  Disper. corr.   Coulomb (SR)   Coul. recip.   COM Pull En.
   -6.57183e+03   -1.18261e+03   -2.23975e+04    5.36257e+02    4.18812e+00
      Potential    Kinetic En.   Total Energy  Conserved En.    Temperature
    1.53156e+04    9.73985e+03    2.50554e+04    2.47538e+04    2.98721e+02
 Pres. DC (bar) Pressure (bar)   Constr. rmsd
   -4.42352e+02   -9.04278e+02    5.02716e-07

           Step           Time
         284000      284.00000

   Energies (kJ/mol)
           Bond          Angle    Proper Dih.          LJ-14     Coulomb-14
    3.12036e+03    5.51098e+03    1.35353e+03    1.77269e+03    3.32918e+04
        LJ (SR)  Disper. corr.   Coulomb (SR)   Coul. recip.   COM Pull En.
   -6.61646e+03   -1.18261e+03   -2.24068e+04    5.43682e+02    9.50043e-01
      Potential    Kinetic En.   Total Energy  Conserved En.    Temperature
    1.53882e+04    9.82966e+03    2.52178e+04    2.47516e+04    3.01475e+02
 Pres. DC (bar) Pressure (bar)   Constr. rmsd
   -4.42352e+02    8.41672e+02    4.94621e-07

           Step           Time
         285000      285.00000

   Energies (kJ/mol)
           Bond          Angle    Proper Dih.          LJ-14     Coulomb-14
    3.30358e+03    5.57388e+03    1.36996e+03    1.75177e+03    3.29263e+04
        LJ (SR)  Disper. corr.   Coulomb (SR)   Coul. recip.   COM Pull En.
   -6.66704e+03   -1.18261e+03   -2.20994e+04    5.27498e+02    2.40481e+00
      Potential    Kinetic En.   Total Energy  Conserved En.    Temperature
    1.55063e+04    9.65724e+03    2.51636e+04    2.47525e+04    2.96187e+02
 Pres. DC (bar) Pressure (bar)   Constr. rmsd
   -4.42352e+02    3.65275e+02    5.04746e-07

           Step           Time
         286000      286.00000

   Energies (kJ/mol)
           Bond          Angle    Proper Dih.          LJ-14     Coulomb-14
    3.25409e+03    5.87307e+03    1.38437e+03    1.72534e+03    3.32201e+04
        LJ (SR)  Disper. corr.   Coulomb (SR)   Coul. recip.   COM Pull En.
   -6.76510e+03   -1.18261e+03   -2.22578e+04    5.51454e+02    1.18603e+00
      Potential    Kinetic En.   Total Energy  Conserved En.    Temperature
    1.58042e+04    9.56289e+03    2.53670e+04    2.47552e+04    2.93294e+02
 Pres. DC (bar) Pressure (bar)   Constr. rmsd
   -4.42352e+02   -1.43358e+03    5.32779e-07

           Step           Time
         287000      287.00000

   Energies (kJ/mol)
           Bond          Angle    Proper Dih.          LJ-14     Coulomb-14
    3.11693e+03    5.81660e+03    1.37093e+03    1.73466e+03    3.30533e+04
        LJ (SR)  Disper. corr.   Coulomb (SR)   Coul. recip.   COM Pull En.
   -6.71378e+03   -1.18261e+03   -2.21995e+04    5.61014e+02    2.26405e+00
      Potential    Kinetic En.   Total Energy  Conserved En.    Temperature
    1.55599e+04    9.82542e+03    2.53853e+04    2.47502e+04    3.01346e+02
 Pres. DC (bar) Pressure (bar)   Constr. rmsd
   -4.42352e+02   -1.21623e+03    4.82702e-07

           Step           Time
         288000      288.00000

   Energies (kJ/mol)
           Bond          Angle    Proper Dih.          LJ-14     Coulomb-14
    3.33571e+03    5.49359e+03    1.31213e+03    1.68240e+03    3.32330e+04
        LJ (SR)  Disper. corr.   Coulomb (SR)   Coul. recip.   COM Pull En.
   -6.53687e+03   -1.18261e+03   -2.22337e+04    5.65383e+02    5.22798e+00
      Potential    Kinetic En.   Total Energy  Conserved En.    Temperature
    1.56743e+04    9.74687e+03    2.54211e+04    2.47494e+04    2.98936e+02
 Pres. DC (bar) Pressure (bar)   Constr. rmsd
   -4.42352e+02   -1.71465e+02    5.21314e-07

           Step           Time
         289000      289.00000

   Energies (kJ/mol)
           Bond          Angle    Proper Dih.          LJ-14     Coulomb-14
    3.09114e+03    5.63666e+03    1.32898e+03    1.69804e+03    3.34494e+04
        LJ (SR)  Disper. corr.   Coulomb (SR)   Coul. recip.   COM Pull En.
   -6.60913e+03   -1.18261e+03   -2.25161e+04    5.45546e+02    4.01429e+00
      Potential    Kinetic En.   Total Energy  Conserved En.    Temperature
    1.54459e+04    9.61184e+03    2.50577e+04    2.47524e+04    2.94795e+02
 Pres. DC (bar) Pressure (bar)   Constr. rmsd
   -4.42352e+02   -8.40897e+02    4.94981e-07

           Step           Time
         290000      290.00000

   Energies (kJ/mol)
           Bond          Angle    Proper Dih.          LJ-14     Coulomb-14
    3.28596e+03    5.52609e+03    1.36049e+03    1.66923e+03    3.34959e+04
        LJ (SR)  Disper. corr.   Coulomb (SR)   Coul. recip.   COM Pull En.
   -6.52661e+03   -1.18261e+03   -2.25862e+04    5.36193e+02    4.19046e+00
      Potential    Kinetic En.   Total Energy  Conserved En.    Temperature
    1.55826e+04    9.57290e+03    2.51555e+04    2.47505e+04    2.93601e+02
 Pres. DC (bar) Pressure (bar)   Constr. rmsd
   -4.42352e+02   -1.36009e+03    4.87392e-07

           Step           Time
         291000      291.00000

   Energies (kJ/mol)
           Bond          Angle    Proper Dih.          LJ-14     Coulomb-14
    3.22172e+03    5.65859e+03    1.39791e+03    1.77718e+03    3.33964e+04
        LJ (SR)  Disper. corr.   Coulomb (SR)   Coul. recip.   COM Pull En.
   -6.82820e+03   -1.18261e+03   -2.23522e+04    5.40350e+02    2.37869e+00
      Potential    Kinetic En.   Total Energy  Conserved En.    Temperature
    1.56315e+04    9.84703e+03    2.54785e+04    2.47512e+04    3.02008e+02
 Pres. DC (bar) Pressure (bar)   Constr. rmsd
   -4.42352e+02   -5.33619e+02    5.17944e-07

           Step           Time
         292000      292.00000

   Energies (kJ/mol)
           Bond          Angle    Proper Dih.          LJ-14     Coulomb-14
    3.13699e+03    5.53794e+03    1.33341e+03    1.67162e+03    3.35678e+04
        LJ (SR)  Disper. corr.   Coulomb (SR)   Coul. recip.   COM Pull En.
   -6.67999e+03   -1.18261e+03   -2.25989e+04    5.40210e+02    1.22204e+00
      Potential    Kinetic En.   Total Energy  Conserved En.    Temperature
    1.53277e+04    9.72185e+03    2.50496e+04    2.47513e+04    2.98169e+02
 Pres. DC (bar) Pressure (bar)   Constr. rmsd
   -4.42352e+02    1.56874e+02    5.21593e-07

           Step           Time
         293000      293.00000

   Energies (kJ/mol)
           Bond          Angle    Proper Dih.          LJ-14     Coulomb-14
    3.12404e+03    5.76430e+03    1.34848e+03    1.70249e+03    3.33979e+04
        LJ (SR)  Disper. corr.   Coulomb (SR)   Coul. recip.   COM Pull En.
   -6.65005e+03   -1.18261e+03   -2.25553e+04    5.33979e+02    3.59711e+00
      Potential    Kinetic En.   Total Energy  Conserved En.    Temperature
    1.54868e+04    9.70063e+03    2.51875e+04    2.47498e+04    2.97518e+02
 Pres. DC (bar) Pressure (bar)   Constr. rmsd
   -4.42352e+02   -7.78267e+02    5.00124e-07

           Step           Time
         294000      294.00000

   Energies (kJ/mol)
           Bond          Angle    Proper Dih.          LJ-14     Coulomb-14
    3.23227e+03    5.90119e+03    1.35247e+03    1.66302e+03    3.30819e+04
        LJ (SR)  Disper. corr.   Coulomb (SR)   Coul. recip.   COM Pull En.
   -6.66440e+03   -1.18261e+03   -2.23585e+04    5.60431e+02    3.67018e+00
      Potential    Kinetic En.   Total Energy  Conserved En.    Temperature
    1.55895e+04    9.42949e+03    2.50190e+04    2.47555e+04    2.89202e+02
 Pres. DC (bar) Pressure (bar)   Constr. rmsd
   -4.42352e+02   -1.22552e+03    4.69808e-07

           Step           Time
         295000      295.00000

   Energies (kJ/mol)
           Bond          Angle    Proper Dih.          LJ-14     Coulomb-14
    3.24608e+03    5.77215e+03    1.37604e+03    1.64785e+03    3.32747e+04
        LJ (SR)  Disper. corr.   Coulomb (SR)   Coul. recip.   COM Pull En.
   -6.67316e+03   -1.18261e+03   -2.25237e+04    5.59756e+02    4.89781e+00
      Potential    Kinetic En.   Total Energy  Conserved En.    Temperature
    1.55020e+04    9.93185e+03    2.54338e+04    2.47450e+04    3.04610e+02
 Pres. DC (bar) Pressure (bar)   Constr. rmsd
   -4.42352e+02   -2.46951e+03    4.83997e-07

           Step           Time
         296000      296.00000

   Energies (kJ/mol)
           Bond          Angle    Proper Dih.          LJ-14     Coulomb-14
    3.36053e+03    5.62463e+03    1.36245e+03    1.73731e+03    3.32354e+04
        LJ (SR)  Disper. corr.   Coulomb (SR)   Coul. recip.   COM Pull En.
   -6.66507e+03   -1.18261e+03   -2.24967e+04    5.89915e+02    5.56602e+00
      Potential    Kinetic En.   Total Energy  Conserved En.    Temperature
    1.55714e+04    9.79209e+03    2.53634e+04    2.47487e+04    3.00323e+02
 Pres. DC (bar) Pressure (bar)   Constr. rmsd
   -4.42352e+02   -1.63748e+03    4.78027e-07

           Step           Time
         297000      297.00000

   Energies (kJ/mol)
           Bond          Angle    Proper Dih.          LJ-14     Coulomb-14
    3.05284e+03    5.68257e+03    1.32281e+03    1.71261e+03    3.30958e+04
        LJ (SR)  Disper. corr.   Coulomb (SR)   Coul. recip.   COM Pull En.
   -6.66187e+03   -1.18261e+03   -2.21328e+04    5.52318e+02    2.35865e+00
      Potential    Kinetic En.   Total Energy  Conserved En.    Temperature
    1.54440e+04    9.89631e+03    2.53403e+04    2.47471e+04    3.03520e+02
 Pres. DC (bar) Pressure (bar)   Constr. rmsd
   -4.42352e+02   -5.97413e+01    4.95540e-07

           Step           Time
         298000      298.00000

   Energies (kJ/mol)
           Bond          Angle    Proper Dih.          LJ-14     Coulomb-14
    3.28697e+03    5.82151e+03    1.38343e+03    1.75288e+03    3.33892e+04
        LJ (SR)  Disper. corr.   Coulomb (SR)   Coul. recip.   COM Pull En.
   -6.80836e+03   -1.18261e+03   -2.23901e+04    5.59359e+02    1.51766e+00
      Potential    Kinetic En.   Total Energy  Conserved En.    Temperature
    1.58138e+04    9.88818e+03    2.57019e+04    2.47507e+04    3.03270e+02
 Pres. DC (bar) Pressure (bar)   Constr. rmsd
   -4.42352e+02   -5.17093e+01    5.06259e-07

           Step           Time
         299000      299.00000

   Energies (kJ/mol)
           Bond          Angle    Proper Dih.          LJ-14     Coulomb-14
    3.08103e+03    5.43835e+03    1.35639e+03    1.75030e+03    3.33957e+04
        LJ (SR)  Disper. corr.   Coulomb (SR)   Coul. recip.   COM Pull En.
   -6.80975e+03   -1.18261e+03   -2.22133e+04    5.03058e+02    2.82839e+00
      Potential    Kinetic En.   Total Energy  Conserved En.    Temperature
    1.53220e+04    9.51497e+03    2.48370e+04    2.47462e+04    2.91824e+02
 Pres. DC (bar) Pressure (bar)   Constr. rmsd
   -4.42352e+02   -8.73724e+02    4.93847e-07

           Step           Time
         300000      300.00000

   Energies (kJ/mol)
           Bond          Angle    Proper Dih.          LJ-14     Coulomb-14
    3.25765e+03    5.77960e+03    1.34904e+03    1.75738e+03    3.33473e+04
        LJ (SR)  Disper. corr.   Coulomb (SR)   Coul. recip.   COM Pull En.
   -6.67285e+03   -1.18261e+03   -2.24776e+04    4.99380e+02    1.93197e+00
      Potential    Kinetic En.   Total Energy  Conserved En.    Temperature
    1.56593e+04    9.49763e+03    2.51569e+04    2.47493e+04    2.91292e+02
 Pres. DC (bar) Pressure (bar)   Constr. rmsd
   -4.42352e+02   -1.60993e+03    4.98338e-07

           Step           Time
         301000      301.00000

   Energies (kJ/mol)
           Bond          Angle    Proper Dih.          LJ-14     Coulomb-14
    3.21849e+03    5.79612e+03    1.34608e+03    1.71349e+03    3.30444e+04
        LJ (SR)  Disper. corr.   Coulomb (SR)   Coul. recip.   COM Pull En.
   -6.64358e+03   -1.18261e+03   -2.20401e+04    5.04587e+02    2.19878e+00
      Potential    Kinetic En.   Total Energy  Conserved En.    Temperature
    1.57591e+04    9.73771e+03    2.54968e+04    2.47475e+04    2.98655e+02
 Pres. DC (bar) Pressure (bar)   Constr. rmsd
   -4.42352e+02   -7.55037e+02    4.82234e-07

           Step           Time
         302000      302.00000

   Energies (kJ/mol)
           Bond          Angle    Proper Dih.          LJ-14     Coulomb-14
    3.22493e+03    5.56549e+03    1.37336e+03    1.78312e+03    3.34163e+04
        LJ (SR)  Disper. corr.   Coulomb (SR)   Coul. recip.   COM Pull En.
   -6.79135e+03   -1.18261e+03   -2.23551e+04    5.21453e+02    1.54060e+00
      Potential    Kinetic En.   Total Energy  Conserved En.    Temperature
    1.55572e+04    9.72396e+03    2.52812e+04    2.47450e+04    2.98234e+02
 Pres. DC (bar) Pressure (bar)   Constr. rmsd
   -4.42352e+02   -4.79233e+02    4.99009e-07

           Step           Time
         303000      303.00000

   Energies (kJ/mol)
           Bond          Angle    Proper Dih.          LJ-14     Coulomb-14
    3.13464e+03    5.71840e+03    1.30878e+03    1.68823e+03    3.32136e+04
        LJ (SR)  Disper. corr.   Coulomb (SR)   Coul. recip.   COM Pull En.
   -6.63648e+03   -1.18261e+03   -2.23140e+04    5.22548e+02    1.09732e+00
      Potential    Kinetic En.   Total Energy  Conserved En.    Temperature
    1.54542e+04    9.60207e+03    2.50562e+04    2.47460e+04    2.94495e+02
 Pres. DC (bar) Pressure (bar)   Constr. rmsd
   -4.42352e+02   -3.47051e+02    5.00226e-07

           Step           Time
         304000      304.00000

   Energies (kJ/mol)
           Bond          Angle    Proper Dih.          LJ-14     Coulomb-14
    3.09447e+03    5.75604e+03    1.34862e+03    1.70640e+03    3.33987e+04
        LJ (SR)  Disper. corr.   Coulomb (SR)   Coul. recip.   COM Pull En.
   -6.70284e+03   -1.18261e+03   -2.23553e+04    5.67124e+02    4.22555e+00
      Potential    Kinetic En.   Total Energy  Conserved En.    Temperature
    1.56348e+04    9.89251e+03    2.55273e+04    2.47421e+04    3.03403e+02
 Pres. DC (bar) Pressure (bar)   Constr. rmsd
   -4.42352e+02    1.08912e+03    4.91327e-07

           Step           Time
         305000      305.00000

   Energies (kJ/mol)
           Bond          Angle    Proper Dih.          LJ-14     Coulomb-14
    3.30248e+03    5.71480e+03    1.38355e+03    1.70428e+03    3.27516e+04
        LJ (SR)  Disper. corr.   Coulomb (SR)   Coul. recip.   COM Pull En.
   -6.54332e+03   -1.18261e+03   -2.20984e+04    5.60553e+02    2.78619e+00
      Potential    Kinetic En.   Total Energy  Conserved En.    Temperature
    1.55957e+04    9.78370e+03    2.53794e+04    2.47433e+04    3.00066e+02
 Pres. DC (bar) Pressure (bar)   Constr. rmsd
   -4.42352e+02   -5.99727e+02    5.13349e-07

           Step           Time
         306000      306.00000

   Energies (kJ/mol)
           Bond          Angle    Proper Dih.          LJ-14     Coulomb-14
    3.08365e+03    5.73759e+03    1.36644e+03    1.77093e+03    3.32726e+04
        LJ (SR)  Disper. corr.   Coulomb (SR)   Coul. recip.   COM Pull En.
   -6.60381e+03   -1.18261e+03   -2.24091e+04    5.38202e+02    3.00501e+00
      Potential    Kinetic En.   Total Energy  Conserved En.    Temperature
    1.55769e+04    9.86017e+03    2.54371e+04    2.47414e+04    3.02411e+02
 Pres. DC (bar) Pressure (bar)   Constr. rmsd
   -4.42352e+02   -7.55277e+01    4.97702e-07

           Step           Time
         307000      307.00000

   Energies (kJ/mol)
           Bond          Angle    Proper Dih.          LJ-14     Coulomb-14
    3.18343e+03    5.67797e+03    1.36674e+03    1.68845e+03    3.30051e+04
        LJ (SR)  Disper. corr.   Coulomb (SR)   Coul. recip.   COM Pull En.
   -6.59596e+03   -1.18261e+03   -2.22834e+04    5.07979e+02    2.93781e+00
      Potential    Kinetic En.   Total Energy  Conserved En.    Temperature
    1.53707e+04    9.42415e+03    2.47948e+04    2.47454e+04    2.89039e+02
 Pres. DC (bar) Pressure (bar)   Constr. rmsd
   -4.42352e+02   -1.45541e+03    4.67556e-07

           Step           Time
         308000      308.00000

   Energies (kJ/mol)
           Bond          Angle    Proper Dih.          LJ-14     Coulomb-14
    3.12043e+03    5.55841e+03    1.37136e+03    1.78220e+03    3.31979e+04
        LJ (SR)  Disper. corr.   Coulomb (SR)   Coul. recip.   COM Pull En.
   -6.57702e+03   -1.18261e+03   -2.21822e+04    5.36226e+02    1.87824e+00
      Potential    Kinetic En.   Total Energy  Conserved En.    Temperature
    1.56265e+04    9.78169e+03    2.54082e+04    2.47411e+04    3.00004e+02
 Pres. DC (bar) Pressure (bar)   Constr. rmsd
   -4.42352e+02    2.66514e+02    5.15620e-07

           Step           Time
         309000      309.00000

   Energies (kJ/mol)
           Bond          Angle    Proper Dih.          LJ-14     Coulomb-14
    3.32545e+03    5.49233e+03    1.37778e+03    1.70221e+03    3.31766e+04
        LJ (SR)  Disper. corr.   Coulomb (SR)   Coul. recip.   COM Pull En.
   -6.74829e+03   -1.18261e+03   -2.21541e+04    5.34574e+02    5.38715e+00
      Potential    Kinetic En.   Total Energy  Conserved En.    Temperature
    1.55294e+04    9.73439e+03    2.52638e+04    2.47424e+04    2.98554e+02
 Pres. DC (bar) Pressure (bar)   Constr. rmsd
   -4.42352e+02   -5.61758e+02    4.88474e-07

           Step           Time
         310000      310.00000

   Energies (kJ/mol)
           Bond          Angle    Proper Dih.          LJ-14     Coulomb-14
    3.09601e+03    5.74173e+03    1.39411e+03    1.74578e+03    3.30951e+04
        LJ (SR)  Disper. corr.   Coulomb (SR)   Coul. recip.   COM Pull En.
   -6.64783e+03   -1.18261e+03   -2.20654e+04    5.25352e+02    2.98119e+00
      Potential    Kinetic En.   Total Energy  Conserved En.    Temperature
    1.57052e+04    9.89644e+03    2.56016e+04    2.47427e+04    3.03524e+02
 Pres. DC (bar) Pressure (bar)   Constr. rmsd
   -4.42352e+02   -4.35123e+02    4.86802e-07

           Step           Time
         311000      311.00000

   Energies (kJ/mol)
           Bond          Angle    Proper Dih.          LJ-14     Coulomb-14
    3.35903e+03    5.64220e+03    1.33518e+03    1.73641e+03    3.30024e+04
        LJ (SR)  Disper. corr.   Coulomb (SR)   Coul. recip.   COM Pull En.
   -6.55309e+03   -1.18261e+03   -2.20349e+04    5.29802e+02    2.34827e+00
      Potential    Kinetic En.   Total Energy  Conserved En.    Temperature
    1.58368e+04    9.64782e+03    2.54846e+04    2.47435e+04    2.95898e+02
 Pres. DC (bar) Pressure (bar)   Constr. rmsd
   -4.42352e+02   -1.57419e+02    4.87512e-07

           Step           Time
         312000      312.00000

   Energies (kJ/mol)
           Bond          Angle    Proper Dih.          LJ-14     Coulomb-14
    3.35874e+03    5.54765e+03    1.33544e+03    1.73468e+03    3.32906e+04
        LJ (SR)  Disper. corr.   Coulomb (SR)   Coul. recip.   COM Pull En.
   -6.52019e+03   -1.18261e+03   -2.22817e+04    5.26746e+02    1.20642e+00
      Potential    Kinetic En.   Total Energy  Conserved En.    Temperature
    1.58105e+04    9.69185e+03    2.55024e+04    2.47436e+04    2.97249e+02
 Pres. DC (bar) Pressure (bar)   Constr. rmsd
   -4.42352e+02    6.57313e+01    4.80298e-07

           Step           Time
         313000      313.00000

   Energies (kJ/mol)
           Bond          Angle    Proper Dih.          LJ-14     Coulomb-14
    3.15204e+03    5.80403e+03    1.35406e+03    1.73814e+03    3.34771e+04
        LJ (SR)  Disper. corr.   Coulomb (SR)   Coul. recip.   COM Pull En.
   -6.70692e+03   -1.18261e+03   -2.23841e+04    5.36253e+02    6.38959e+00
      Potential    Kinetic En.   Total Energy  Conserved En.    Temperature
    1.57943e+04    9.84736e+03    2.56417e+04    2.47414e+04    3.02018e+02
 Pres. DC (bar) Pressure (bar)   Constr. rmsd
   -4.42352e+02   -1.96813e+02    4.95635e-07

           Step           Time
         314000      314.00000

   Energies (kJ/mol)
           Bond          Angle    Proper Dih.          LJ-14     Coulomb-14
    3.17269e+03    5.67937e+03    1.39811e+03    1.73407e+03    3.29686e+04
        LJ (SR)  Disper. corr.   Coulomb (SR)   Coul. recip.   COM Pull En.
   -6.58410e+03   -1.18261e+03   -2.20642e+04    5.49960e+02    1.61183e+00
      Potential    Kinetic En.   Total Energy  Conserved En.    Temperature
    1.56735e+04    9.56419e+03    2.52377e+04    2.47399e+04    2.93333e+02
 Pres. DC (bar) Pressure (bar)   Constr. rmsd
   -4.42352e+02   -3.07877e+02    4.98097e-07

           Step           Time
         315000      315.00000

   Energies (kJ/mol)
           Bond          Angle    Proper Dih.          LJ-14     Coulomb-14
    3.13484e+03    5.63852e+03    1.38717e+03    1.81603e+03    3.31118e+04
        LJ (SR)  Disper. corr.   Coulomb (SR)   Coul. recip.   COM Pull En.
   -6.50591e+03   -1.18261e+03   -2.22629e+04    5.41845e+02    3.96618e+00
      Potential    Kinetic En.   Total Energy  Conserved En.    Temperature
    1.56827e+04    9.56990e+03    2.52526e+04    2.47406e+04    2.93509e+02
 Pres. DC (bar) Pressure (bar)   Constr. rmsd
   -4.42352e+02    9.09672e+02    5.14234e-07

           Step           Time
         316000      316.00000

   Energies (kJ/mol)
           Bond          Angle    Proper Dih.          LJ-14     Coulomb-14
    3.11806e+03    5.81771e+03    1.39408e+03    1.73255e+03    3.31747e+04
        LJ (SR)  Disper. corr.   Coulomb (SR)   Coul. recip.   COM Pull En.
   -6.58378e+03   -1.18261e+03   -2.21531e+04    5.21639e+02    2.14027e+00
      Potential    Kinetic En.   Total Energy  Conserved En.    Temperature
    1.58414e+04    9.89658e+03    2.57380e+04    2.47392e+04    3.03528e+02
 Pres. DC (bar) Pressure (bar)   Constr. rmsd
   -4.42352e+02    5.18781e+02    4.88251e-07

           Step           Time
         317000      317.00000

   Energies (kJ/mol)
           Bond          Angle    Proper Dih.          LJ-14     Coulomb-14
    3.03924e+03    5.72244e+03    1.33014e+03    1.70652e+03    3.32201e+04
        LJ (SR)  Disper. corr.   Coulomb (SR)   Coul. recip.   COM Pull En.
   -6.54708e+03   -1.18261e+03   -2.22405e+04    5.22633e+02    4.66723e+00
      Potential    Kinetic En.   Total Energy  Conserved En.    Temperature
    1.55756e+04    9.89945e+03    2.54750e+04    2.47368e+04    3.03616e+02
 Pres. DC (bar) Pressure (bar)   Constr. rmsd
   -4.42352e+02    9.97521e+02    5.30355e-07

           Step           Time
         318000      318.00000

   Energies (kJ/mol)
           Bond          Angle    Proper Dih.          LJ-14     Coulomb-14
    3.21053e+03    5.63451e+03    1.31063e+03    1.69024e+03    3.33873e+04
        LJ (SR)  Disper. corr.   Coulomb (SR)   Coul. recip.   COM Pull En.
   -6.62904e+03   -1.18261e+03   -2.23103e+04    5.33001e+02    4.75027e+00
      Potential    Kinetic En.   Total Energy  Conserved En.    Temperature
    1.56490e+04    9.68923e+03    2.53382e+04    2.47381e+04    2.97169e+02
 Pres. DC (bar) Pressure (bar)   Constr. rmsd
   -4.42352e+02   -1.29897e+02    5.02976e-07

           Step           Time
         319000      319.00000

   Energies (kJ/mol)
           Bond          Angle    Proper Dih.          LJ-14     Coulomb-14
    3.25249e+03    5.74278e+03    1.35372e+03    1.69716e+03    3.30792e+04
        LJ (SR)  Disper. corr.   Coulomb (SR)   Coul. recip.   COM Pull En.
   -6.66517e+03   -1.18261e+03   -2.21475e+04    5.35600e+02    3.42973e+00
      Potential    Kinetic En.   Total Energy  Conserved En.    Temperature
    1.56691e+04    9.92198e+03    2.55911e+04    2.47380e+04    3.04307e+02
 Pres. DC (bar) Pressure (bar)   Constr. rmsd
   -4.42352e+02   -2.11903e+02    5.10547e-07

           Step           Time
         320000      320.00000

   Energies (kJ/mol)
           Bond          Angle    Proper Dih.          LJ-14     Coulomb-14
    3.10494e+03    5.89414e+03    1.33236e+03    1.67022e+03    3.30567e+04
        LJ (SR)  Disper. corr.   Coulomb (SR)   Coul. recip.   COM Pull En.
   -6.68936e+03   -1.18261e+03   -2.21560e+04    5.08720e+02    2.05996e+00
      Potential    Kinetic En.   Total Energy  Conserved En.    Temperature
    1.55412e+04    9.74558e+03    2.52868e+04    2.47379e+04    2.98897e+02
 Pres. DC (bar) Pressure (bar)   Constr. rmsd
   -4.42352e+02    4.31679e+02    5.03808e-07

           Step           Time
         321000      321.00000

   Energies (kJ/mol)
           Bond          Angle    Proper Dih.          LJ-14     Coulomb-14
    3.21507e+03    5.50465e+03    1.32670e+03    1.68687e+03    3.30026e+04
        LJ (SR)  Disper. corr.   Coulomb (SR)   Coul. recip.   COM Pull En.
   -6.69542e+03   -1.18261e+03   -2.22281e+04    5.34319e+02    2.67221e+00
      Potential    Kinetic En.   Total Energy  Conserved En.    Temperature
    1.51667e+04    9.71927e+03    2.48860e+04    2.47391e+04    2.98090e+02
 Pres. DC (bar) Pressure (bar)   Constr. rmsd
   -4.42352e+02   -5.54560e+02    5.11857e-07

           Step           Time
         322000      322.00000

   Energies (kJ/mol)
           Bond          Angle    Proper Dih.          LJ-14     Coulomb-14
    3.11723e+03    5.85573e+03    1.36507e+03    1.71097e+03    3.29661e+04
        LJ (SR)  Disper. corr.   Coulomb (SR)   Coul. recip.   COM Pull En.
   -6.84275e+03   -1.18261e+03   -2.20548e+04    5.43763e+02    2.12278e+00
      Potential    Kinetic En.   Total Energy  Conserved En.    Temperature
    1.54808e+04    9.88094e+03    2.53618e+04    2.47382e+04    3.03048e+02
 Pres. DC (bar) Pressure (bar)   Constr. rmsd
   -4.42352e+02   -6.67757e+02    5.24183e-07

           Step           Time
         323000      323.00000

   Energies (kJ/mol)
           Bond          Angle    Proper Dih.          LJ-14     Coulomb-14
    3.24589e+03    5.76066e+03    1.39178e+03    1.74362e+03    3.29092e+04
        LJ (SR)  Disper. corr.   Coulomb (SR)   Coul. recip.   COM Pull En.
   -6.75665e+03   -1.18261e+03   -2.20751e+04    5.37574e+02    1.63570e+00
      Potential    Kinetic En.   Total Energy  Conserved En.    Temperature
    1.55760e+04    9.73400e+03    2.53100e+04    2.47385e+04    2.98542e+02
 Pres. DC (bar) Pressure (bar)   Constr. rmsd
   -4.42352e+02   -3.99461e+02    4.91342e-07

           Step           Time
         324000      324.00000

   Energies (kJ/mol)
           Bond          Angle    Proper Dih.          LJ-14     Coulomb-14
    3.16176e+03    5.45105e+03    1.34264e+03    1.70538e+03    3.32340e+04
        LJ (SR)  Disper. corr.   Coulomb (SR)   Coul. recip.   COM Pull En.
   -6.71759e+03   -1.18261e+03   -2.23481e+04    5.55601e+02    1.26955e+00
      Potential    Kinetic En.   Total Energy  Conserved En.    Temperature
    1.52034e+04    9.58290e+03    2.47863e+04    2.47350e+04    2.93907e+02
 Pres. DC (bar) Pressure (bar)   Constr. rmsd
   -4.42352e+02   -1.02181e+03    4.91083e-07

           Step           Time
         325000      325.00000

   Energies (kJ/mol)
           Bond          Angle    Proper Dih.          LJ-14     Coulomb-14
    3.21652e+03    5.90917e+03    1.38876e+03    1.71543e+03    3.32046e+04
        LJ (SR)  Disper. corr.   Coulomb (SR)   Coul. recip.   COM Pull En.
   -6.61244e+03   -1.18261e+03   -2.23530e+04    5.68741e+02    2.91984e-01
      Potential    Kinetic En.   Total Energy  Conserved En.    Temperature
    1.58555e+04    9.64918e+03    2.55047e+04    2.47397e+04    2.95940e+02
 Pres. DC (bar) Pressure (bar)   Constr. rmsd
   -4.42352e+02    1.09015e+02    4.89293e-07

           Step           Time
         326000      326.00000

   Energies (kJ/mol)
           Bond          Angle    Proper Dih.          LJ-14     Coulomb-14
    3.24552e+03    5.56624e+03    1.35979e+03    1.69041e+03    3.30723e+04
        LJ (SR)  Disper. corr.   Coulomb (SR)   Coul. recip.   COM Pull En.
   -6.62237e+03   -1.18261e+03   -2.22541e+04    5.73411e+02    1.43959e+00
      Potential    Kinetic En.   Total Energy  Conserved En.    Temperature
    1.54501e+04    9.67128e+03    2.51214e+04    2.47363e+04    2.96618e+02
 Pres. DC (bar) Pressure (bar)   Constr. rmsd
   -4.42352e+02   -2.20914e+02    4.59752e-07

           Step           Time
         327000      327.00000

   Energies (kJ/mol)
           Bond          Angle    Proper Dih.          LJ-14     Coulomb-14
    3.18811e+03    5.32230e+03    1.35662e+03    1.72542e+03    3.32078e+04
        LJ (SR)  Disper. corr.   Coulomb (SR)   Coul. recip.   COM Pull En.
   -6.61000e+03   -1.18261e+03   -2.22292e+04    5.33009e+02    4.20255e+00
      Potential    Kinetic En.   Total Energy  Conserved En.    Temperature
    1.53157e+04    9.55449e+03    2.48702e+04    2.47345e+04    2.93036e+02
 Pres. DC (bar) Pressure (bar)   Constr. rmsd
   -4.42352e+02   -1.23365e+02    4.99250e-07

           Step           Time
         328000      328.00000

   Energies (kJ/mol)
           Bond          Angle    Proper Dih.          LJ-14     Coulomb-14
    3.35342e+03    5.71815e+03    1.34372e+03    1.64770e+03    3.30450e+04
        LJ (SR)  Disper. corr.   Coulomb (SR)   Coul. recip.   COM Pull En.
   -6.77167e+03   -1.18261e+03   -2.21170e+04    5.52756e+02    2.79711e+00
      Potential    Kinetic En.   Total Energy  Conserved En.    Temperature
    1.55923e+04    9.47162e+03    2.50639e+04    2.47393e+04    2.90494e+02
 Pres. DC (bar) Pressure (bar)   Constr. rmsd
   -4.42352e+02   -1.27882e+03    4.84621e-07

           Step           Time
         329000      329.00000

   Energies (kJ/mol)
           Bond          Angle    Proper Dih.          LJ-14     Coulomb-14
    3.27035e+03    5.31207e+03    1.31028e+03    1.68732e+03    3.33881e+04
        LJ (SR)  Disper. corr.   Coulomb (SR)   Coul. recip.   COM Pull En.
   -6.62459e+03   -1.18261e+03   -2.23161e+04    5.31583e+02    2.34260e+00
      Potential    Kinetic En.   Total Energy  Conserved En.    Temperature
    1.53787e+04    9.96956e+03    2.53482e+04    2.47327e+04    3.05766e+02
 Pres. DC (bar) Pressure (bar)   Constr. rmsd
   -4.42352e+02   -4.96512e+02    5.16262e-07

Writing checkpoint, step 329900 at Tue Oct  6 09:05:05 2026


           Step           Time
         330000      330.00000

   Energies (kJ/mol)
           Bond          Angle    Proper Dih.          LJ-14     Coulomb-14
    3.15067e+03    5.72488e+03    1.34986e+03    1.74615e+03    3.30503e+04
        LJ (SR)  Disper. corr.   Coulomb (SR)   Coul. recip.   COM Pull En.
   -6.73590e+03   -1.18261e+03   -2.21224e+04    5.52455e+02    2.21133e+00
      Potential    Kinetic En.   Total Energy  Conserved En.    Temperature
    1.55356e+04    9.51587e+03    2.50515e+04    2.47372e+04    2.91852e+02
 Pres. DC (bar) Pressure (bar)   Constr. rmsd
   -4.42352e+02   -2.09839e+02    5.22318e-07

           Step           Time
         331000      331.00000

   Energies (kJ/mol)
           Bond          Angle    Proper Dih.          LJ-14     Coulomb-14
    3.17714e+03    5.69317e+03    1.35796e+03    1.74020e+03    3.31900e+04
        LJ (SR)  Disper. corr.   Coulomb (SR)   Coul. recip.   COM Pull En.
   -6.78955e+03   -1.18261e+03   -2.22062e+04    5.65880e+02    7.93317e-01
      Potential    Kinetic En.   Total Energy  Conserved En.    Temperature
    1.55468e+04    9.40336e+03    2.49501e+04    2.47387e+04    2.88401e+02
 Pres. DC (bar) Pressure (bar)   Constr. rmsd
   -4.42352e+02    4.21008e+02    4.99600e-07

           Step           Time
         332000      332.00000

   Energies (kJ/mol)
           Bond          Angle    Proper Dih.          LJ-14     Coulomb-14
    3.32704e+03    5.78811e+03    1.36814e+03    1.68376e+03    3.28398e+04
        LJ (SR)  Disper. corr.   Coulomb (SR)   Coul. recip.   COM Pull En.
   -6.69386e+03   -1.18261e+03   -2.21242e+04    5.42748e+02    2.34518e+00
      Potential    Kinetic En.   Total Energy  Conserved En.    Temperature
    1.55512e+04    9.96603e+03    2.55173e+04    2.47318e+04    3.05658e+02
 Pres. DC (bar) Pressure (bar)   Constr. rmsd
   -4.42352e+02   -9.74412e+02    4.72011e-07

           Step           Time
         333000      333.00000

   Energies (kJ/mol)
           Bond          Angle    Proper Dih.          LJ-14     Coulomb-14
    3.10260e+03    5.73098e+03    1.35017e+03    1.67963e+03    3.32924e+04
        LJ (SR)  Disper. corr.   Coulomb (SR)   Coul. recip.   COM Pull En.
   -6.71879e+03   -1.18261e+03   -2.23168e+04    5.49173e+02    3.79152e+00
      Potential    Kinetic En.   Total Energy  Conserved En.    Temperature
    1.54906e+04    9.80588e+03    2.52965e+04    2.47324e+04    3.00746e+02
 Pres. DC (bar) Pressure (bar)   Constr. rmsd
   -4.42352e+02   -3.32672e+02    4.76364e-07

           Step           Time
         334000      334.00000

   Energies (kJ/mol)
           Bond          Angle    Proper Dih.          LJ-14     Coulomb-14
    3.23552e+03    5.51516e+03    1.41240e+03    1.80333e+03    3.29824e+04
        LJ (SR)  Disper. corr.   Coulomb (SR)   Coul. recip.   COM Pull En.
   -6.56712e+03   -1.18261e+03   -2.20237e+04    5.64312e+02    3.79036e+00
      Potential    Kinetic En.   Total Energy  Conserved En.    Temperature
    1.57435e+04    9.97749e+03    2.57210e+04    2.47322e+04    3.06009e+02
 Pres. DC (bar) Pressure (bar)   Constr. rmsd
   -4.42352e+02    7.33441e+02    4.81955e-07

           Step           Time
         335000      335.00000

   Energies (kJ/mol)
           Bond          Angle    Proper Dih.          LJ-14     Coulomb-14
    3.11752e+03    5.82834e+03    1.31737e+03    1.73787e+03    3.32009e+04
        LJ (SR)  Disper. corr.   Coulomb (SR)   Coul. recip.   COM Pull En.
   -6.63939e+03   -1.18261e+03   -2.21525e+04    5.65178e+02    3.24866e+00
      Potential    Kinetic En.   Total Energy  Conserved En.    Temperature
    1.57959e+04    9.77784e+03    2.55738e+04    2.47357e+04    2.99886e+02
 Pres. DC (bar) Pressure (bar)   Constr. rmsd
   -4.42352e+02    6.95097e+02    4.90668e-07

           Step           Time
         336000      336.00000

   Energies (kJ/mol)
           Bond          Angle    Proper Dih.          LJ-14     Coulomb-14
    3.17101e+03    5.67745e+03    1.34751e+03    1.64397e+03    3.29940e+04
        LJ (SR)  Disper. corr.   Coulomb (SR)   Coul. recip.   COM Pull En.
   -6.68976e+03   -1.18261e+03   -2.20876e+04    5.63929e+02    3.45840e+00
      Potential    Kinetic En.   Total Energy  Conserved En.    Temperature
    1.54414e+04    9.61029e+03    2.50517e+04    2.47337e+04    2.94747e+02
 Pres. DC (bar) Pressure (bar)   Constr. rmsd
   -4.42352e+02   -4.69833e+02    4.78605e-07

           Step           Time
         337000      337.00000

   Energies (kJ/mol)
           Bond          Angle    Proper Dih.          LJ-14     Coulomb-14
    3.05136e+03    5.75806e+03    1.36820e+03    1.71271e+03    3.30415e+04
        LJ (SR)  Disper. corr.   Coulomb (SR)   Coul. recip.   COM Pull En.
   -6.61086e+03   -1.18261e+03   -2.21484e+04    5.61006e+02    2.67060e+00
      Potential    Kinetic En.   Total Energy  Conserved En.    Temperature
    1.55537e+04    9.69995e+03    2.52536e+04    2.47314e+04    2.97497e+02
 Pres. DC (bar) Pressure (bar)   Constr. rmsd
   -4.42352e+02    5.76848e+02    4.82981e-07

           Step           Time
         338000      338.00000

   Energies (kJ/mol)
           Bond          Angle    Proper Dih.          LJ-14     Coulomb-14
    3.11829e+03    5.56522e+03    1.34847e+03    1.69955e+03    3.29452e+04
        LJ (SR)  Disper. corr.   Coulomb (SR)   Coul. recip.   COM Pull En.
   -6.67268e+03   -1.18261e+03   -2.20230e+04    5.69129e+02    2.95809e+00
      Potential    Kinetic En.   Total Energy  Conserved En.    Temperature
    1.53705e+04    9.51987e+03    2.48904e+04    2.47309e+04    2.91974e+02
 Pres. DC (bar) Pressure (bar)   Constr. rmsd
   -4.42352e+02   -4.06613e+02    4.85664e-07

           Step           Time
         339000      339.00000

   Energies (kJ/mol)
           Bond          Angle    Proper Dih.          LJ-14     Coulomb-14
    3.29426e+03    5.50913e+03    1.33534e+03    1.69846e+03    3.31545e+04
        LJ (SR)  Disper. corr.   Coulomb (SR)   Coul. recip.   COM Pull En.
   -6.72133e+03   -1.18261e+03   -2.22709e+04    5.58120e+02    1.65420e+00
      Potential    Kinetic En.   Total Energy  Conserved En.    Temperature
    1.53766e+04    9.86088e+03    2.52375e+04    2.47315e+04    3.02433e+02
 Pres. DC (bar) Pressure (bar)   Constr. rmsd
   -4.42352e+02    1.94954e+02    5.24231e-07

           Step           Time
         340000      340.00000

   Energies (kJ/mol)
           Bond          Angle    Proper Dih.          LJ-14     Coulomb-14
    3.16059e+03    5.81818e+03    1.37439e+03    1.75257e+03    3.32750e+04
        LJ (SR)  Disper. corr.   Coulomb (SR)   Coul. recip.   COM Pull En.
   -6.72181e+03   -1.18261e+03   -2.22303e+04    5.47581e+02    3.38369e+00
      Potential    Kinetic En.   Total Energy  Conserved En.    Temperature
    1.57970e+04    9.40866e+03    2.52056e+04    2.47334e+04    2.88563e+02
 Pres. DC (bar) Pressure (bar)   Constr. rmsd
   -4.42352e+02    1.74094e+02    5.03287e-07

           Step           Time
         341000      341.00000

   Energies (kJ/mol)
           Bond          Angle    Proper Dih.          LJ-14     Coulomb-14
    3.05144e+03    5.55567e+03    1.35118e+03    1.74380e+03    3.30551e+04
        LJ (SR)  Disper. corr.   Coulomb (SR)   Coul. recip.   COM Pull En.
   -6.57127e+03   -1.18261e+03   -2.19932e+04    5.37352e+02    5.99447e+00
      Potential    Kinetic En.   Total Energy  Conserved En.    Temperature
    1.55534e+04    9.89113e+03    2.54446e+04    2.47294e+04    3.03361e+02
 Pres. DC (bar) Pressure (bar)   Constr. rmsd
   -4.42352e+02   -2.35897e+02    5.16459e-07

           Step           Time
         342000      342.00000

   Energies (kJ/mol)
           Bond          Angle    Proper Dih.          LJ-14     Coulomb-14
    3.26165e+03    5.46738e+03    1.33378e+03    1.70675e+03    3.31410e+04
        LJ (SR)  Disper. corr.   Coulomb (SR)   Coul. recip.   COM Pull En.
   -6.50662e+03   -1.18261e+03   -2.20495e+04    5.46880e+02    4.73511e+00
      Potential    Kinetic En.   Total Energy  Conserved En.    Temperature
    1.57235e+04    9.45934e+03    2.51828e+04    2.47295e+04    2.90118e+02
 Pres. DC (bar) Pressure (bar)   Constr. rmsd
   -4.42352e+02   -1.55176e+03    5.00088e-07

           Step           Time
         343000      343.00000

   Energies (kJ/mol)
           Bond          Angle    Proper Dih.          LJ-14     Coulomb-14
    3.01726e+03    5.77706e+03    1.37939e+03    1.66795e+03    3.29630e+04
        LJ (SR)  Disper. corr.   Coulomb (SR)   Coul. recip.   COM Pull En.
   -6.51439e+03   -1.18261e+03   -2.21547e+04    5.16923e+02    3.14976e+00
      Potential    Kinetic En.   Total Energy  Conserved En.    Temperature
    1.54730e+04    9.79796e+03    2.52710e+04    2.47277e+04    3.00503e+02
 Pres. DC (bar) Pressure (bar)   Constr. rmsd
   -4.42352e+02   -1.51083e+03    5.21942e-07

           Step           Time
         344000      344.00000

   Energies (kJ/mol)
           Bond          Angle    Proper Dih.          LJ-14     Coulomb-14
    3.20426e+03    5.59781e+03    1.34329e+03    1.68754e+03    3.27708e+04
        LJ (SR)  Disper. corr.   Coulomb (SR)   Coul. recip.   COM Pull En.
   -6.46342e+03   -1.18261e+03   -2.19888e+04    5.56697e+02    4.43394e+00
      Potential    Kinetic En.   Total Energy  Conserved En.    Temperature
    1.55300e+04    9.69832e+03    2.52283e+04    2.47294e+04    2.97447e+02
 Pres. DC (bar) Pressure (bar)   Constr. rmsd
   -4.42352e+02   -5.90856e+02    4.92282e-07

           Step           Time
         345000      345.00000

   Energies (kJ/mol)
           Bond          Angle    Proper Dih.          LJ-14     Coulomb-14
    3.14143e+03    5.53289e+03    1.34624e+03    1.65375e+03    3.29065e+04
        LJ (SR)  Disper. corr.   Coulomb (SR)   Coul. recip.   COM Pull En.
   -6.67054e+03   -1.18261e+03   -2.19691e+04    5.51096e+02    4.02530e+00
      Potential    Kinetic En.   Total Energy  Conserved En.    Temperature
    1.53137e+04    9.47566e+03    2.47893e+04    2.47298e+04    2.90618e+02
 Pres. DC (bar) Pressure (bar)   Constr. rmsd
   -4.42352e+02   -9.15192e+02    4.97848e-07

           Step           Time
         346000      346.00000

   Energies (kJ/mol)
           Bond          Angle    Proper Dih.          LJ-14     Coulomb-14
    3.11457e+03    5.55869e+03    1.34022e+03    1.74888e+03    3.33204e+04
        LJ (SR)  Disper. corr.   Coulomb (SR)   Coul. recip.   COM Pull En.
   -6.55098e+03   -1.18261e+03   -2.23672e+04    5.29416e+02    1.55390e+00
      Potential    Kinetic En.   Total Energy  Conserved En.    Temperature
    1.55130e+04    9.82388e+03    2.53368e+04    2.47283e+04    3.01298e+02
 Pres. DC (bar) Pressure (bar)   Constr. rmsd
   -4.42352e+02   -2.99004e+02    5.13767e-07

           Step           Time
         347000      347.00000

   Energies (kJ/mol)
           Bond          Angle    Proper Dih.          LJ-14     Coulomb-14
    3.15610e+03    5.59540e+03    1.34786e+03    1.69725e+03    3.31104e+04
        LJ (SR)  Disper. corr.   Coulomb (SR)   Coul. recip.   COM Pull En.
   -6.72050e+03   -1.18261e+03   -2.21161e+04    5.56091e+02    2.45487e+00
      Potential    Kinetic En.   Total Energy  Conserved En.    Temperature
    1.54463e+04    9.77476e+03    2.52211e+04    2.47285e+04    2.99792e+02
 Pres. DC (bar) Pressure (bar)   Constr. rmsd
   -4.42352e+02   -1.17451e+02    5.10932e-07

           Step           Time
         348000      348.00000

   Energies (kJ/mol)
           Bond          Angle    Proper Dih.          LJ-14     Coulomb-14
    3.08022e+03    5.58161e+03    1.33272e+03    1.69825e+03    3.31241e+04
        LJ (SR)  Disper. corr.   Coulomb (SR)   Coul. recip.   COM Pull En.
   -6.83314e+03   -1.18261e+03   -2.19435e+04    5.69223e+02    2.42364e+00
      Potential    Kinetic En.   Total Energy  Conserved En.    Temperature
    1.54293e+04    9.45527e+03    2.48846e+04    2.47267e+04    2.89993e+02
 Pres. DC (bar) Pressure (bar)   Constr. rmsd
   -4.42352e+02    6.01356e+02    4.85049e-07

           Step           Time
         349000      349.00000

   Energies (kJ/mol)
           Bond          Angle    Proper Dih.          LJ-14     Coulomb-14
    3.04100e+03    5.58188e+03    1.37646e+03    1.72404e+03    3.28292e+04
        LJ (SR)  Disper. corr.   Coulomb (SR)   Coul. recip.   COM Pull En.
   -6.79880e+03   -1.18261e+03   -2.18606e+04    5.39930e+02    3.57841e+00
      Potential    Kinetic En.   Total Energy  Conserved En.    Temperature
    1.52541e+04    9.70373e+03    2.49578e+04    2.47258e+04    2.97613e+02
 Pres. DC (bar) Pressure (bar)   Constr. rmsd
   -4.42352e+02   -2.56793e+02    4.73966e-07

           Step           Time
         350000      350.00000

   Energies (kJ/mol)
           Bond          Angle    Proper Dih.          LJ-14     Coulomb-14
    3.14741e+03    5.53196e+03    1.39169e+03    1.69610e+03    3.28072e+04
        LJ (SR)  Disper. corr.   Coulomb (SR)   Coul. recip.   COM Pull En.
   -6.67693e+03   -1.18261e+03   -2.18139e+04    5.32441e+02    2.71111e+00
      Potential    Kinetic En.   Total Energy  Conserved En.    Temperature
    1.54362e+04    9.55067e+03    2.49868e+04    2.47268e+04    2.92919e+02
 Pres. DC (bar) Pressure (bar)   Constr. rmsd
   -4.42352e+02   -1.52885e+02    4.88221e-07

           Step           Time
         351000      351.00000

   Energies (kJ/mol)
           Bond          Angle    Proper Dih.          LJ-14     Coulomb-14
    3.18728e+03    5.55561e+03    1.37171e+03    1.72374e+03    3.28381e+04
        LJ (SR)  Disper. corr.   Coulomb (SR)   Coul. recip.   COM Pull En.
   -6.77835e+03   -1.18261e+03   -2.19789e+04    5.48528e+02    4.46545e+00
      Potential    Kinetic En.   Total Energy  Conserved En.    Temperature
    1.52896e+04    9.77378e+03    2.50634e+04    2.47261e+04    2.99762e+02
 Pres. DC (bar) Pressure (bar)   Constr. rmsd
   -4.42352e+02   -5.84967e+02    4.60883e-07

           Step           Time
         352000      352.00000

   Energies (kJ/mol)
           Bond          Angle    Proper Dih.          LJ-14     Coulomb-14
    3.04854e+03    5.52894e+03    1.34233e+03    1.76344e+03    3.33414e+04
        LJ (SR)  Disper. corr.   Coulomb (SR)   Coul. recip.   COM Pull En.
   -6.64869e+03   -1.18261e+03   -2.23895e+04    5.68256e+02    2.46506e+00
      Potential    Kinetic En.   Total Energy  Conserved En.    Temperature
    1.53746e+04    9.75250e+03    2.51271e+04    2.47251e+04    2.99109e+02
 Pres. DC (bar) Pressure (bar)   Constr. rmsd
   -4.42352e+02    5.13783e+02    5.08719e-07

           Step           Time
         353000      353.00000

   Energies (kJ/mol)
           Bond          Angle    Proper Dih.          LJ-14     Coulomb-14
    3.10946e+03    5.82980e+03    1.38808e+03    1.69350e+03    3.30064e+04
        LJ (SR)  Disper. corr.   Coulomb (SR)   Coul. recip.   COM Pull En.
   -6.70785e+03   -1.18261e+03   -2.21203e+04    5.37052e+02    1.21576e+00
      Potential    Kinetic En.   Total Energy  Conserved En.    Temperature
    1.55547e+04    9.94593e+03    2.55006e+04    2.47231e+04    3.05041e+02
 Pres. DC (bar) Pressure (bar)   Constr. rmsd
   -4.42352e+02    1.49854e+02    4.82008e-07

           Step           Time
         354000      354.00000

   Energies (kJ/mol)
           Bond          Angle    Proper Dih.          LJ-14     Coulomb-14
    3.07966e+03    5.67285e+03    1.37289e+03    1.66866e+03    3.33269e+04
        LJ (SR)  Disper. corr.   Coulomb (SR)   Coul. recip.   COM Pull En.
   -6.72006e+03   -1.18261e+03   -2.23657e+04    5.51001e+02    2.37676e+00
      Potential    Kinetic En.   Total Energy  Conserved En.    Temperature
    1.54060e+04    9.74647e+03    2.51524e+04    2.47268e+04    2.98924e+02
 Pres. DC (bar) Pressure (bar)   Constr. rmsd
   -4.42352e+02   -8.99632e+02    4.95150e-07

           Step           Time
         355000      355.00000

   Energies (kJ/mol)
           Bond          Angle    Proper Dih.          LJ-14     Coulomb-14
    3.23937e+03    5.67167e+03    1.38205e+03    1.71220e+03    3.31618e+04
        LJ (SR)  Disper. corr.   Coulomb (SR)   Coul. recip.   COM Pull En.
   -6.74614e+03   -1.18261e+03   -2.21239e+04    5.70006e+02    4.33923e+00
      Potential    Kinetic En.   Total Energy  Conserved En.    Temperature
    1.56888e+04    9.66035e+03    2.53491e+04    2.47236e+04    2.96283e+02
 Pres. DC (bar) Pressure (bar)   Constr. rmsd
   -4.42352e+02   -1.89640e+03    5.04068e-07

           Step           Time
         356000      356.00000

   Energies (kJ/mol)
           Bond          Angle    Proper Dih.          LJ-14     Coulomb-14
    3.30033e+03    5.27658e+03    1.37342e+03    1.69839e+03    3.32748e+04
        LJ (SR)  Disper. corr.   Coulomb (SR)   Coul. recip.   COM Pull En.
   -6.80041e+03   -1.18261e+03   -2.21121e+04    5.33030e+02    2.67950e+00
      Potential    Kinetic En.   Total Energy  Conserved En.    Temperature
    1.53642e+04    9.71845e+03    2.50826e+04    2.47238e+04    2.98065e+02
 Pres. DC (bar) Pressure (bar)   Constr. rmsd
   -4.42352e+02   -1.05344e+03    4.84591e-07

           Step           Time
         357000      357.00000

   Energies (kJ/mol)
           Bond          Angle    Proper Dih.          LJ-14     Coulomb-14
    3.17073e+03    5.64761e+03    1.34382e+03    1.68880e+03    3.32751e+04
        LJ (SR)  Disper. corr.   Coulomb (SR)   Coul. recip.   COM Pull En.
   -6.71588e+03   -1.18261e+03   -2.21934e+04    5.75222e+02    4.29965e+00
      Potential    Kinetic En.   Total Energy  Conserved En.    Temperature
    1.56137e+04    9.62792e+03    2.52416e+04    2.47233e+04    2.95288e+02
 Pres. DC (bar) Pressure (bar)   Constr. rmsd
   -4.42352e+02   -5.76910e+02    4.95040e-07

           Step           Time
         358000      358.00000

   Energies (kJ/mol)
           Bond          Angle    Proper Dih.          LJ-14     Coulomb-14
    3.22912e+03    5.62933e+03    1.38288e+03    1.75424e+03    3.30809e+04
        LJ (SR)  Disper. corr.   Coulomb (SR)   Coul. recip.   COM Pull En.
   -6.68830e+03   -1.18261e+03   -2.22398e+04    5.43750e+02    4.62912e+00
      Potential    Kinetic En.   Total Energy  Conserved En.    Temperature
    1.55141e+04    9.52609e+03    2.50402e+04    2.47249e+04    2.92165e+02
 Pres. DC (bar) Pressure (bar)   Constr. rmsd
   -4.42352e+02   -5.07264e+02    4.80745e-07

           Step           Time
         359000      359.00000

   Energies (kJ/mol)
           Bond          Angle    Proper Dih.          LJ-14     Coulomb-14
    3.29738e+03    5.84252e+03    1.40658e+03    1.75184e+03    3.30792e+04
        LJ (SR)  Disper. corr.   Coulomb (SR)   Coul. recip.   COM Pull En.
   -6.72920e+03   -1.18261e+03   -2.21327e+04    5.53912e+02    1.93494e+00
      Potential    Kinetic En.   Total Energy  Conserved En.    Temperature
    1.58889e+04    9.86481e+03    2.57537e+04    2.47270e+04    3.02553e+02
 Pres. DC (bar) Pressure (bar)   Constr. rmsd
   -4.42352e+02   -1.81314e+02    5.08504e-07

           Step           Time
         360000      360.00000

   Energies (kJ/mol)
           Bond          Angle    Proper Dih.          LJ-14     Coulomb-14
    3.10091e+03    5.74557e+03    1.32638e+03    1.71279e+03    3.30663e+04
        LJ (SR)  Disper. corr.   Coulomb (SR)   Coul. recip.   COM Pull En.
   -6.66662e+03   -1.18261e+03   -2.22458e+04    5.63614e+02    1.76516e+00
      Potential    Kinetic En.   Total Energy  Conserved En.    Temperature
    1.54223e+04    9.70110e+03    2.51234e+04    2.47222e+04    2.97533e+02
 Pres. DC (bar) Pressure (bar)   Constr. rmsd
   -4.42352e+02   -5.34248e+02    4.89479e-07

           Step           Time
         361000      361.00000

   Energies (kJ/mol)
           Bond          Angle    Proper Dih.          LJ-14     Coulomb-14
    3.03024e+03    5.67975e+03    1.31337e+03    1.70846e+03    3.31516e+04
        LJ (SR)  Disper. corr.   Coulomb (SR)   Coul. recip.   COM Pull En.
   -6.61301e+03   -1.18261e+03   -2.22907e+04    5.70425e+02    2.03469e+00
      Potential    Kinetic En.   Total Energy  Conserved En.    Temperature
    1.53695e+04    9.83313e+03    2.52027e+04    2.47181e+04    3.01582e+02
 Pres. DC (bar) Pressure (bar)   Constr. rmsd
   -4.42352e+02   -1.20434e+02    5.26808e-07

           Step           Time
         362000      362.00000

   Energies (kJ/mol)
           Bond          Angle    Proper Dih.          LJ-14     Coulomb-14
    3.08035e+03    6.00625e+03    1.31456e+03    1.72377e+03    3.31587e+04
        LJ (SR)  Disper. corr.   Coulomb (SR)   Coul. recip.   COM Pull En.
   -6.56294e+03   -1.18261e+03   -2.24556e+04    5.72036e+02    3.95169e+00
      Potential    Kinetic En.   Total Energy  Conserved En.    Temperature
    1.56585e+04    9.66391e+03    2.53224e+04    2.47234e+04    2.96392e+02
 Pres. DC (bar) Pressure (bar)   Constr. rmsd
   -4.42352e+02    3.92277e+02    5.02709e-07

           Step           Time
         363000      363.00000

   Energies (kJ/mol)
           Bond          Angle    Proper Dih.          LJ-14     Coulomb-14
    2.98131e+03    5.76881e+03    1.32980e+03    1.70724e+03    3.32956e+04
        LJ (SR)  Disper. corr.   Coulomb (SR)   Coul. recip.   COM Pull En.
   -6.68865e+03   -1.18261e+03   -2.24264e+04    5.48388e+02    4.22791e+00
      Potential    Kinetic En.   Total Energy  Conserved En.    Temperature
    1.53377e+04    9.66546e+03    2.50032e+04    2.47233e+04    2.96439e+02
 Pres. DC (bar) Pressure (bar)   Constr. rmsd
   -4.42352e+02   -2.04331e+02    5.44142e-07

           Step           Time
         364000      364.00000

   Energies (kJ/mol)
           Bond          Angle    Proper Dih.          LJ-14     Coulomb-14
    3.19163e+03    5.68669e+03    1.37310e+03    1.77423e+03    3.32747e+04
        LJ (SR)  Disper. corr.   Coulomb (SR)   Coul. recip.   COM Pull En.
   -6.62795e+03   -1.18261e+03   -2.25793e+04    5.64149e+02    1.64351e+00
      Potential    Kinetic En.   Total Energy  Conserved En.    Temperature
    1.54763e+04    9.92443e+03    2.54007e+04    2.47224e+04    3.04382e+02
 Pres. DC (bar) Pressure (bar)   Constr. rmsd
   -4.42352e+02   -2.32414e+00    5.07702e-07

           Step           Time
         365000      365.00000

   Energies (kJ/mol)
           Bond          Angle    Proper Dih.          LJ-14     Coulomb-14
    3.09799e+03    5.60571e+03    1.37855e+03    1.75715e+03    3.31483e+04
        LJ (SR)  Disper. corr.   Coulomb (SR)   Coul. recip.   COM Pull En.
   -6.69370e+03   -1.18261e+03   -2.21959e+04    5.67115e+02    2.70320e+00
      Potential    Kinetic En.   Total Energy  Conserved En.    Temperature
    1.54853e+04    9.54277e+03    2.50281e+04    2.47220e+04    2.92677e+02
 Pres. DC (bar) Pressure (bar)   Constr. rmsd
   -4.42352e+02   -4.87348e+02    4.93685e-07

           Step           Time
         366000      366.00000

   Energies (kJ/mol)
           Bond          Angle    Proper Dih.          LJ-14     Coulomb-14
    3.14172e+03    5.52268e+03    1.36042e+03    1.74115e+03    3.32332e+04
        LJ (SR)  Disper. corr.   Coulomb (SR)   Coul. recip.   COM Pull En.
   -6.80577e+03   -1.18261e+03   -2.20511e+04    5.62358e+02    3.20587e+00
      Potential    Kinetic En.   Total Energy  Conserved En.    Temperature
    1.55252e+04    9.87674e+03    2.54020e+04    2.47219e+04    3.02919e+02
 Pres. DC (bar) Pressure (bar)   Constr. rmsd
   -4.42352e+02   -4.39994e+02    4.67680e-07

           Step           Time
         367000      367.00000

   Energies (kJ/mol)
           Bond          Angle    Proper Dih.          LJ-14     Coulomb-14
    3.05892e+03    5.62549e+03    1.37982e+03    1.74512e+03    3.32081e+04
        LJ (SR)  Disper. corr.   Coulomb (SR)   Coul. recip.   COM Pull En.
   -6.70747e+03   -1.18261e+03   -2.22389e+04    5.59959e+02    1.62416e+00
      Potential    Kinetic En.   Total Energy  Conserved En.    Temperature
    1.54501e+04    9.74799e+03    2.51981e+04    2.47203e+04    2.98971e+02
 Pres. DC (bar) Pressure (bar)   Constr. rmsd
   -4.42352e+02   -1.89126e+02    5.04227e-07

           Step           Time
         368000      368.00000

   Energies (kJ/mol)
           Bond          Angle    Proper Dih.          LJ-14     Coulomb-14
    3.25529e+03    5.61054e+03    1.38309e+03    1.80699e+03    3.31237e+04
        LJ (SR)  Disper. corr.   Coulomb (SR)   Coul. recip.   COM Pull En.
   -6.70039e+03   -1.18261e+03   -2.21936e+04    5.56649e+02    2.00775e+00
      Potential    Kinetic En.   Total Energy  Conserved En.    Temperature
    1.56616e+04    9.89789e+03    2.55595e+04    2.47211e+04    3.03568e+02
 Pres. DC (bar) Pressure (bar)   Constr. rmsd
   -4.42352e+02    1.08012e+02    5.15775e-07

           Step           Time
         369000      369.00000

   Energies (kJ/mol)
           Bond          Angle    Proper Dih.          LJ-14     Coulomb-14
    3.27300e+03    5.62867e+03    1.34195e+03    1.73578e+03    3.31670e+04
        LJ (SR)  Disper. corr.   Coulomb (SR)   Coul. recip.   COM Pull En.
   -6.62346e+03   -1.18261e+03   -2.22662e+04    5.55653e+02    2.25990e+00
      Potential    Kinetic En.   Total Energy  Conserved En.    Temperature
    1.56320e+04    1.01695e+04    2.58014e+04    2.47170e+04    3.11897e+02
 Pres. DC (bar) Pressure (bar)   Constr. rmsd
   -4.42352e+02    8.03753e+02    4.91224e-07

           Step           Time
         370000      370.00000

   Energies (kJ/mol)
           Bond          Angle    Proper Dih.          LJ-14     Coulomb-14
    3.10875e+03    5.48299e+03    1.34960e+03    1.73506e+03    3.31214e+04
        LJ (SR)  Disper. corr.   Coulomb (SR)   Coul. recip.   COM Pull En.
   -6.51062e+03   -1.18261e+03   -2.21599e+04    5.64150e+02    1.47198e+00
      Potential    Kinetic En.   Total Energy  Conserved En.    Temperature
    1.55103e+04    9.68281e+03    2.51931e+04    2.47206e+04    2.96972e+02
 Pres. DC (bar) Pressure (bar)   Constr. rmsd
   -4.42352e+02    4.68611e+01    5.10611e-07

           Step           Time
         371000      371.00000

   Energies (kJ/mol)
           Bond          Angle    Proper Dih.          LJ-14     Coulomb-14
    3.15731e+03    5.53607e+03    1.36757e+03    1.67889e+03    3.29638e+04
        LJ (SR)  Disper. corr.   Coulomb (SR)   Coul. recip.   COM Pull En.
   -6.63668e+03   -1.18261e+03   -2.20843e+04    5.34834e+02    1.47375e+00
      Potential    Kinetic En.   Total Energy  Conserved En.    Temperature
    1.53364e+04    9.69064e+03    2.50271e+04    2.47178e+04    2.97212e+02
 Pres. DC (bar) Pressure (bar)   Constr. rmsd
   -4.42352e+02   -1.26029e+03    5.02882e-07

           Step           Time
         372000      372.00000

   Energies (kJ/mol)
           Bond          Angle    Proper Dih.          LJ-14     Coulomb-14
    3.16853e+03    5.77335e+03    1.37358e+03    1.66445e+03    3.28312e+04
        LJ (SR)  Disper. corr.   Coulomb (SR)   Coul. recip.   COM Pull En.
   -6.64716e+03   -1.18261e+03   -2.20529e+04    5.66660e+02    5.29191e+00
      Potential    Kinetic En.   Total Energy  Conserved En.    Temperature
    1.55003e+04    9.62004e+03    2.51204e+04    2.47193e+04    2.95046e+02
 Pres. DC (bar) Pressure (bar)   Constr. rmsd
   -4.42352e+02   -1.37304e+03    4.96479e-07

           Step           Time
         373000      373.00000

   Energies (kJ/mol)
           Bond          Angle    Proper Dih.          LJ-14     Coulomb-14
    3.10895e+03    5.49183e+03    1.33431e+03    1.64547e+03    3.32332e+04
        LJ (SR)  Disper. corr.   Coulomb (SR)   Coul. recip.   COM Pull En.
   -6.73629e+03   -1.18261e+03   -2.21844e+04    5.25127e+02    4.21147e+00
      Potential    Kinetic En.   Total Energy  Conserved En.    Temperature
    1.52398e+04    9.83329e+03    2.50731e+04    2.47163e+04    3.01587e+02
 Pres. DC (bar) Pressure (bar)   Constr. rmsd
   -4.42352e+02   -8.32339e+02    4.97614e-07

           Step           Time
         374000      374.00000

   Energies (kJ/mol)
           Bond          Angle    Proper Dih.          LJ-14     Coulomb-14
    3.19413e+03    5.59989e+03    1.34398e+03    1.69791e+03    3.31032e+04
        LJ (SR)  Disper. corr.   Coulomb (SR)   Coul. recip.   COM Pull En.
   -6.73375e+03   -1.18261e+03   -2.20782e+04    5.49619e+02    1.36145e+00
      Potential    Kinetic En.   Total Energy  Conserved En.    Temperature
    1.54955e+04    9.62015e+03    2.51156e+04    2.47179e+04    2.95050e+02
 Pres. DC (bar) Pressure (bar)   Constr. rmsd
   -4.42352e+02   -5.88121e+02    4.99279e-07

           Step           Time
         375000      375.00000

   Energies (kJ/mol)
           Bond          Angle    Proper Dih.          LJ-14     Coulomb-14
    3.23078e+03    5.81927e+03    1.33018e+03    1.65736e+03    3.31370e+04
        LJ (SR)  Disper. corr.   Coulomb (SR)   Coul. recip.   COM Pull En.
   -6.69732e+03   -1.18261e+03   -2.21604e+04    5.41921e+02    3.15209e+00
      Potential    Kinetic En.   Total Energy  Conserved En.    Temperature
    1.56794e+04    9.67787e+03    2.53572e+04    2.47179e+04    2.96820e+02
 Pres. DC (bar) Pressure (bar)   Constr. rmsd
   -4.42352e+02   -9.48179e+02    5.08898e-07

           Step           Time
         376000      376.00000

   Energies (kJ/mol)
           Bond          Angle    Proper Dih.          LJ-14     Coulomb-14
    3.30651e+03    5.69143e+03    1.36451e+03    1.71051e+03    3.33315e+04
        LJ (SR)  Disper. corr.   Coulomb (SR)   Coul. recip.   COM Pull En.
   -6.58246e+03   -1.18261e+03   -2.23213e+04    5.43803e+02    4.24993e+00
      Potential    Kinetic En.   Total Energy  Conserved En.    Temperature
    1.58662e+04    1.00130e+04    2.58791e+04    2.47178e+04    3.07097e+02
 Pres. DC (bar) Pressure (bar)   Constr. rmsd
   -4.42352e+02   -1.26134e+03    5.01904e-07

           Step           Time
         377000      377.00000

   Energies (kJ/mol)
           Bond          Angle    Proper Dih.          LJ-14     Coulomb-14
    3.06239e+03    5.58751e+03    1.33547e+03    1.71355e+03    3.32630e+04
        LJ (SR)  Disper. corr.   Coulomb (SR)   Coul. recip.   COM Pull En.
   -6.48740e+03   -1.18261e+03   -2.23937e+04    5.14440e+02    3.04933e+00
      Potential    Kinetic En.   Total Energy  Conserved En.    Temperature
    1.54158e+04    9.76167e+03    2.51774e+04    2.47188e+04    2.99390e+02
 Pres. DC (bar) Pressure (bar)   Constr. rmsd
   -4.42352e+02   -6.40701e+02    5.19586e-07

           Step           Time
         378000      378.00000

   Energies (kJ/mol)
           Bond          Angle    Proper Dih.          LJ-14     Coulomb-14
    3.10841e+03    5.48380e+03    1.37525e+03    1.75112e+03    3.32101e+04
        LJ (SR)  Disper. corr.   Coulomb (SR)   Coul. recip.   COM Pull En.
   -6.68516e+03   -1.18261e+03   -2.22702e+04    5.35666e+02    1.76409e+00
      Potential    Kinetic En.   Total Energy  Conserved En.    Temperature
    1.53282e+04    9.45838e+03    2.47865e+04    2.47177e+04    2.90088e+02
 Pres. DC (bar) Pressure (bar)   Constr. rmsd
   -4.42352e+02   -8.18627e+01    5.12369e-07

           Step           Time
         379000      379.00000

   Energies (kJ/mol)
           Bond          Angle    Proper Dih.          LJ-14     Coulomb-14
    3.22951e+03    5.78313e+03    1.39984e+03    1.78468e+03    3.30018e+04
        LJ (SR)  Disper. corr.   Coulomb (SR)   Coul. recip.   COM Pull En.
   -6.65923e+03   -1.18261e+03   -2.21157e+04    5.79190e+02    3.80701e-01
      Potential    Kinetic En.   Total Energy  Conserved En.    Temperature
    1.58209e+04    9.68320e+03    2.55041e+04    2.47176e+04    2.96984e+02
 Pres. DC (bar) Pressure (bar)   Constr. rmsd
   -4.42352e+02   -1.78050e+02    4.73981e-07

           Step           Time
         380000      380.00000

   Energies (kJ/mol)
           Bond          Angle    Proper Dih.          LJ-14     Coulomb-14
    3.20683e+03    5.56479e+03    1.34366e+03    1.75606e+03    3.32858e+04
        LJ (SR)  Disper. corr.   Coulomb (SR)   Coul. recip.   COM Pull En.
   -6.59942e+03   -1.18261e+03   -2.23306e+04    5.85562e+02    3.04350e+00
      Potential    Kinetic En.   Total Energy  Conserved En.    Temperature
    1.56331e+04    9.61706e+03    2.52502e+04    2.47171e+04    2.94955e+02
 Pres. DC (bar) Pressure (bar)   Constr. rmsd
   -4.42352e+02   -4.95074e+02    5.32970e-07

           Step           Time
         381000      381.00000

   Energies (kJ/mol)
           Bond          Angle    Proper Dih.          LJ-14     Coulomb-14
    3.11222e+03    5.75918e+03    1.33389e+03    1.73477e+03    3.30967e+04
        LJ (SR)  Disper. corr.   Coulomb (SR)   Coul. recip.   COM Pull En.
   -6.68293e+03   -1.18261e+03   -2.19610e+04    5.67716e+02    6.48339e+00
      Potential    Kinetic En.   Total Energy  Conserved En.    Temperature
    1.57844e+04    9.69525e+03    2.54796e+04    2.47181e+04    2.97353e+02
 Pres. DC (bar) Pressure (bar)   Constr. rmsd
   -4.42352e+02   -2.19786e+01    5.14885e-07

           Step           Time
         382000      382.00000

   Energies (kJ/mol)
           Bond          Angle    Proper Dih.          LJ-14     Coulomb-14
    3.31542e+03    5.41153e+03    1.32423e+03    1.66330e+03    3.30927e+04
        LJ (SR)  Disper. corr.   Coulomb (SR)   Coul. recip.   COM Pull En.
   -6.67646e+03   -1.18261e+03   -2.21417e+04    5.63511e+02    6.24060e+00
      Potential    Kinetic En.   Total Energy  Conserved En.    Temperature
    1.53762e+04    9.34730e+03    2.47235e+04    2.47142e+04    2.86682e+02
 Pres. DC (bar) Pressure (bar)   Constr. rmsd
   -4.42352e+02   -9.57536e+02    5.25930e-07

           Step           Time
         383000      383.00000

   Energies (kJ/mol)
           Bond          Angle    Proper Dih.          LJ-14     Coulomb-14
    3.20472e+03    5.59737e+03    1.33820e+03    1.68615e+03    3.32472e+04
        LJ (SR)  Disper. corr.   Coulomb (SR)   Coul. recip.   COM Pull En.
   -6.66265e+03   -1.18261e+03   -2.20397e+04    5.69704e+02    6.52682e+00
      Potential    Kinetic En.   Total Energy  Conserved En.    Temperature
    1.57649e+04    9.61824e+03    2.53831e+04    2.47186e+04    2.94991e+02
 Pres. DC (bar) Pressure (bar)   Constr. rmsd
   -4.42352e+02   -1.27011e+03    4.84989e-07

           Step           Time
         384000      384.00000

   Energies (kJ/mol)
           Bond          Angle    Proper Dih.          LJ-14     Coulomb-14
    3.24861e+03    5.64926e+03    1.29030e+03    1.65516e+03    3.31186e+04
        LJ (SR)  Disper. corr.   Coulomb (SR)   Coul. recip.   COM Pull En.
   -6.65956e+03   -1.18261e+03   -2.21292e+04    5.91493e+02    5.80661e+00
      Potential    Kinetic En.   Total Energy  Conserved En.    Temperature
    1.55879e+04    9.65657e+03    2.52444e+04    2.47202e+04    2.96167e+02
 Pres. DC (bar) Pressure (bar)   Constr. rmsd
   -4.42352e+02   -2.17284e+03    4.98761e-07

           Step           Time
         385000      385.00000

   Energies (kJ/mol)
           Bond          Angle    Proper Dih.          LJ-14     Coulomb-14
    3.18640e+03    5.74870e+03    1.38035e+03    1.70969e+03    3.34019e+04
        LJ (SR)  Disper. corr.   Coulomb (SR)   Coul. recip.   COM Pull En.
   -6.72374e+03   -1.18261e+03   -2.22933e+04    5.57666e+02    5.52607e+00
      Potential    Kinetic En.   Total Energy  Conserved En.    Temperature
    1.57906e+04    9.50867e+03    2.52993e+04    2.47185e+04    2.91631e+02
 Pres. DC (bar) Pressure (bar)   Constr. rmsd
   -4.42352e+02   -9.21943e+02    5.21991e-07

           Step           Time
         386000      386.00000

   Energies (kJ/mol)
           Bond          Angle    Proper Dih.          LJ-14     Coulomb-14
    3.16521e+03    5.69955e+03    1.36105e+03    1.74133e+03    3.33422e+04
        LJ (SR)  Disper. corr.   Coulomb (SR)   Coul. recip.   COM Pull En.
   -6.71648e+03   -1.18261e+03   -2.23267e+04    5.63181e+02    3.44618e+00
      Potential    Kinetic En.   Total Energy  Conserved En.    Temperature
    1.56502e+04    9.46384e+03    2.51140e+04    2.47177e+04    2.90256e+02
 Pres. DC (bar) Pressure (bar)   Constr. rmsd
   -4.42352e+02    2.75637e+02    5.07451e-07

           Step           Time
         387000      387.00000

   Energies (kJ/mol)
           Bond          Angle    Proper Dih.          LJ-14     Coulomb-14
    3.09212e+03    5.58398e+03    1.34051e+03    1.73322e+03    3.31085e+04
        LJ (SR)  Disper. corr.   Coulomb (SR)   Coul. recip.   COM Pull En.
   -6.69301e+03   -1.18261e+03   -2.21615e+04    5.63377e+02    3.48828e+00
      Potential    Kinetic En.   Total Energy  Conserved En.    Temperature
    1.53881e+04    9.71320e+03    2.51013e+04    2.47135e+04    2.97904e+02
 Pres. DC (bar) Pressure (bar)   Constr. rmsd
   -4.42352e+02   -9.06016e+02    4.87497e-07

           Step           Time
         388000      388.00000

   Energies (kJ/mol)
           Bond          Angle    Proper Dih.          LJ-14     Coulomb-14
    3.09988e+03    5.76118e+03    1.35650e+03    1.73924e+03    3.31199e+04
        LJ (SR)  Disper. corr.   Coulomb (SR)   Coul. recip.   COM Pull En.
   -6.63967e+03   -1.18261e+03   -2.19883e+04    5.46546e+02    4.80032e+00
      Potential    Kinetic En.   Total Energy  Conserved En.    Temperature
    1.58175e+04    9.51494e+03    2.53324e+04    2.47157e+04    2.91823e+02
 Pres. DC (bar) Pressure (bar)   Constr. rmsd
   -4.42352e+02   -7.63301e+02    5.13015e-07

           Step           Time
         389000      389.00000

   Energies (kJ/mol)
           Bond          Angle    Proper Dih.          LJ-14     Coulomb-14
    3.12363e+03    5.60559e+03    1.34494e+03    1.70176e+03    3.31958e+04
        LJ (SR)  Disper. corr.   Coulomb (SR)   Coul. recip.   COM Pull En.
   -6.65427e+03   -1.18261e+03   -2.22216e+04    5.51561e+02    5.23713e+00
      Potential    Kinetic En.   Total Energy  Conserved En.    Temperature
    1.54700e+04    9.56425e+03    2.50343e+04    2.47145e+04    2.93335e+02
 Pres. DC (bar) Pressure (bar)   Constr. rmsd
   -4.42352e+02   -1.36390e+03    4.79084e-07

           Step           Time
         390000      390.00000

   Energies (kJ/mol)
           Bond          Angle    Proper Dih.          LJ-14     Coulomb-14
    3.16032e+03    5.63876e+03    1.34342e+03    1.68156e+03    3.30660e+04
        LJ (SR)  Disper. corr.   Coulomb (SR)   Coul. recip.   COM Pull En.
   -6.66899e+03   -1.18261e+03   -2.21851e+04    5.26907e+02    7.85063e+00
      Potential    Kinetic En.   Total Energy  Conserved En.    Temperature
    1.53881e+04    9.91354e+03    2.53017e+04    2.47122e+04    3.04048e+02
 Pres. DC (bar) Pressure (bar)   Constr. rmsd
   -4.42352e+02   -1.15366e+03    5.31027e-07

           Step           Time
         391000      391.00000

   Energies (kJ/mol)
           Bond          Angle    Proper Dih.          LJ-14     Coulomb-14
    3.30196e+03    5.56523e+03    1.30546e+03    1.70514e+03    3.32670e+04
        LJ (SR)  Disper. corr.   Coulomb (SR)   Coul. recip.   COM Pull En.
   -6.70718e+03   -1.18261e+03   -2.21783e+04    5.61043e+02    8.78925e+00
      Potential    Kinetic En.   Total Energy  Conserved En.    Temperature
    1.56465e+04    9.71698e+03    2.53635e+04    2.47129e+04    2.98020e+02
 Pres. DC (bar) Pressure (bar)   Constr. rmsd
   -4.42352e+02    3.37864e+02    5.11117e-07

           Step           Time
         392000      392.00000

   Energies (kJ/mol)
           Bond          Angle    Proper Dih.          LJ-14     Coulomb-14
    3.08273e+03    5.50274e+03    1.37997e+03    1.70674e+03    3.30333e+04
        LJ (SR)  Disper. corr.   Coulomb (SR)   Coul. recip.   COM Pull En.
   -6.74411e+03   -1.18261e+03   -2.21517e+04    5.66151e+02    1.14261e+01
      Potential    Kinetic En.   Total Energy  Conserved En.    Temperature
    1.52046e+04    9.77071e+03    2.49753e+04    2.47112e+04    2.99668e+02
 Pres. DC (bar) Pressure (bar)   Constr. rmsd
   -4.42352e+02   -9.10933e+02    4.82129e-07

           Step           Time
         393000      393.00000

   Energies (kJ/mol)
           Bond          Angle    Proper Dih.          LJ-14     Coulomb-14
    3.06573e+03    5.73526e+03    1.36483e+03    1.77405e+03    3.29373e+04
        LJ (SR)  Disper. corr.   Coulomb (SR)   Coul. recip.   COM Pull En.
   -6.63343e+03   -1.18261e+03   -2.20846e+04    5.25449e+02    1.08007e+01
      Potential    Kinetic En.   Total Energy  Conserved En.    Temperature
    1.55127e+04    9.92731e+03    2.54400e+04    2.47098e+04    3.04470e+02
 Pres. DC (bar) Pressure (bar)   Constr. rmsd
   -4.42352e+02   -2.52455e+02    4.92600e-07

           Step           Time
         394000      394.00000

   Energies (kJ/mol)
           Bond          Angle    Proper Dih.          LJ-14     Coulomb-14
    3.23318e+03    5.68496e+03    1.36112e+03    1.70776e+03    3.27127e+04
        LJ (SR)  Disper. corr.   Coulomb (SR)   Coul. recip.   COM Pull En.
   -6.63661e+03   -1.18261e+03   -2.19112e+04    5.49492e+02    6.84194e+00
      Potential    Kinetic En.   Total Energy  Conserved En.    Temperature
    1.55256e+04    1.00216e+04    2.55472e+04    2.47116e+04    3.07363e+02
 Pres. DC (bar) Pressure (bar)   Constr. rmsd
   -4.42352e+02    8.53634e+01    5.10269e-07

           Step           Time
         395000      395.00000

   Energies (kJ/mol)
           Bond          Angle    Proper Dih.          LJ-14     Coulomb-14
    3.08963e+03    5.59407e+03    1.39002e+03    1.79647e+03    3.30665e+04
        LJ (SR)  Disper. corr.   Coulomb (SR)   Coul. recip.   COM Pull En.
   -6.56704e+03   -1.18261e+03   -2.21288e+04    5.50648e+02    5.42163e+00
      Potential    Kinetic En.   Total Energy  Conserved En.    Temperature
    1.56142e+04    9.42737e+03    2.50416e+04    2.47130e+04    2.89137e+02
 Pres. DC (bar) Pressure (bar)   Constr. rmsd
   -4.42352e+02    5.83078e+01    5.18590e-07

           Step           Time
         396000      396.00000

   Energies (kJ/mol)
           Bond          Angle    Proper Dih.          LJ-14     Coulomb-14
    3.09423e+03    5.73639e+03    1.34395e+03    1.76397e+03    3.30002e+04
        LJ (SR)  Disper. corr.   Coulomb (SR)   Coul. recip.   COM Pull En.
   -6.67685e+03   -1.18261e+03   -2.20226e+04    5.68876e+02    5.90422e+00
      Potential    Kinetic En.   Total Energy  Conserved En.    Temperature
    1.56314e+04    9.62315e+03    2.52546e+04    2.47096e+04    2.95142e+02
 Pres. DC (bar) Pressure (bar)   Constr. rmsd
   -4.42352e+02   -3.40105e+02    4.79760e-07

           Step           Time
         397000      397.00000

   Energies (kJ/mol)
           Bond          Angle    Proper Dih.          LJ-14     Coulomb-14
    3.20370e+03    5.63593e+03    1.38776e+03    1.77665e+03    3.28347e+04
        LJ (SR)  Disper. corr.   Coulomb (SR)   Coul. recip.   COM Pull En.
   -6.62163e+03   -1.18261e+03   -2.20133e+04    5.75021e+02    6.63707e+00
      Potential    Kinetic En.   Total Energy  Conserved En.    Temperature
    1.56028e+04    9.52995e+03    2.51328e+04    2.47108e+04    2.92283e+02
 Pres. DC (bar) Pressure (bar)   Constr. rmsd
   -4.42352e+02    1.89139e+02    5.08246e-07

           Step           Time
         398000      398.00000

   Energies (kJ/mol)
           Bond          Angle    Proper Dih.          LJ-14     Coulomb-14
    3.24521e+03    5.61283e+03    1.34283e+03    1.76224e+03    3.30633e+04
        LJ (SR)  Disper. corr.   Coulomb (SR)   Coul. recip.   COM Pull En.
   -6.76979e+03   -1.18261e+03   -2.20588e+04    5.77793e+02    7.01198e+00
      Potential    Kinetic En.   Total Energy  Conserved En.    Temperature
    1.56000e+04    9.85726e+03    2.54573e+04    2.47065e+04    3.02322e+02
 Pres. DC (bar) Pressure (bar)   Constr. rmsd
   -4.42352e+02   -9.90773e+02    5.10783e-07

           Step           Time
         399000      399.00000

   Energies (kJ/mol)
           Bond          Angle    Proper Dih.          LJ-14     Coulomb-14
    3.12423e+03    5.66219e+03    1.34572e+03    1.68519e+03    3.29657e+04
        LJ (SR)  Disper. corr.   Coulomb (SR)   Coul. recip.   COM Pull En.
   -6.69337e+03   -1.18261e+03   -2.20653e+04    5.89811e+02    8.68964e+00
      Potential    Kinetic En.   Total Energy  Conserved En.    Temperature
    1.54402e+04    9.45390e+03    2.48941e+04    2.47070e+04    2.89951e+02
 Pres. DC (bar) Pressure (bar)   Constr. rmsd
   -4.42352e+02   -1.68852e+03    5.32615e-07

           Step           Time
         400000      400.00000

   Energies (kJ/mol)
           Bond          Angle    Proper Dih.          LJ-14     Coulomb-14
    3.07926e+03    5.68350e+03    1.32352e+03    1.65405e+03    3.29468e+04
        LJ (SR)  Disper. corr.   Coulomb (SR)   Coul. recip.   COM Pull En.
   -6.58452e+03   -1.18261e+03   -2.20966e+04    5.45913e+02    9.81470e+00
      Potential    Kinetic En.   Total Energy  Conserved En.    Temperature
    1.53792e+04    9.82131e+03    2.52005e+04    2.47045e+04    3.01220e+02
 Pres. DC (bar) Pressure (bar)   Constr. rmsd
   -4.42352e+02   -1.10152e+03    5.14142e-07

           Step           Time
         401000      401.00000

   Energies (kJ/mol)
           Bond          Angle    Proper Dih.          LJ-14     Coulomb-14
    3.10799e+03    5.57242e+03    1.32156e+03    1.72605e+03    3.28315e+04
        LJ (SR)  Disper. corr.   Coulomb (SR)   Coul. recip.   COM Pull En.
   -6.55474e+03   -1.18261e+03   -2.20367e+04    5.91057e+02    9.27155e+00
      Potential    Kinetic En.   Total Energy  Conserved En.    Temperature
    1.53858e+04    9.88236e+03    2.52681e+04    2.47061e+04    3.03092e+02
 Pres. DC (bar) Pressure (bar)   Constr. rmsd
   -4.42352e+02   -6.71997e+01    5.35871e-07

           Step           Time
         402000      402.00000

   Energies (kJ/mol)
           Bond          Angle    Proper Dih.          LJ-14     Coulomb-14
    3.25472e+03    5.77498e+03    1.36110e+03    1.70654e+03    3.31025e+04
        LJ (SR)  Disper. corr.   Coulomb (SR)   Coul. recip.   COM Pull En.
   -6.62097e+03   -1.18261e+03   -2.23025e+04    5.54825e+02    6.71875e+00
      Potential    Kinetic En.   Total Energy  Conserved En.    Temperature
    1.56553e+04    9.66070e+03    2.53160e+04    2.47051e+04    2.96294e+02
 Pres. DC (bar) Pressure (bar)   Constr. rmsd
   -4.42352e+02   -5.13534e+02    5.21705e-07

           Step           Time
         403000      403.00000

   Energies (kJ/mol)
           Bond          Angle    Proper Dih.          LJ-14     Coulomb-14
    3.20614e+03    5.66342e+03    1.36910e+03    1.70590e+03    3.31382e+04
        LJ (SR)  Disper. corr.   Coulomb (SR)   Coul. recip.   COM Pull En.
   -6.75771e+03   -1.18261e+03   -2.20638e+04    5.72212e+02    2.87856e+00
      Potential    Kinetic En.   Total Energy  Conserved En.    Temperature
    1.56537e+04    9.80715e+03    2.54609e+04    2.47045e+04    3.00785e+02
 Pres. DC (bar) Pressure (bar)   Constr. rmsd
   -4.42352e+02   -1.07040e+03    4.97409e-07

           Step           Time
         404000      404.00000

   Energies (kJ/mol)
           Bond          Angle    Proper Dih.          LJ-14     Coulomb-14
    3.15969e+03    5.64325e+03    1.34903e+03    1.70546e+03    3.30779e+04
        LJ (SR)  Disper. corr.   Coulomb (SR)   Coul. recip.   COM Pull En.
   -6.78624e+03   -1.18261e+03   -2.20630e+04    5.55041e+02    5.05583e+00
      Potential    Kinetic En.   Total Energy  Conserved En.    Temperature
    1.54636e+04    9.60803e+03    2.50716e+04    2.47065e+04    2.94678e+02
 Pres. DC (bar) Pressure (bar)   Constr. rmsd
   -4.42352e+02   -1.00029e+03    5.05352e-07

           Step           Time
         405000      405.00000

   Energies (kJ/mol)
           Bond          Angle    Proper Dih.          LJ-14     Coulomb-14
    3.16334e+03    5.86416e+03    1.39522e+03    1.76404e+03    3.33359e+04
        LJ (SR)  Disper. corr.   Coulomb (SR)   Coul. recip.   COM Pull En.
   -6.71545e+03   -1.18261e+03   -2.24012e+04    5.48538e+02    5.96317e+00
      Potential    Kinetic En.   Total Energy  Conserved En.    Temperature
    1.57780e+04    9.77465e+03    2.55526e+04    2.47035e+04    2.99788e+02
 Pres. DC (bar) Pressure (bar)   Constr. rmsd
   -4.42352e+02   -8.23428e+02    5.33421e-07

           Step           Time
         406000      406.00000

   Energies (kJ/mol)
           Bond          Angle    Proper Dih.          LJ-14     Coulomb-14
    3.10198e+03    5.76559e+03    1.37263e+03    1.71293e+03    3.33811e+04
        LJ (SR)  Disper. corr.   Coulomb (SR)   Coul. recip.   COM Pull En.
   -6.74597e+03   -1.18261e+03   -2.22951e+04    5.23385e+02    3.95191e+00
      Potential    Kinetic En.   Total Energy  Conserved En.    Temperature
    1.56379e+04    9.49371e+03    2.51316e+04    2.47065e+04    2.91172e+02
 Pres. DC (bar) Pressure (bar)   Constr. rmsd
   -4.42352e+02   -1.14164e+03    5.02281e-07

           Step           Time
         407000      407.00000

   Energies (kJ/mol)
           Bond          Angle    Proper Dih.          LJ-14     Coulomb-14
    3.02083e+03    5.56711e+03    1.38113e+03    1.68778e+03    3.33573e+04
        LJ (SR)  Disper. corr.   Coulomb (SR)   Coul. recip.   COM Pull En.
   -6.79177e+03   -1.18261e+03   -2.23467e+04    5.27743e+02    8.67201e+00
      Potential    Kinetic En.   Total Energy  Conserved En.    Temperature
    1.52294e+04    9.53672e+03    2.47662e+04    2.47049e+04    2.92491e+02
 Pres. DC (bar) Pressure (bar)   Constr. rmsd
   -4.42352e+02   -1.32680e+03    5.27512e-07

           Step           Time
         408000      408.00000

   Energies (kJ/mol)
           Bond          Angle    Proper Dih.          LJ-14     Coulomb-14
    3.12021e+03    5.68106e+03    1.33782e+03    1.69171e+03    3.29706e+04
        LJ (SR)  Disper. corr.   Coulomb (SR)   Coul. recip.   COM Pull En.
   -6.65877e+03   -1.18261e+03   -2.20739e+04    5.55787e+02    5.23504e+00
      Potential    Kinetic En.   Total Energy  Conserved En.    Temperature
    1.54472e+04    9.78549e+03    2.52327e+04    2.47014e+04    3.00121e+02
 Pres. DC (bar) Pressure (bar)   Constr. rmsd
   -4.42352e+02   -3.63048e+02    4.65246e-07

           Step           Time
         409000      409.00000

   Energies (kJ/mol)
           Bond          Angle    Proper Dih.          LJ-14     Coulomb-14
    3.10747e+03    5.72552e+03    1.36490e+03    1.77539e+03    3.32818e+04
        LJ (SR)  Disper. corr.   Coulomb (SR)   Coul. recip.   COM Pull En.
   -6.56335e+03   -1.18261e+03   -2.24865e+04    5.43308e+02    6.37327e+00
      Potential    Kinetic En.   Total Energy  Conserved En.    Temperature
    1.55724e+04    9.86414e+03    2.54365e+04    2.47050e+04    3.02533e+02
 Pres. DC (bar) Pressure (bar)   Constr. rmsd
   -4.42352e+02    1.36432e+02    5.24009e-07

           Step           Time
         410000      410.00000

   Energies (kJ/mol)
           Bond          Angle    Proper Dih.          LJ-14     Coulomb-14
    3.24845e+03    5.62689e+03    1.36757e+03    1.69046e+03    3.32315e+04
        LJ (SR)  Disper. corr.   Coulomb (SR)   Coul. recip.   COM Pull En.
   -6.66483e+03   -1.18261e+03   -2.25174e+04    5.61887e+02    4.80252e+00
      Potential    Kinetic En.   Total Energy  Conserved En.    Temperature
    1.53667e+04    9.69917e+03    2.50659e+04    2.47031e+04    2.97473e+02
 Pres. DC (bar) Pressure (bar)   Constr. rmsd
   -4.42352e+02   -8.94765e+02    5.37851e-07

           Step           Time
         411000      411.00000

   Energies (kJ/mol)
           Bond          Angle    Proper Dih.          LJ-14     Coulomb-14
    3.12972e+03    5.54541e+03    1.35421e+03    1.72877e+03    3.31958e+04
        LJ (SR)  Disper. corr.   Coulomb (SR)   Coul. recip.   COM Pull En.
   -6.59122e+03   -1.18261e+03   -2.23884e+04    5.39916e+02    5.58356e+00
      Potential    Kinetic En.   Total Energy  Conserved En.    Temperature
    1.53372e+04    9.65073e+03    2.49879e+04    2.47034e+04    2.95988e+02
 Pres. DC (bar) Pressure (bar)   Constr. rmsd
   -4.42352e+02   -9.04960e+02    5.15521e-07

           Step           Time
         412000      412.00000

   Energies (kJ/mol)
           Bond          Angle    Proper Dih.          LJ-14     Coulomb-14
    3.18607e+03    5.48534e+03    1.41846e+03    1.71258e+03    3.30691e+04
        LJ (SR)  Disper. corr.   Coulomb (SR)   Coul. recip.   COM Pull En.
   -6.49029e+03   -1.18261e+03   -2.23196e+04    5.70117e+02    6.30938e+00
      Potential    Kinetic En.   Total Energy  Conserved En.    Temperature
    1.54554e+04    9.47085e+03    2.49263e+04    2.47011e+04    2.90471e+02
 Pres. DC (bar) Pressure (bar)   Constr. rmsd
   -4.42352e+02   -1.84833e+02    4.90734e-07

           Step           Time
         413000      413.00000

   Energies (kJ/mol)
           Bond          Angle    Proper Dih.          LJ-14     Coulomb-14
    3.29456e+03    5.61147e+03    1.38179e+03    1.74513e+03    3.31922e+04
        LJ (SR)  Disper. corr.   Coulomb (SR)   Coul. recip.   COM Pull En.
   -6.67538e+03   -1.18261e+03   -2.21867e+04    5.78933e+02    6.50339e+00
      Potential    Kinetic En.   Total Energy  Conserved En.    Temperature
    1.57660e+04    9.90058e+03    2.56665e+04    2.47019e+04    3.03651e+02
 Pres. DC (bar) Pressure (bar)   Constr. rmsd
   -4.42352e+02   -4.74650e+02    4.58833e-07

           Step           Time
         414000      414.00000

   Energies (kJ/mol)
           Bond          Angle    Proper Dih.          LJ-14     Coulomb-14
    3.18200e+03    5.80711e+03    1.35628e+03    1.66570e+03    3.30326e+04
        LJ (SR)  Disper. corr.   Coulomb (SR)   Coul. recip.   COM Pull En.
   -6.68385e+03   -1.18261e+03   -2.21241e+04    5.83331e+02    5.39011e+00
      Potential    Kinetic En.   Total Energy  Conserved En.    Temperature
    1.56418e+04    9.74293e+03    2.53848e+04    2.47028e+04    2.98816e+02
 Pres. DC (bar) Pressure (bar)   Constr. rmsd
   -4.42352e+02   -8.34906e+02    4.83644e-07

           Step           Time
         415000      415.00000

   Energies (kJ/mol)
           Bond          Angle    Proper Dih.          LJ-14     Coulomb-14
    3.16920e+03    5.40777e+03    1.37324e+03    1.67228e+03    3.32682e+04
        LJ (SR)  Disper. corr.   Coulomb (SR)   Coul. recip.   COM Pull En.
   -6.68942e+03   -1.18261e+03   -2.22934e+04    5.58682e+02    3.73712e+00
      Potential    Kinetic En.   Total Energy  Conserved En.    Temperature
    1.52877e+04    9.95918e+03    2.52469e+04    2.46978e+04    3.05448e+02
 Pres. DC (bar) Pressure (bar)   Constr. rmsd
   -4.42352e+02   -2.73815e+02    4.98761e-07

           Step           Time
         416000      416.00000

   Energies (kJ/mol)
           Bond          Angle    Proper Dih.          LJ-14     Coulomb-14
    3.11192e+03    5.47667e+03    1.34698e+03    1.71929e+03    3.31692e+04
        LJ (SR)  Disper. corr.   Coulomb (SR)   Coul. recip.   COM Pull En.
   -6.73345e+03   -1.18261e+03   -2.22156e+04    5.62823e+02    4.19091e+00
      Potential    Kinetic En.   Total Energy  Conserved En.    Temperature
    1.52594e+04    9.78923e+03    2.50487e+04    2.47001e+04    3.00235e+02
 Pres. DC (bar) Pressure (bar)   Constr. rmsd
   -4.42352e+02   -1.07103e+02    5.12227e-07

           Step           Time
         417000      417.00000

   Energies (kJ/mol)
           Bond          Angle    Proper Dih.          LJ-14     Coulomb-14
    3.12571e+03    5.66115e+03    1.36552e+03    1.76172e+03    3.33764e+04
        LJ (SR)  Disper. corr.   Coulomb (SR)   Coul. recip.   COM Pull En.
   -6.81468e+03   -1.18261e+03   -2.22761e+04    5.49568e+02    2.76761e+00
      Potential    Kinetic En.   Total Energy  Conserved En.    Temperature
    1.55694e+04    9.81002e+03    2.53794e+04    2.47008e+04    3.00873e+02
 Pres. DC (bar) Pressure (bar)   Constr. rmsd
   -4.42352e+02   -6.54269e+02    5.16297e-07

           Step           Time
         418000      418.00000

   Energies (kJ/mol)
           Bond          Angle    Proper Dih.          LJ-14     Coulomb-14
    3.22280e+03    5.57271e+03    1.34330e+03    1.69708e+03    3.31470e+04
        LJ (SR)  Disper. corr.   Coulomb (SR)   Coul. recip.   COM Pull En.
   -6.81738e+03   -1.18261e+03   -2.21686e+04    5.55070e+02    3.80730e+00
      Potential    Kinetic En.   Total Energy  Conserved En.    Temperature
    1.53732e+04    9.74872e+03    2.51219e+04    2.46984e+04    2.98993e+02
 Pres. DC (bar) Pressure (bar)   Constr. rmsd
   -4.42352e+02   -1.32696e+03    5.02397e-07

           Step           Time
         419000      419.00000

   Energies (kJ/mol)
           Bond          Angle    Proper Dih.          LJ-14     Coulomb-14
    3.05255e+03    5.73270e+03    1.36659e+03    1.74263e+03    3.32122e+04
        LJ (SR)  Disper. corr.   Coulomb (SR)   Coul. recip.   COM Pull En.
   -6.63628e+03   -1.18261e+03   -2.21841e+04    5.52467e+02    7.12891e-01
      Potential    Kinetic En.   Total Energy  Conserved En.    Temperature
    1.56569e+04    9.52720e+03    2.51841e+04    2.47002e+04    2.92199e+02
 Pres. DC (bar) Pressure (bar)   Constr. rmsd
   -4.42352e+02   -1.88874e+02    4.95532e-07

           Step           Time
         420000      420.00000

   Energies (kJ/mol)
           Bond          Angle    Proper Dih.          LJ-14     Coulomb-14
    3.14182e+03    5.68818e+03    1.34492e+03    1.76166e+03    3.31932e+04
        LJ (SR)  Disper. corr.   Coulomb (SR)   Coul. recip.   COM Pull En.
   -6.65447e+03   -1.18261e+03   -2.22855e+04    5.59489e+02    3.85170e+00
      Potential    Kinetic En.   Total Energy  Conserved En.    Temperature
    1.55705e+04    9.60061e+03    2.51711e+04    2.47012e+04    2.94451e+02
 Pres. DC (bar) Pressure (bar)   Constr. rmsd
   -4.42352e+02   -2.98215e+02    4.96442e-07

           Step           Time
         421000      421.00000

   Energies (kJ/mol)
           Bond          Angle    Proper Dih.          LJ-14     Coulomb-14
    3.18583e+03    5.73006e+03    1.37529e+03    1.77311e+03    3.31770e+04
        LJ (SR)  Disper. corr.   Coulomb (SR)   Coul. recip.   COM Pull En.
   -6.59938e+03   -1.18261e+03   -2.22494e+04    5.41612e+02    2.23308e+00
      Potential    Kinetic En.   Total Energy  Conserved En.    Temperature
    1.57538e+04    9.76752e+03    2.55213e+04    2.47025e+04    2.99570e+02
 Pres. DC (bar) Pressure (bar)   Constr. rmsd
   -4.42352e+02    8.20228e+02    4.86361e-07

           Step           Time
         422000      422.00000

   Energies (kJ/mol)
           Bond          Angle    Proper Dih.          LJ-14     Coulomb-14
    3.38395e+03    5.67347e+03    1.34243e+03    1.69381e+03    3.28807e+04
        LJ (SR)  Disper. corr.   Coulomb (SR)   Coul. recip.   COM Pull En.
   -6.68022e+03   -1.18261e+03   -2.20811e+04    5.31553e+02    2.50111e+00
      Potential    Kinetic En.   Total Energy  Conserved En.    Temperature
    1.55645e+04    9.77860e+03    2.53431e+04    2.47003e+04    2.99909e+02
 Pres. DC (bar) Pressure (bar)   Constr. rmsd
   -4.42352e+02   -1.22204e+03    4.82717e-07

           Step           Time
         423000      423.00000

   Energies (kJ/mol)
           Bond          Angle    Proper Dih.          LJ-14     Coulomb-14
    3.04275e+03    5.67061e+03    1.35894e+03    1.69119e+03    3.31187e+04
        LJ (SR)  Disper. corr.   Coulomb (SR)   Coul. recip.   COM Pull En.
   -6.56883e+03   -1.18261e+03   -2.21931e+04    5.47345e+02    9.53986e-01
      Potential    Kinetic En.   Total Energy  Conserved En.    Temperature
    1.54859e+04    9.60330e+03    2.50892e+04    2.46978e+04    2.94533e+02
 Pres. DC (bar) Pressure (bar)   Constr. rmsd
   -4.42352e+02   -1.24860e+03    4.82197e-07

           Step           Time
         424000      424.00000

   Energies (kJ/mol)
           Bond          Angle    Proper Dih.          LJ-14     Coulomb-14
    3.01127e+03    5.51054e+03    1.32874e+03    1.71446e+03    3.32156e+04
        LJ (SR)  Disper. corr.   Coulomb (SR)   Coul. recip.   COM Pull En.
   -6.62881e+03   -1.18261e+03   -2.22796e+04    5.30657e+02    5.32801e-01
      Potential    Kinetic En.   Total Energy  Conserved En.    Temperature
    1.52209e+04    9.71508e+03    2.49360e+04    2.46959e+04    2.97961e+02
 Pres. DC (bar) Pressure (bar)   Constr. rmsd
   -4.42352e+02   -4.51509e+02    4.92947e-07

           Step           Time
         425000      425.00000

   Energies (kJ/mol)
           Bond          Angle    Proper Dih.          LJ-14     Coulomb-14
    3.27665e+03    5.72824e+03    1.32069e+03    1.68884e+03    3.28798e+04
        LJ (SR)  Disper. corr.   Coulomb (SR)   Coul. recip.   COM Pull En.
   -6.72224e+03   -1.18261e+03   -2.18516e+04    5.35489e+02    2.78033e+00
      Potential    Kinetic En.   Total Energy  Conserved En.    Temperature
    1.56760e+04    9.55519e+03    2.52311e+04    2.47000e+04    2.93058e+02
 Pres. DC (bar) Pressure (bar)   Constr. rmsd
   -4.42352e+02   -1.00372e+03    5.45612e-07

           Step           Time
         426000      426.00000

   Energies (kJ/mol)
           Bond          Angle    Proper Dih.          LJ-14     Coulomb-14
    3.39512e+03    5.68769e+03    1.33017e+03    1.65127e+03    3.28439e+04
        LJ (SR)  Disper. corr.   Coulomb (SR)   Coul. recip.   COM Pull En.
   -6.69877e+03   -1.18261e+03   -2.20397e+04    5.34462e+02    2.78042e+00
      Potential    Kinetic En.   Total Energy  Conserved En.    Temperature
    1.55243e+04    9.55598e+03    2.50803e+04    2.47002e+04    2.93082e+02
 Pres. DC (bar) Pressure (bar)   Constr. rmsd
   -4.42352e+02   -1.77677e+03    5.31164e-07

           Step           Time
         427000      427.00000

   Energies (kJ/mol)
           Bond          Angle    Proper Dih.          LJ-14     Coulomb-14
    3.33540e+03    5.73739e+03    1.40048e+03    1.71712e+03    3.29824e+04
        LJ (SR)  Disper. corr.   Coulomb (SR)   Coul. recip.   COM Pull En.
   -6.80707e+03   -1.18261e+03   -2.20908e+04    5.55909e+02    3.59916e+00
      Potential    Kinetic En.   Total Energy  Conserved En.    Temperature
    1.56519e+04    9.85494e+03    2.55068e+04    2.46973e+04    3.02251e+02
 Pres. DC (bar) Pressure (bar)   Constr. rmsd
   -4.42352e+02   -1.34529e+03    4.94400e-07

           Step           Time
         428000      428.00000

   Energies (kJ/mol)
           Bond          Angle    Proper Dih.          LJ-14     Coulomb-14
    3.21434e+03    5.79780e+03    1.31725e+03    1.69556e+03    3.32736e+04
        LJ (SR)  Disper. corr.   Coulomb (SR)   Coul. recip.   COM Pull En.
   -6.64176e+03   -1.18261e+03   -2.22899e+04    5.19662e+02    2.51018e+00
      Potential    Kinetic En.   Total Energy  Conserved En.    Temperature
    1.57065e+04    9.60719e+03    2.53137e+04    2.46979e+04    2.94652e+02
 Pres. DC (bar) Pressure (bar)   Constr. rmsd
   -4.42352e+02   -9.99958e+02    5.04840e-07

           Step           Time
         429000      429.00000

   Energies (kJ/mol)
           Bond          Angle    Proper Dih.          LJ-14     Coulomb-14
    3.03994e+03    5.83903e+03    1.31477e+03    1.71768e+03    3.31569e+04
        LJ (SR)  Disper. corr.   Coulomb (SR)   Coul. recip.   COM Pull En.
   -6.61354e+03   -1.18261e+03   -2.21431e+04    5.63304e+02    3.69504e+00
      Potential    Kinetic En.   Total Energy  Conserved En.    Temperature
    1.56961e+04    9.87703e+03    2.55731e+04    2.46984e+04    3.02928e+02
 Pres. DC (bar) Pressure (bar)   Constr. rmsd
   -4.42352e+02   -9.46664e+02    5.12597e-07

           Step           Time
         430000      430.00000

   Energies (kJ/mol)
           Bond          Angle    Proper Dih.          LJ-14     Coulomb-14
    3.18132e+03    5.53878e+03    1.34055e+03    1.65310e+03    3.30269e+04
        LJ (SR)  Disper. corr.   Coulomb (SR)   Coul. recip.   COM Pull En.
   -6.59943e+03   -1.18261e+03   -2.21767e+04    5.31093e+02    3.49329e+00
      Potential    Kinetic En.   Total Energy  Conserved En.    Temperature
    1.53165e+04    9.42663e+03    2.47431e+04    2.46966e+04    2.89115e+02
 Pres. DC (bar) Pressure (bar)   Constr. rmsd
   -4.42352e+02   -8.57766e+02    5.14440e-07

           Step           Time
         431000      431.00000

   Energies (kJ/mol)
           Bond          Angle    Proper Dih.          LJ-14     Coulomb-14
    3.06907e+03    5.65362e+03    1.33569e+03    1.69746e+03    3.32257e+04
        LJ (SR)  Disper. corr.   Coulomb (SR)   Coul. recip.   COM Pull En.
   -6.79926e+03   -1.18261e+03   -2.22155e+04    5.30498e+02    5.34224e+00
      Potential    Kinetic En.   Total Energy  Conserved En.    Temperature
    1.53199e+04    9.85139e+03    2.51713e+04    2.46950e+04    3.02142e+02
 Pres. DC (bar) Pressure (bar)   Constr. rmsd
   -4.42352e+02   -2.53845e+02    5.26794e-07

           Step           Time
         432000      432.00000

   Energies (kJ/mol)
           Bond          Angle    Proper Dih.          LJ-14     Coulomb-14
    2.98233e+03    5.55274e+03    1.34061e+03    1.69193e+03    3.34246e+04
        LJ (SR)  Disper. corr.   Coulomb (SR)   Coul. recip.   COM Pull En.
   -6.80974e+03   -1.18261e+03   -2.23786e+04    5.29660e+02    6.04535e+00
      Potential    Kinetic En.   Total Energy  Conserved En.    Temperature
    1.51569e+04    9.73097e+03    2.48879e+04    2.46952e+04    2.98449e+02
 Pres. DC (bar) Pressure (bar)   Constr. rmsd
   -4.42352e+02   -3.62237e+02    5.22924e-07

           Step           Time
         433000      433.00000

   Energies (kJ/mol)
           Bond          Angle    Proper Dih.          LJ-14     Coulomb-14
    3.25345e+03    5.68805e+03    1.39105e+03    1.73842e+03    3.31226e+04
        LJ (SR)  Disper. corr.   Coulomb (SR)   Coul. recip.   COM Pull En.
   -6.67171e+03   -1.18261e+03   -2.20971e+04    5.42806e+02    5.70712e+00
      Potential    Kinetic En.   Total Energy  Conserved En.    Temperature
    1.57907e+04    9.81156e+03    2.56022e+04    2.46964e+04    3.00920e+02
 Pres. DC (bar) Pressure (bar)   Constr. rmsd
   -4.42352e+02   -1.14975e+03    4.93405e-07

           Step           Time
         434000      434.00000

   Energies (kJ/mol)
           Bond          Angle    Proper Dih.          LJ-14     Coulomb-14
    3.16858e+03    5.68663e+03    1.31069e+03    1.70091e+03    3.31934e+04
        LJ (SR)  Disper. corr.   Coulomb (SR)   Coul. recip.   COM Pull En.
   -6.61840e+03   -1.18261e+03   -2.24362e+04    5.60368e+02    4.36563e+00
      Potential    Kinetic En.   Total Energy  Conserved En.    Temperature
    1.53877e+04    9.79388e+03    2.51816e+04    2.46962e+04    3.00378e+02
 Pres. DC (bar) Pressure (bar)   Constr. rmsd
   -4.42352e+02   -1.29379e+03    5.15923e-07

           Step           Time
         435000      435.00000

   Energies (kJ/mol)
           Bond          Angle    Proper Dih.          LJ-14     Coulomb-14
    3.17707e+03    5.69887e+03    1.32411e+03    1.71312e+03    3.30294e+04
        LJ (SR)  Disper. corr.   Coulomb (SR)   Coul. recip.   COM Pull En.
   -6.52959e+03   -1.18261e+03   -2.20724e+04    5.45402e+02    4.36882e+00
      Potential    Kinetic En.   Total Energy  Conserved En.    Temperature
    1.57077e+04    1.00474e+04    2.57550e+04    2.46928e+04    3.08152e+02
 Pres. DC (bar) Pressure (bar)   Constr. rmsd
   -4.42352e+02    6.40695e+01    5.23870e-07

           Step           Time
         436000      436.00000

   Energies (kJ/mol)
           Bond          Angle    Proper Dih.          LJ-14     Coulomb-14
    3.08212e+03    5.66348e+03    1.37629e+03    1.76171e+03    3.33209e+04
        LJ (SR)  Disper. corr.   Coulomb (SR)   Coul. recip.   COM Pull En.
   -6.68703e+03   -1.18261e+03   -2.23647e+04    5.54715e+02    4.99712e+00
      Potential    Kinetic En.   Total Energy  Conserved En.    Temperature
    1.55298e+04    9.44734e+03    2.49771e+04    2.46967e+04    2.89750e+02
 Pres. DC (bar) Pressure (bar)   Constr. rmsd
   -4.42352e+02    6.04584e+02    5.15705e-07

           Step           Time
         437000      437.00000

   Energies (kJ/mol)
           Bond          Angle    Proper Dih.          LJ-14     Coulomb-14
    3.05426e+03    5.53159e+03    1.34662e+03    1.68662e+03    3.33953e+04
        LJ (SR)  Disper. corr.   Coulomb (SR)   Coul. recip.   COM Pull En.
   -6.70088e+03   -1.18261e+03   -2.24502e+04    5.59845e+02    3.92038e+00
      Potential    Kinetic En.   Total Energy  Conserved En.    Temperature
    1.52445e+04    9.97547e+03    2.52200e+04    2.46908e+04    3.05948e+02
 Pres. DC (bar) Pressure (bar)   Constr. rmsd
   -4.42352e+02    1.97778e+02    4.90215e-07

           Step           Time
         438000      438.00000

   Energies (kJ/mol)
           Bond          Angle    Proper Dih.          LJ-14     Coulomb-14
    3.29184e+03    5.62521e+03    1.34486e+03    1.69202e+03    3.33222e+04
        LJ (SR)  Disper. corr.   Coulomb (SR)   Coul. recip.   COM Pull En.
   -6.72962e+03   -1.18261e+03   -2.24652e+04    5.83674e+02    1.80279e+00
      Potential    Kinetic En.   Total Energy  Conserved En.    Temperature
    1.54842e+04    9.64469e+03    2.51288e+04    2.46976e+04    2.95802e+02
 Pres. DC (bar) Pressure (bar)   Constr. rmsd
   -4.42352e+02   -1.43534e+03    4.94297e-07

           Step           Time
         439000      439.00000

   Energies (kJ/mol)
           Bond          Angle    Proper Dih.          LJ-14     Coulomb-14
    3.17217e+03    5.44899e+03    1.32606e+03    1.69096e+03    3.31307e+04
        LJ (SR)  Disper. corr.   Coulomb (SR)   Coul. recip.   COM Pull En.
   -6.60757e+03   -1.18261e+03   -2.21453e+04    5.37125e+02    5.48803e+00
      Potential    Kinetic En.   Total Energy  Conserved En.    Temperature
    1.53760e+04    9.59156e+03    2.49676e+04    2.46950e+04    2.94173e+02
 Pres. DC (bar) Pressure (bar)   Constr. rmsd
   -4.42352e+02   -1.00036e+03    4.81570e-07

           Step           Time
         440000      440.00000

   Energies (kJ/mol)
           Bond          Angle    Proper Dih.          LJ-14     Coulomb-14
    3.27333e+03    5.73956e+03    1.37041e+03    1.65909e+03    3.30241e+04
        LJ (SR)  Disper. corr.   Coulomb (SR)   Coul. recip.   COM Pull En.
   -6.60666e+03   -1.18261e+03   -2.19948e+04    5.68708e+02    2.94604e+00
      Potential    Kinetic En.   Total Energy  Conserved En.    Temperature
    1.58541e+04    9.53154e+03    2.53856e+04    2.46976e+04    2.92332e+02
 Pres. DC (bar) Pressure (bar)   Constr. rmsd
   -4.42352e+02   -1.45496e+03    5.24828e-07

           Step           Time
         441000      441.00000

   Energies (kJ/mol)
           Bond          Angle    Proper Dih.          LJ-14     Coulomb-14
    3.16219e+03    5.70798e+03    1.33182e+03    1.70090e+03    3.33790e+04
        LJ (SR)  Disper. corr.   Coulomb (SR)   Coul. recip.   COM Pull En.
   -6.69213e+03   -1.18261e+03   -2.23768e+04    5.44946e+02    3.86753e+00
      Potential    Kinetic En.   Total Energy  Conserved En.    Temperature
    1.55791e+04    9.65884e+03    2.52380e+04    2.46961e+04    2.96236e+02
 Pres. DC (bar) Pressure (bar)   Constr. rmsd
   -4.42352e+02   -2.59058e+02    4.90475e-07

           Step           Time
         442000      442.00000

   Energies (kJ/mol)
           Bond          Angle    Proper Dih.          LJ-14     Coulomb-14
    3.28578e+03    5.59054e+03    1.37878e+03    1.73574e+03    3.34869e+04
        LJ (SR)  Disper. corr.   Coulomb (SR)   Coul. recip.   COM Pull En.
   -6.69974e+03   -1.18261e+03   -2.23465e+04    5.66927e+02    7.27467e+00
      Potential    Kinetic En.   Total Energy  Conserved En.    Temperature
    1.58231e+04    9.60618e+03    2.54292e+04    2.46971e+04    2.94621e+02
 Pres. DC (bar) Pressure (bar)   Constr. rmsd
   -4.42352e+02    5.90771e+02    4.54128e-07

           Step           Time
         443000      443.00000

   Energies (kJ/mol)
           Bond          Angle    Proper Dih.          LJ-14     Coulomb-14
    3.07188e+03    5.66934e+03    1.33473e+03    1.75003e+03    3.32633e+04
        LJ (SR)  Disper. corr.   Coulomb (SR)   Coul. recip.   COM Pull En.
   -6.65935e+03   -1.18261e+03   -2.21357e+04    5.34662e+02    1.12881e+01
      Potential    Kinetic En.   Total Energy  Conserved En.    Temperature
    1.56576e+04    9.76822e+03    2.54258e+04    2.46936e+04    2.99591e+02
 Pres. DC (bar) Pressure (bar)   Constr. rmsd
   -4.42352e+02    7.43202e+02    4.98455e-07

           Step           Time
         444000      444.00000

   Energies (kJ/mol)
           Bond          Angle    Proper Dih.          LJ-14     Coulomb-14
    3.18836e+03    5.80558e+03    1.36271e+03    1.76736e+03    3.31846e+04
        LJ (SR)  Disper. corr.   Coulomb (SR)   Coul. recip.   COM Pull En.
   -6.58796e+03   -1.18261e+03   -2.20662e+04    5.12080e+02    1.01140e+01
      Potential    Kinetic En.   Total Energy  Conserved En.    Temperature
    1.59940e+04    9.90792e+03    2.59020e+04    2.46937e+04    3.03876e+02
 Pres. DC (bar) Pressure (bar)   Constr. rmsd
   -4.42352e+02   -1.27166e+03    4.91424e-07

           Step           Time
         445000      445.00000

   Energies (kJ/mol)
           Bond          Angle    Proper Dih.          LJ-14     Coulomb-14
    3.01937e+03    5.64456e+03    1.35540e+03    1.68887e+03    3.30082e+04
        LJ (SR)  Disper. corr.   Coulomb (SR)   Coul. recip.   COM Pull En.
   -6.59324e+03   -1.18261e+03   -2.20223e+04    5.39420e+02    6.22876e+00
      Potential    Kinetic En.   Total Energy  Conserved En.    Temperature
    1.54639e+04    9.62431e+03    2.50882e+04    2.46926e+04    2.95177e+02
 Pres. DC (bar) Pressure (bar)   Constr. rmsd
   -4.42352e+02   -1.25580e+03    5.16607e-07

           Step           Time
         446000      446.00000

   Energies (kJ/mol)
           Bond          Angle    Proper Dih.          LJ-14     Coulomb-14
    3.08492e+03    5.62502e+03    1.35018e+03    1.74000e+03    3.30570e+04
        LJ (SR)  Disper. corr.   Coulomb (SR)   Coul. recip.   COM Pull En.
   -6.71189e+03   -1.18261e+03   -2.20316e+04    5.95472e+02    4.05588e+00
      Potential    Kinetic En.   Total Energy  Conserved En.    Temperature
    1.55306e+04    9.72181e+03    2.52524e+04    2.46919e+04    2.98168e+02
 Pres. DC (bar) Pressure (bar)   Constr. rmsd
   -4.42352e+02    2.47018e+02    4.82264e-07

           Step           Time
         447000      447.00000

   Energies (kJ/mol)
           Bond          Angle    Proper Dih.          LJ-14     Coulomb-14
    3.04705e+03    5.62942e+03    1.31097e+03    1.70030e+03    3.29147e+04
        LJ (SR)  Disper. corr.   Coulomb (SR)   Coul. recip.   COM Pull En.
   -6.77554e+03   -1.18261e+03   -2.19446e+04    5.39025e+02    8.40921e+00
      Potential    Kinetic En.   Total Energy  Conserved En.    Temperature
    1.52471e+04    9.58313e+03    2.48302e+04    2.46943e+04    2.93915e+02
 Pres. DC (bar) Pressure (bar)   Constr. rmsd
   -4.42352e+02    6.26258e+02    4.99432e-07

           Step           Time
         448000      448.00000

   Energies (kJ/mol)
           Bond          Angle    Proper Dih.          LJ-14     Coulomb-14
    3.11118e+03    5.79738e+03    1.35012e+03    1.79704e+03    3.28296e+04
        LJ (SR)  Disper. corr.   Coulomb (SR)   Coul. recip.   COM Pull En.
   -6.58975e+03   -1.18261e+03   -2.19858e+04    5.41114e+02    6.97765e+00
      Potential    Kinetic En.   Total Energy  Conserved En.    Temperature
    1.56752e+04    9.83701e+03    2.55122e+04    2.46917e+04    3.01701e+02
 Pres. DC (bar) Pressure (bar)   Constr. rmsd
   -4.42352e+02    1.87610e+02    5.10512e-07

           Step           Time
         449000      449.00000

   Energies (kJ/mol)
           Bond          Angle    Proper Dih.          LJ-14     Coulomb-14
    3.19726e+03    5.57515e+03    1.34978e+03    1.69240e+03    3.31577e+04
        LJ (SR)  Disper. corr.   Coulomb (SR)   Coul. recip.   COM Pull En.
   -6.60431e+03   -1.18261e+03   -2.22143e+04    5.69376e+02    6.36625e+00
      Potential    Kinetic En.   Total Energy  Conserved En.    Temperature
    1.55467e+04    9.95606e+03    2.55028e+04    2.46900e+04    3.05352e+02
 Pres. DC (bar) Pressure (bar)   Constr. rmsd
   -4.42352e+02   -5.89735e+02    5.05784e-07

           Step           Time
         450000      450.00000

   Energies (kJ/mol)
           Bond          Angle    Proper Dih.          LJ-14     Coulomb-14
    3.20738e+03    5.75593e+03    1.32486e+03    1.66753e+03    3.31737e+04
        LJ (SR)  Disper. corr.   Coulomb (SR)   Coul. recip.   COM Pull En.
   -6.66350e+03   -1.18261e+03   -2.21376e+04    5.65530e+02    6.49120e+00
      Potential    Kinetic En.   Total Energy  Conserved En.    Temperature
    1.57178e+04    9.52562e+03    2.52434e+04    2.46925e+04    2.92151e+02
 Pres. DC (bar) Pressure (bar)   Constr. rmsd
   -4.42352e+02    2.29956e+02    5.05892e-07

           Step           Time
         451000      451.00000

   Energies (kJ/mol)
           Bond          Angle    Proper Dih.          LJ-14     Coulomb-14
    3.21373e+03    5.71147e+03    1.40947e+03    1.79141e+03    3.30189e+04
        LJ (SR)  Disper. corr.   Coulomb (SR)   Coul. recip.   COM Pull En.
   -6.55861e+03   -1.18261e+03   -2.22229e+04    5.42703e+02    3.08044e+00
      Potential    Kinetic En.   Total Energy  Conserved En.    Temperature
    1.57266e+04    9.90137e+03    2.56280e+04    2.46948e+04    3.03675e+02
 Pres. DC (bar) Pressure (bar)   Constr. rmsd
   -4.42352e+02    1.59692e+01    5.25126e-07

           Step           Time
         452000      452.00000

   Energies (kJ/mol)
           Bond          Angle    Proper Dih.          LJ-14     Coulomb-14
    3.13221e+03    5.59289e+03    1.33953e+03    1.74212e+03    3.33596e+04
        LJ (SR)  Disper. corr.   Coulomb (SR)   Coul. recip.   COM Pull En.
   -6.67765e+03   -1.18261e+03   -2.22156e+04    5.51919e+02    5.93703e+00
      Potential    Kinetic En.   Total Energy  Conserved En.    Temperature
    1.56483e+04    9.68407e+03    2.53323e+04    2.46943e+04    2.97010e+02
 Pres. DC (bar) Pressure (bar)   Constr. rmsd
   -4.42352e+02    2.02584e+02    4.90957e-07

           Step           Time
         453000      453.00000

   Energies (kJ/mol)
           Bond          Angle    Proper Dih.          LJ-14     Coulomb-14
    3.24461e+03    5.59305e+03    1.35631e+03    1.72544e+03    3.29854e+04
        LJ (SR)  Disper. corr.   Coulomb (SR)   Coul. recip.   COM Pull En.
   -6.63929e+03   -1.18261e+03   -2.20661e+04    5.58176e+02    3.04250e+00
      Potential    Kinetic En.   Total Energy  Conserved En.    Temperature
    1.55781e+04    9.63757e+03    2.52156e+04    2.46919e+04    2.95584e+02
 Pres. DC (bar) Pressure (bar)   Constr. rmsd
   -4.42352e+02   -5.97763e+02    5.02332e-07

           Step           Time
         454000      454.00000

   Energies (kJ/mol)
           Bond          Angle    Proper Dih.          LJ-14     Coulomb-14
    3.04849e+03    5.58777e+03    1.32933e+03    1.73196e+03    3.31045e+04
        LJ (SR)  Disper. corr.   Coulomb (SR)   Coul. recip.   COM Pull En.
   -6.55546e+03   -1.18261e+03   -2.21009e+04    5.61671e+02    3.18029e+00
      Potential    Kinetic En.   Total Energy  Conserved En.    Temperature
    1.55280e+04    9.80826e+03    2.53362e+04    2.46882e+04    3.00819e+02
 Pres. DC (bar) Pressure (bar)   Constr. rmsd
   -4.42352e+02   -2.34846e+02    4.85229e-07

           Step           Time
         455000      455.00000

   Energies (kJ/mol)
           Bond          Angle    Proper Dih.          LJ-14     Coulomb-14
    3.20652e+03    5.65671e+03    1.34325e+03    1.70652e+03    3.31406e+04
        LJ (SR)  Disper. corr.   Coulomb (SR)   Coul. recip.   COM Pull En.
   -6.60913e+03   -1.18261e+03   -2.21702e+04    5.82236e+02    5.19520e+00
      Potential    Kinetic En.   Total Energy  Conserved En.    Temperature
    1.56790e+04    9.75177e+03    2.54308e+04    2.46906e+04    2.99087e+02
 Pres. DC (bar) Pressure (bar)   Constr. rmsd
   -4.42352e+02   -7.15382e+02    4.55856e-07

           Step           Time
         456000      456.00000

   Energies (kJ/mol)
           Bond          Angle    Proper Dih.          LJ-14     Coulomb-14
    3.22831e+03    5.54023e+03    1.37135e+03    1.71287e+03    3.30874e+04
        LJ (SR)  Disper. corr.   Coulomb (SR)   Coul. recip.   COM Pull En.
   -6.67195e+03   -1.18261e+03   -2.21376e+04    5.61790e+02    2.48261e+00
      Potential    Kinetic En.   Total Energy  Conserved En.    Temperature
    1.55123e+04    9.51837e+03    2.50307e+04    2.46887e+04    2.91928e+02
 Pres. DC (bar) Pressure (bar)   Constr. rmsd
   -4.42352e+02   -5.46329e+02    5.01781e-07

           Step           Time
         457000      457.00000

   Energies (kJ/mol)
           Bond          Angle    Proper Dih.          LJ-14     Coulomb-14
    3.05445e+03    5.98145e+03    1.37508e+03    1.67763e+03    3.30443e+04
        LJ (SR)  Disper. corr.   Coulomb (SR)   Coul. recip.   COM Pull En.
   -6.59352e+03   -1.18261e+03   -2.19838e+04    5.93564e+02    4.57079e+00
      Potential    Kinetic En.   Total Energy  Conserved En.    Temperature
    1.59712e+04    9.93774e+03    2.59089e+04    2.46890e+04    3.04790e+02
 Pres. DC (bar) Pressure (bar)   Constr. rmsd
   -4.42352e+02   -4.86618e+02    4.96618e-07

           Step           Time
         458000      458.00000

   Energies (kJ/mol)
           Bond          Angle    Proper Dih.          LJ-14     Coulomb-14
    3.25975e+03    5.64290e+03    1.38784e+03    1.69334e+03    3.32287e+04
        LJ (SR)  Disper. corr.   Coulomb (SR)   Coul. recip.   COM Pull En.
   -6.67065e+03   -1.18261e+03   -2.22297e+04    5.68870e+02    4.96849e+00
      Potential    Kinetic En.   Total Energy  Conserved En.    Temperature
    1.57034e+04    9.75991e+03    2.54633e+04    2.46890e+04    2.99336e+02
 Pres. DC (bar) Pressure (bar)   Constr. rmsd
   -4.42352e+02   -1.71900e+03    4.92156e-07

           Step           Time
         459000      459.00000

   Energies (kJ/mol)
           Bond          Angle    Proper Dih.          LJ-14     Coulomb-14
    3.10278e+03    5.69540e+03    1.36219e+03    1.72428e+03    3.29373e+04
        LJ (SR)  Disper. corr.   Coulomb (SR)   Coul. recip.   COM Pull En.
   -6.57299e+03   -1.18261e+03   -2.20694e+04    5.44946e+02    4.52745e+00
      Potential    Kinetic En.   Total Energy  Conserved En.    Temperature
    1.55464e+04    9.84816e+03    2.53946e+04    2.46893e+04    3.02043e+02
 Pres. DC (bar) Pressure (bar)   Constr. rmsd
   -4.42352e+02   -8.53024e+02    4.89293e-07

           Step           Time
         460000      460.00000

   Energies (kJ/mol)
           Bond          Angle    Proper Dih.          LJ-14     Coulomb-14
    3.22542e+03    5.51536e+03    1.34762e+03    1.76875e+03    3.32181e+04
        LJ (SR)  Disper. corr.   Coulomb (SR)   Coul. recip.   COM Pull En.
   -6.68735e+03   -1.18261e+03   -2.21602e+04    5.50879e+02    3.52137e+00
      Potential    Kinetic En.   Total Energy  Conserved En.    Temperature
    1.55995e+04    1.00508e+04    2.56503e+04    2.46884e+04    3.08258e+02
 Pres. DC (bar) Pressure (bar)   Constr. rmsd
   -4.42352e+02   -4.76899e+02    5.07415e-07

           Step           Time
         461000      461.00000

   Energies (kJ/mol)
           Bond          Angle    Proper Dih.          LJ-14     Coulomb-14
    3.16369e+03    5.62557e+03    1.38656e+03    1.73705e+03    3.34730e+04
        LJ (SR)  Disper. corr.   Coulomb (SR)   Coul. recip.   COM Pull En.
   -6.54258e+03   -1.18261e+03   -2.25630e+04    5.46420e+02    7.08304e+00
      Potential    Kinetic En.   Total Energy  Conserved En.    Temperature
    1.56512e+04    9.87974e+03    2.55310e+04    2.46885e+04    3.03012e+02
 Pres. DC (bar) Pressure (bar)   Constr. rmsd
   -4.42352e+02   -3.32420e+02    4.96750e-07

           Step           Time
         462000      462.00000

   Energies (kJ/mol)
           Bond          Angle    Proper Dih.          LJ-14     Coulomb-14
    3.09993e+03    5.69183e+03    1.36003e+03    1.70514e+03    3.28930e+04
        LJ (SR)  Disper. corr.   Coulomb (SR)   Coul. recip.   COM Pull En.
   -6.67470e+03   -1.18261e+03   -2.20009e+04    5.46661e+02    4.15020e+00
      Potential    Kinetic En.   Total Energy  Conserved En.    Temperature
    1.54425e+04    9.50810e+03    2.49506e+04    2.46887e+04    2.91613e+02
 Pres. DC (bar) Pressure (bar)   Constr. rmsd
   -4.42352e+02   -1.10256e+03    5.13519e-07

           Step           Time
         463000      463.00000

   Energies (kJ/mol)
           Bond          Angle    Proper Dih.          LJ-14     Coulomb-14
    3.10012e+03    5.47390e+03    1.34852e+03    1.68057e+03    3.31251e+04
        LJ (SR)  Disper. corr.   Coulomb (SR)   Coul. recip.   COM Pull En.
   -6.60353e+03   -1.18261e+03   -2.20474e+04    5.31337e+02    1.69301e+00
      Potential    Kinetic En.   Total Energy  Conserved En.    Temperature
    1.54277e+04    9.60799e+03    2.50357e+04    2.46831e+04    2.94677e+02
 Pres. DC (bar) Pressure (bar)   Constr. rmsd
   -4.42352e+02   -6.08286e+02    4.82596e-07

           Step           Time
         464000      464.00000

   Energies (kJ/mol)
           Bond          Angle    Proper Dih.          LJ-14     Coulomb-14
    3.31878e+03    5.70081e+03    1.37169e+03    1.68374e+03    3.30994e+04
        LJ (SR)  Disper. corr.   Coulomb (SR)   Coul. recip.   COM Pull En.
   -6.71632e+03   -1.18261e+03   -2.20865e+04    5.33304e+02    2.34866e+00
      Potential    Kinetic En.   Total Energy  Conserved En.    Temperature
    1.57247e+04    9.86819e+03    2.55929e+04    2.46847e+04    3.02657e+02
 Pres. DC (bar) Pressure (bar)   Constr. rmsd
   -4.42352e+02   -1.63492e+03    4.73505e-07

           Step           Time
         465000      465.00000

   Energies (kJ/mol)
           Bond          Angle    Proper Dih.          LJ-14     Coulomb-14
    3.31970e+03    5.41712e+03    1.30039e+03    1.70480e+03    3.33059e+04
        LJ (SR)  Disper. corr.   Coulomb (SR)   Coul. recip.   COM Pull En.
   -6.61939e+03   -1.18261e+03   -2.21069e+04    5.79361e+02    1.34280e+00
      Potential    Kinetic En.   Total Energy  Conserved En.    Temperature
    1.57197e+04    9.95528e+03    2.56749e+04    2.46894e+04    3.05328e+02
 Pres. DC (bar) Pressure (bar)   Constr. rmsd
   -4.42352e+02   -2.37827e+02    5.32341e-07

           Step           Time
         466000      466.00000

   Energies (kJ/mol)
           Bond          Angle    Proper Dih.          LJ-14     Coulomb-14
    3.16990e+03    5.65584e+03    1.32775e+03    1.69611e+03    3.31145e+04
        LJ (SR)  Disper. corr.   Coulomb (SR)   Coul. recip.   COM Pull En.
   -6.65257e+03   -1.18261e+03   -2.21481e+04    5.68089e+02    2.33375e+00
      Potential    Kinetic En.   Total Energy  Conserved En.    Temperature
    1.55513e+04    9.76998e+03    2.53212e+04    2.46854e+04    2.99645e+02
 Pres. DC (bar) Pressure (bar)   Constr. rmsd
   -4.42352e+02    1.01409e+02    5.08898e-07

           Step           Time
         467000      467.00000

   Energies (kJ/mol)
           Bond          Angle    Proper Dih.          LJ-14     Coulomb-14
    3.21526e+03    5.82941e+03    1.33672e+03    1.66869e+03    3.31617e+04
        LJ (SR)  Disper. corr.   Coulomb (SR)   Coul. recip.   COM Pull En.
   -6.65798e+03   -1.18261e+03   -2.22399e+04    5.47712e+02    4.18875e+00
      Potential    Kinetic En.   Total Energy  Conserved En.    Temperature
    1.56832e+04    9.48297e+03    2.51662e+04    2.46888e+04    2.90843e+02
 Pres. DC (bar) Pressure (bar)   Constr. rmsd
   -4.42352e+02   -8.11110e+02    4.94812e-07

           Step           Time
         468000      468.00000

   Energies (kJ/mol)
           Bond          Angle    Proper Dih.          LJ-14     Coulomb-14
    3.27723e+03    5.49724e+03    1.28230e+03    1.63457e+03    3.30947e+04
        LJ (SR)  Disper. corr.   Coulomb (SR)   Coul. recip.   COM Pull En.
   -6.57555e+03   -1.18261e+03   -2.21917e+04    5.49188e+02    7.43845e-01
      Potential    Kinetic En.   Total Energy  Conserved En.    Temperature
    1.53861e+04    1.00718e+04    2.54579e+04    2.46834e+04    3.08903e+02
 Pres. DC (bar) Pressure (bar)   Constr. rmsd
   -4.42352e+02   -1.60834e+03    5.13271e-07

           Step           Time
         469000      469.00000

   Energies (kJ/mol)
           Bond          Angle    Proper Dih.          LJ-14     Coulomb-14
    3.38359e+03    5.62017e+03    1.39000e+03    1.65711e+03    3.30566e+04
        LJ (SR)  Disper. corr.   Coulomb (SR)   Coul. recip.   COM Pull En.
   -6.76260e+03   -1.18261e+03   -2.20570e+04    5.59862e+02    4.16949e+00
      Potential    Kinetic En.   Total Energy  Conserved En.    Temperature
    1.56693e+04    9.70467e+03    2.53740e+04    2.46881e+04    2.97642e+02
 Pres. DC (bar) Pressure (bar)   Constr. rmsd
   -4.42352e+02   -2.26592e+03    5.02027e-07

           Step           Time
         470000      470.00000

   Energies (kJ/mol)
           Bond          Angle    Proper Dih.          LJ-14     Coulomb-14
    3.18968e+03    5.84046e+03    1.38848e+03    1.72005e+03    3.30124e+04
        LJ (SR)  Disper. corr.   Coulomb (SR)   Coul. recip.   COM Pull En.
   -6.54950e+03   -1.18261e+03   -2.21293e+04    5.72896e+02    5.60913e+00
      Potential    Kinetic En.   Total Energy  Conserved En.    Temperature
    1.58682e+04    9.80391e+03    2.56722e+04    2.46828e+04    3.00686e+02
 Pres. DC (bar) Pressure (bar)   Constr. rmsd
   -4.42352e+02   -2.04607e+02    5.21614e-07

           Step           Time
         471000      471.00000

   Energies (kJ/mol)
           Bond          Angle    Proper Dih.          LJ-14     Coulomb-14
    3.26384e+03    5.61169e+03    1.32922e+03    1.64561e+03    3.29933e+04
        LJ (SR)  Disper. corr.   Coulomb (SR)   Coul. recip.   COM Pull En.
   -6.63355e+03   -1.18261e+03   -2.19954e+04    5.68883e+02    4.57382e+00
      Potential    Kinetic En.   Total Energy  Conserved En.    Temperature
    1.56056e+04    9.61935e+03    2.52249e+04    2.46863e+04    2.95025e+02
 Pres. DC (bar) Pressure (bar)   Constr. rmsd
   -4.42352e+02   -1.63617e+02    4.79653e-07

           Step           Time
         472000      472.00000

   Energies (kJ/mol)
           Bond          Angle    Proper Dih.          LJ-14     Coulomb-14
    3.23821e+03    5.66692e+03    1.35224e+03    1.69110e+03    3.29700e+04
        LJ (SR)  Disper. corr.   Coulomb (SR)   Coul. recip.   COM Pull En.
   -6.67577e+03   -1.18261e+03   -2.19602e+04    5.74152e+02    2.97529e+00
      Potential    Kinetic En.   Total Energy  Conserved En.    Temperature
    1.56771e+04    9.82350e+03    2.55006e+04    2.46838e+04    3.01287e+02
 Pres. DC (bar) Pressure (bar)   Constr. rmsd
   -4.42352e+02    3.29987e+02    4.75438e-07

           Step           Time
         473000      473.00000

   Energies (kJ/mol)
           Bond          Angle    Proper Dih.          LJ-14     Coulomb-14
    3.24130e+03    5.38641e+03    1.37124e+03    1.73628e+03    3.34666e+04
        LJ (SR)  Disper. corr.   Coulomb (SR)   Coul. recip.   COM Pull En.
   -6.64142e+03   -1.18261e+03   -2.24097e+04    5.63773e+02    2.15608e+00
      Potential    Kinetic En.   Total Energy  Conserved En.    Temperature
    1.55340e+04    9.56858e+03    2.51026e+04    2.46870e+04    2.93468e+02
 Pres. DC (bar) Pressure (bar)   Constr. rmsd
   -4.42352e+02    9.79283e+02    4.88511e-07

           Step           Time
         474000      474.00000

   Energies (kJ/mol)
           Bond          Angle    Proper Dih.          LJ-14     Coulomb-14
    3.11023e+03    5.58978e+03    1.35215e+03    1.68929e+03    3.33787e+04
        LJ (SR)  Disper. corr.   Coulomb (SR)   Coul. recip.   COM Pull En.
   -6.65127e+03   -1.18261e+03   -2.23880e+04    5.59780e+02    1.37490e+00
      Potential    Kinetic En.   Total Energy  Conserved En.    Temperature
    1.54594e+04    9.59700e+03    2.50564e+04    2.46836e+04    2.94340e+02
 Pres. DC (bar) Pressure (bar)   Constr. rmsd
   -4.42352e+02   -5.28327e+01    4.93582e-07

           Step           Time
         475000      475.00000

   Energies (kJ/mol)
           Bond          Angle    Proper Dih.          LJ-14     Coulomb-14
    3.17261e+03    5.70416e+03    1.36626e+03    1.68858e+03    3.33152e+04
        LJ (SR)  Disper. corr.   Coulomb (SR)   Coul. recip.   COM Pull En.
   -6.55443e+03   -1.18261e+03   -2.23549e+04    5.27833e+02    3.01637e+00
      Potential    Kinetic En.   Total Energy  Conserved En.    Temperature
    1.56857e+04    9.46671e+03    2.51524e+04    2.46845e+04    2.90344e+02
 Pres. DC (bar) Pressure (bar)   Constr. rmsd
   -4.42352e+02   -1.60714e+03    4.83772e-07

           Step           Time
         476000      476.00000

   Energies (kJ/mol)
           Bond          Angle    Proper Dih.          LJ-14     Coulomb-14
    3.06762e+03    5.62400e+03    1.38950e+03    1.77596e+03    3.32148e+04
        LJ (SR)  Disper. corr.   Coulomb (SR)   Coul. recip.   COM Pull En.
   -6.70238e+03   -1.18261e+03   -2.22353e+04    5.20767e+02    1.88830e+00
      Potential    Kinetic En.   Total Energy  Conserved En.    Temperature
    1.54742e+04    9.80800e+03    2.52822e+04    2.46826e+04    3.00811e+02
 Pres. DC (bar) Pressure (bar)   Constr. rmsd
   -4.42352e+02   -1.25494e+03    5.18211e-07

           Step           Time
         477000      477.00000

   Energies (kJ/mol)
           Bond          Angle    Proper Dih.          LJ-14     Coulomb-14
    3.04592e+03    5.60749e+03    1.38571e+03    1.79675e+03    3.33115e+04
        LJ (SR)  Disper. corr.   Coulomb (SR)   Coul. recip.   COM Pull En.
   -6.61516e+03   -1.18261e+03   -2.23261e+04    5.67220e+02    3.34096e+00
      Potential    Kinetic En.   Total Energy  Conserved En.    Temperature
    1.55940e+04    9.64964e+03    2.52436e+04    2.46845e+04    2.95954e+02
 Pres. DC (bar) Pressure (bar)   Constr. rmsd
   -4.42352e+02    4.78711e+02    4.79798e-07

           Step           Time
         478000      478.00000

   Energies (kJ/mol)
           Bond          Angle    Proper Dih.          LJ-14     Coulomb-14
    3.11839e+03    5.57207e+03    1.36245e+03    1.69960e+03    3.32599e+04
        LJ (SR)  Disper. corr.   Coulomb (SR)   Coul. recip.   COM Pull En.
   -6.66604e+03   -1.18261e+03   -2.23102e+04    5.54230e+02    3.03235e+00
      Potential    Kinetic En.   Total Energy  Conserved En.    Temperature
    1.54108e+04    9.87060e+03    2.52814e+04    2.46780e+04    3.02731e+02
 Pres. DC (bar) Pressure (bar)   Constr. rmsd
   -4.42352e+02   -2.27902e+02    4.85956e-07

           Step           Time
         479000      479.00000

   Energies (kJ/mol)
           Bond          Angle    Proper Dih.          LJ-14     Coulomb-14
    3.08206e+03    5.61746e+03    1.34870e+03    1.66991e+03    3.31028e+04
        LJ (SR)  Disper. corr.   Coulomb (SR)   Coul. recip.   COM Pull En.
   -6.61716e+03   -1.18261e+03   -2.21274e+04    5.33879e+02    2.17755e+00
      Potential    Kinetic En.   Total Energy  Conserved En.    Temperature
    1.54298e+04    9.79729e+03    2.52271e+04    2.46804e+04    3.00483e+02
 Pres. DC (bar) Pressure (bar)   Constr. rmsd
   -4.42352e+02    4.78298e+01    5.02194e-07

           Step           Time
         480000      480.00000

   Energies (kJ/mol)
           Bond          Angle    Proper Dih.          LJ-14     Coulomb-14
    3.27468e+03    5.95118e+03    1.34097e+03    1.69279e+03    3.30872e+04
        LJ (SR)  Disper. corr.   Coulomb (SR)   Coul. recip.   COM Pull En.
   -6.61727e+03   -1.18261e+03   -2.21443e+04    5.40902e+02    5.76625e+00
      Potential    Kinetic En.   Total Energy  Conserved En.    Temperature
    1.59493e+04    9.75050e+03    2.56998e+04    2.46837e+04    2.99048e+02
 Pres. DC (bar) Pressure (bar)   Constr. rmsd
   -4.42352e+02   -7.46737e+02    4.81010e-07

           Step           Time
         481000      481.00000

   Energies (kJ/mol)
           Bond          Angle    Proper Dih.          LJ-14     Coulomb-14
    3.24943e+03    5.78016e+03    1.35234e+03    1.65520e+03    3.30801e+04
        LJ (SR)  Disper. corr.   Coulomb (SR)   Coul. recip.   COM Pull En.
   -6.50782e+03   -1.18261e+03   -2.21598e+04    5.50362e+02    4.16533e+00
      Potential    Kinetic En.   Total Energy  Conserved En.    Temperature
    1.58216e+04    9.73879e+03    2.55604e+04    2.46846e+04    2.98689e+02
 Pres. DC (bar) Pressure (bar)   Constr. rmsd
   -4.42352e+02   -1.35303e+03    5.14192e-07

           Step           Time
         482000      482.00000

   Energies (kJ/mol)
           Bond          Angle    Proper Dih.          LJ-14     Coulomb-14
    3.19283e+03    5.69610e+03    1.31602e+03    1.66579e+03    3.31458e+04
        LJ (SR)  Disper. corr.   Coulomb (SR)   Coul. recip.   COM Pull En.
   -6.68166e+03   -1.18261e+03   -2.21467e+04    5.86079e+02    3.84405e+00
      Potential    Kinetic En.   Total Energy  Conserved En.    Temperature
    1.55955e+04    9.98741e+03    2.55829e+04    2.46780e+04    3.06314e+02
 Pres. DC (bar) Pressure (bar)   Constr. rmsd
   -4.42352e+02   -2.15900e+03    5.03555e-07

           Step           Time
         483000      483.00000

   Energies (kJ/mol)
           Bond          Angle    Proper Dih.          LJ-14     Coulomb-14
    3.20470e+03    5.51508e+03    1.32033e+03    1.68453e+03    3.28533e+04
        LJ (SR)  Disper. corr.   Coulomb (SR)   Coul. recip.   COM Pull En.
   -6.56878e+03   -1.18261e+03   -2.20846e+04    5.94754e+02    4.52777e+00
      Potential    Kinetic En.   Total Energy  Conserved En.    Temperature
    1.53413e+04    9.73587e+03    2.50771e+04    2.46803e+04    2.98599e+02
 Pres. DC (bar) Pressure (bar)   Constr. rmsd
   -4.42352e+02   -1.35917e+03    5.25313e-07

           Step           Time
         484000      484.00000

   Energies (kJ/mol)
           Bond          Angle    Proper Dih.          LJ-14     Coulomb-14
    3.23268e+03    5.37358e+03    1.34879e+03    1.68573e+03    3.31646e+04
        LJ (SR)  Disper. corr.   Coulomb (SR)   Coul. recip.   COM Pull En.
   -6.65274e+03   -1.18261e+03   -2.23570e+04    5.79926e+02    6.90844e+00
      Potential    Kinetic En.   Total Energy  Conserved En.    Temperature
    1.51998e+04    9.83195e+03    2.50318e+04    2.46772e+04    3.01546e+02
 Pres. DC (bar) Pressure (bar)   Constr. rmsd
   -4.42352e+02   -2.94745e+02    5.24009e-07

           Step           Time
         485000      485.00000

   Energies (kJ/mol)
           Bond          Angle    Proper Dih.          LJ-14     Coulomb-14
    3.06439e+03    5.62816e+03    1.34228e+03    1.71598e+03    3.32906e+04
        LJ (SR)  Disper. corr.   Coulomb (SR)   Coul. recip.   COM Pull En.
   -6.62547e+03   -1.18261e+03   -2.23083e+04    5.63655e+02    4.96051e+00
      Potential    Kinetic En.   Total Energy  Conserved En.    Temperature
    1.54937e+04    9.66329e+03    2.51570e+04    2.46791e+04    2.96373e+02
 Pres. DC (bar) Pressure (bar)   Constr. rmsd
   -4.42352e+02   -1.16002e+02    4.90348e-07

           Step           Time
         486000      486.00000

   Energies (kJ/mol)
           Bond          Angle    Proper Dih.          LJ-14     Coulomb-14
    3.22642e+03    5.61197e+03    1.39288e+03    1.69630e+03    3.33072e+04
        LJ (SR)  Disper. corr.   Coulomb (SR)   Coul. recip.   COM Pull En.
   -6.60618e+03   -1.18261e+03   -2.22831e+04    5.44617e+02    4.74929e+00
      Potential    Kinetic En.   Total Energy  Conserved En.    Temperature
    1.57122e+04    9.97051e+03    2.56827e+04    2.46770e+04    3.05795e+02
 Pres. DC (bar) Pressure (bar)   Constr. rmsd
   -4.42352e+02   -6.11432e+02    4.84846e-07

           Step           Time
         487000      487.00000

   Energies (kJ/mol)
           Bond          Angle    Proper Dih.          LJ-14     Coulomb-14
    3.21787e+03    5.67318e+03    1.36809e+03    1.71482e+03    3.31687e+04
        LJ (SR)  Disper. corr.   Coulomb (SR)   Coul. recip.   COM Pull En.
   -6.65292e+03   -1.18261e+03   -2.23179e+04    5.87650e+02    4.74342e+00
      Potential    Kinetic En.   Total Energy  Conserved En.    Temperature
    1.55816e+04    9.73543e+03    2.53170e+04    2.46792e+04    2.98586e+02
 Pres. DC (bar) Pressure (bar)   Constr. rmsd
   -4.42352e+02   -1.84821e+03    4.89479e-07

           Step           Time
         488000      488.00000

   Energies (kJ/mol)
           Bond          Angle    Proper Dih.          LJ-14     Coulomb-14
    3.36354e+03    5.61271e+03    1.36063e+03    1.66726e+03    3.30499e+04
        LJ (SR)  Disper. corr.   Coulomb (SR)   Coul. recip.   COM Pull En.
   -6.69729e+03   -1.18261e+03   -2.22491e+04    5.77452e+02    4.41215e+00
      Potential    Kinetic En.   Total Energy  Conserved En.    Temperature
    1.55070e+04    9.60347e+03    2.51104e+04    2.46771e+04    2.94538e+02
 Pres. DC (bar) Pressure (bar)   Constr. rmsd
   -4.42352e+02   -2.18273e+03    5.25556e-07

           Step           Time
         489000      489.00000

   Energies (kJ/mol)
           Bond          Angle    Proper Dih.          LJ-14     Coulomb-14
    3.15846e+03    5.50511e+03    1.35543e+03    1.71436e+03    3.30879e+04
        LJ (SR)  Disper. corr.   Coulomb (SR)   Coul. recip.   COM Pull En.
   -6.70866e+03   -1.18261e+03   -2.20884e+04    5.44586e+02    3.39488e+00
      Potential    Kinetic En.   Total Energy  Conserved En.    Temperature
    1.53896e+04    9.78052e+03    2.51702e+04    2.46766e+04    2.99968e+02
 Pres. DC (bar) Pressure (bar)   Constr. rmsd
   -4.42352e+02   -4.85608e+02    4.93523e-07

           Step           Time
         490000      490.00000

   Energies (kJ/mol)
           Bond          Angle    Proper Dih.          LJ-14     Coulomb-14
    3.16223e+03    5.61429e+03    1.32781e+03    1.67008e+03    3.33545e+04
        LJ (SR)  Disper. corr.   Coulomb (SR)   Coul. recip.   COM Pull En.
   -6.65094e+03   -1.18261e+03   -2.23492e+04    5.47186e+02    3.96840e+00
      Potential    Kinetic En.   Total Energy  Conserved En.    Temperature
    1.54973e+04    9.69114e+03    2.51884e+04    2.46760e+04    2.97227e+02
 Pres. DC (bar) Pressure (bar)   Constr. rmsd
   -4.42352e+02   -3.51002e+02    4.86136e-07

           Step           Time
         491000      491.00000

   Energies (kJ/mol)
           Bond          Angle    Proper Dih.          LJ-14     Coulomb-14
    3.17847e+03    5.69346e+03    1.37792e+03    1.68315e+03    3.31521e+04
        LJ (SR)  Disper. corr.   Coulomb (SR)   Coul. recip.   COM Pull En.
   -6.75807e+03   -1.18261e+03   -2.21655e+04    5.57702e+02    6.49060e+00
      Potential    Kinetic En.   Total Energy  Conserved En.    Temperature
    1.55431e+04    9.64038e+03    2.51835e+04    2.46756e+04    2.95670e+02
 Pres. DC (bar) Pressure (bar)   Constr. rmsd
   -4.42352e+02   -5.84320e+01    4.80752e-07

           Step           Time
         492000      492.00000

   Energies (kJ/mol)
           Bond          Angle    Proper Dih.          LJ-14     Coulomb-14
    3.29842e+03    5.89710e+03    1.39133e+03    1.71661e+03    3.34034e+04
        LJ (SR)  Disper. corr.   Coulomb (SR)   Coul. recip.   COM Pull En.
   -6.66439e+03   -1.18261e+03   -2.24498e+04    5.55619e+02    6.36318e+00
      Potential    Kinetic En.   Total Energy  Conserved En.    Temperature
    1.59720e+04    9.94256e+03    2.59146e+04    2.46759e+04    3.04938e+02
 Pres. DC (bar) Pressure (bar)   Constr. rmsd
   -4.42352e+02   -2.43528e+02    4.84260e-07

           Step           Time
         493000      493.00000

   Energies (kJ/mol)
           Bond          Angle    Proper Dih.          LJ-14     Coulomb-14
    3.26105e+03    5.75189e+03    1.36158e+03    1.64686e+03    3.30382e+04
        LJ (SR)  Disper. corr.   Coulomb (SR)   Coul. recip.   COM Pull En.
   -6.64586e+03   -1.18261e+03   -2.20317e+04    5.59144e+02    3.17484e+00
      Potential    Kinetic En.   Total Energy  Conserved En.    Temperature
    1.57618e+04    9.59355e+03    2.53553e+04    2.46738e+04    2.94234e+02
 Pres. DC (bar) Pressure (bar)   Constr. rmsd
   -4.42352e+02   -1.17164e+03    4.95238e-07

           Step           Time
         494000      494.00000

   Energies (kJ/mol)
           Bond          Angle    Proper Dih.          LJ-14     Coulomb-14
    3.33203e+03    5.54710e+03    1.31265e+03    1.68424e+03    3.29537e+04
        LJ (SR)  Disper. corr.   Coulomb (SR)   Coul. recip.   COM Pull En.
   -6.53434e+03   -1.18261e+03   -2.21028e+04    5.67975e+02    4.02004e+00
      Potential    Kinetic En.   Total Energy  Conserved En.    Temperature
    1.55820e+04    9.55103e+03    2.51330e+04    2.46741e+04    2.92930e+02
 Pres. DC (bar) Pressure (bar)   Constr. rmsd
   -4.42352e+02   -2.15384e+03    4.98615e-07

           Step           Time
         495000      495.00000

   Energies (kJ/mol)
           Bond          Angle    Proper Dih.          LJ-14     Coulomb-14
    3.04442e+03    5.56609e+03    1.43311e+03    1.83189e+03    3.32998e+04
        LJ (SR)  Disper. corr.   Coulomb (SR)   Coul. recip.   COM Pull En.
   -6.59613e+03   -1.18261e+03   -2.24069e+04    5.82400e+02    3.37992e+00
      Potential    Kinetic En.   Total Energy  Conserved En.    Temperature
    1.55754e+04    9.75344e+03    2.53289e+04    2.46712e+04    2.99138e+02
 Pres. DC (bar) Pressure (bar)   Constr. rmsd
   -4.42352e+02   -6.01297e+02    5.31472e-07

           Step           Time
         496000      496.00000

   Energies (kJ/mol)
           Bond          Angle    Proper Dih.          LJ-14     Coulomb-14
    3.25583e+03    5.49781e+03    1.39181e+03    1.76994e+03    3.29997e+04
        LJ (SR)  Disper. corr.   Coulomb (SR)   Coul. recip.   COM Pull En.
   -6.55444e+03   -1.18261e+03   -2.22065e+04    5.60618e+02    3.25391e+00
      Potential    Kinetic En.   Total Energy  Conserved En.    Temperature
    1.55354e+04    9.78567e+03    2.53211e+04    2.46733e+04    3.00126e+02
 Pres. DC (bar) Pressure (bar)   Constr. rmsd
   -4.42352e+02   -3.25454e+01    5.01040e-07

           Step           Time
         497000      497.00000

   Energies (kJ/mol)
           Bond          Angle    Proper Dih.          LJ-14     Coulomb-14
    3.15335e+03    5.55719e+03    1.36198e+03    1.65773e+03    3.34075e+04
        LJ (SR)  Disper. corr.   Coulomb (SR)   Coul. recip.   COM Pull En.
   -6.76126e+03   -1.18261e+03   -2.23316e+04    5.41750e+02    3.65084e+00
      Potential    Kinetic En.   Total Energy  Conserved En.    Temperature
    1.54077e+04    9.73087e+03    2.51386e+04    2.46744e+04    2.98446e+02
 Pres. DC (bar) Pressure (bar)   Constr. rmsd
   -4.42352e+02   -2.92650e+02    5.41736e-07

           Step           Time
         498000      498.00000

   Energies (kJ/mol)
           Bond          Angle    Proper Dih.          LJ-14     Coulomb-14
    3.19259e+03    5.63826e+03    1.35742e+03    1.65657e+03    3.31901e+04
        LJ (SR)  Disper. corr.   Coulomb (SR)   Coul. recip.   COM Pull En.
   -6.68663e+03   -1.18261e+03   -2.23304e+04    5.72211e+02    2.60579e+00
      Potential    Kinetic En.   Total Energy  Conserved En.    Temperature
    1.54101e+04    9.65510e+03    2.50652e+04    2.46737e+04    2.96122e+02
 Pres. DC (bar) Pressure (bar)   Constr. rmsd
   -4.42352e+02   -1.25044e+03    4.92740e-07

           Step           Time
         499000      499.00000

   Energies (kJ/mol)
           Bond          Angle    Proper Dih.          LJ-14     Coulomb-14
    3.22974e+03    5.67233e+03    1.38358e+03    1.67780e+03    3.29384e+04
        LJ (SR)  Disper. corr.   Coulomb (SR)   Coul. recip.   COM Pull En.
   -6.53918e+03   -1.18261e+03   -2.21013e+04    5.63440e+02    5.94354e+00
      Potential    Kinetic En.   Total Energy  Conserved En.    Temperature
    1.56481e+04    9.80274e+03    2.54508e+04    2.46736e+04    3.00650e+02
 Pres. DC (bar) Pressure (bar)   Constr. rmsd
   -4.42352e+02   -1.96563e+03    4.81872e-07

           Step           Time
         500000      500.00000

Writing checkpoint, step 500000 at Tue Oct  6 09:12:43 2026


   Energies (kJ/mol)
           Bond          Angle    Proper Dih.          LJ-14     Coulomb-14
    3.11263e+03    5.69865e+03    1.36156e+03    1.70344e+03    3.30079e+04
        LJ (SR)  Disper. corr.   Coulomb (SR)   Coul. recip.   COM Pull En.
   -6.58699e+03   -1.18261e+03   -2.20942e+04    5.80345e+02    3.93583e+00
      Potential    Kinetic En.   Total Energy  Conserved En.    Temperature
    1.56047e+04    9.55170e+03    2.51564e+04    2.46730e+04    2.92950e+02
 Pres. DC (bar) Pressure (bar)   Constr. rmsd
   -4.42352e+02   -1.74817e+03    5.24065e-07


Energy conservation over simulation part #1 of length 500 ps, time 0 to 500 ps
  Conserved energy drift: -1.23e-04 kJ/mol/ps per atom


	<======  ###############  ==>
	<====  A V E R A G E S  ====>
	<==  ###############  ======>

	Statistics over 500001 steps using 5001 frames

   Energies (kJ/mol)
           Bond          Angle    Proper Dih.          LJ-14     Coulomb-14
    3.19501e+03    5.63202e+03    1.35439e+03    1.71684e+03    3.31630e+04
        LJ (SR)  Disper. corr.   Coulomb (SR)   Coul. recip.   COM Pull En.
   -6.65861e+03   -1.18261e+03   -2.22163e+04    5.53814e+02    3.79100e+00
      Potential    Kinetic En.   Total Energy  Conserved En.    Temperature
    1.55613e+04    9.72775e+03    2.52891e+04    2.47683e+04    2.98350e+02
 Pres. DC (bar) Pressure (bar)   Constr. rmsd
   -4.42352e+02   -6.16589e+02    0.00000e+00

   Total Virial (kJ/mol)
    4.24255e+03    1.90713e+01    2.09853e+01
    1.90712e+01    4.28074e+03   -1.55910e+00
    2.09847e+01   -1.55883e+00    3.68117e+03

   Pressure (bar)
   -7.41977e+02   -1.37742e+01   -1.70464e+01
   -1.37741e+01   -7.73232e+02    1.99029e+00
   -1.70459e+01    1.99009e+00   -3.34558e+02


	M E G A - F L O P S   A C C O U N T I N G

 NB=Group-cutoff nonbonded kernels    NxN=N-by-N cluster Verlet kernels
 RF=Reaction-Field  VdW=Van der Waals  QSTab=quadratic-spline table
 W3=SPC/TIP3p  W4=TIP4p (single or pairs)
 V&F=Potential and force  V=Potential only  F=Force only

 Computing:                               M-Number         M-Flops  % Flops
-----------------------------------------------------------------------------
 Pair Search distance check            4300.426848       38703.842     0.1
 NxN Ewald Elec. + LJ [F]            560443.416984    36989265.521    79.2
 NxN Ewald Elec. + LJ [V&F]            5662.190896      605854.426     1.3
 NxN LJ [F]                           42270.834672     1394937.544     3.0
 NxN LJ [V&F]                           427.053072       18363.282     0.0
 NxN Ewald Elec. [F]                  14658.713784      894181.541     1.9
 NxN Ewald Elec. [V&F]                  148.096800       12440.131     0.0
 1,4 nonbonded interactions            2373.004746      213570.427     0.5
 Calc Weights                          4837.509675      174150.348     0.4
 Spread Q Bspline                    103200.206400      206400.413     0.4
 Gather F Bspline                    103200.206400      619201.238     1.3
 3D-FFT                              491519.983038     3932159.864     8.4
 Solve PME                             8704.017408      557057.114     1.2
 Reset In Box                            16.125000          48.375     0.0
 CG-CoM                                  16.128225          48.385     0.0
 Bonds                                 1031.002062       60829.122     0.1
 Angles                                2206.004412      370608.741     0.8
 Propers                               2462.004924      563799.128     1.2
 Virial                                  16.353270         294.359     0.0
 Calc-Ekin                              129.006450        3483.174     0.0
 Lincs                                  244.000488       14640.029     0.0
 Lincs-Mat                              264.000528        1056.002     0.0
 Constraint-V                           488.000976        4392.009     0.0
 Constraint-Vir                           2.440488          58.572     0.0
-----------------------------------------------------------------------------
 Total                                                46675543.587   100.0
-----------------------------------------------------------------------------


    D O M A I N   D E C O M P O S I T I O N   S T A T I S T I C S

 av. #atoms communicated per step for force:  2 x 0.0
 av. #atoms communicated per step for LINCS:  3 x 0.0


      R E A L   C Y C L E   A N D   T I M E   A C C O U N T I N G

On 1 MPI rank

 Activity:              Num   Num      Call    Wall time         Giga-Cycles
                        Ranks Threads  Count      (s)         total sum    %
--------------------------------------------------------------------------------
 Domain decomp.            1    1       5000       4.684          0.112   0.3
 Neighbor search           1    1       5001      22.862          0.549   1.7
 Force                     1    1     500001    1130.867         27.141  83.3
 PME mesh                  1    1     500001     173.961          4.175  12.8
 NB X/F buffer ops.        1    1    1000002       5.363          0.129   0.4
 COM pull force            1    1     500001       2.590          0.062   0.2
 Write traj.               1    1        502       0.144          0.003   0.0
 Update                    1    1     500001       4.211          0.101   0.3
 Constraints               1    1     500001       8.710          0.209   0.6
 Kinetic energy            1    1      40001       0.619          0.015   0.0
 Rest                                              4.269          0.102   0.3
--------------------------------------------------------------------------------
 Total                                          1358.281         32.599 100.0
--------------------------------------------------------------------------------
 Breakdown of PME mesh activities
--------------------------------------------------------------------------------
 PME spread                1    1     500001      42.967          1.031   3.2
 PME gather                1    1     500001      36.298          0.871   2.7
 PME 3D-FFT                1    1    1000002      79.089          1.898   5.8
 PME solve Elec            1    1     500001      15.279          0.367   1.1
--------------------------------------------------------------------------------

               Core t (s)   Wall t (s)        (%)
       Time:     1358.281     1358.281      100.0
                 (ns/day)    (hour/ns)    (ms/step)  (Matom*steps/s) 
Performance:       31.805        0.755        2.717            1.187 
Finished mdrun on rank 0 Tue Oct  6 09:12:43 2026

