                :-) GROMACS - gmx mdrun, 2026.3-conda_forge (-:

Copyright 1991-2026 The GROMACS Authors.
GROMACS is free software; you can redistribute it and/or modify it
under the terms of the GNU Lesser General Public License
as published by the Free Software Foundation; either version 2.1
of the License, or (at your option) any later version.

                         Current GROMACS contributors:
       Mark Abraham           Andrey Alekseenko           Brian Andrews       
        Paul Bauer              Cathrine Bergh              Hugh Bird         
      Eliane Briand               Ania Brown                Yiqi Chen         
      Mahesh Doijade            Giacomo Fiorin          Stefan Fleischmann    
      Sergey Gorelov         Gilles Gouaillardet            Alan Gray         
   Farzaneh Jalalypour         Petter Johansson          Carsten Kutzner      
    Grzegorz Łazarski         Justin A. Lemkul          Magnus Lundborg      
        Julio Maia               Pascal Merz             Vedran Miletić      
      Dmitry Morozov           Lukas Müllender           Szilárd Páll      
 Andrea Pasquadibisceglie     Michele Pellegrino         Nicola Piasentin     
     Daniele Rapetti         Muhammad Umair Sadiq         Hubert Santuz       
      Michael Shirts           Tatiana Shugaeva          Alexey Shvetsov      
     Bálint Soproni            Philip Turner            Alessandra Villa     
        Yang Zhang        

                         Previous GROMACS contributors:
        Emile Apol             Rossen Apostolov           James Barnett       
      Vladimir Basov        Herman J.C. Berendsen          Par Bjelkmar       
      Christian Blau          Viacheslav Bolnykh            Kevin Boyd        
    Aldert van Buuren          Carlo Camilloni           Rudi van Drunen      
      Anton Feenstra           Oliver Fleetwood            Vytas Gapsys       
       Gaurav Garg             Gerrit Groenhof            Bert de Groot       
      Anca Hamuraru           Vincent Hindriksen          Victor Holanda      
     M. Eric Irrgang           Aleksei Iupinov              Joe Jordan        
    Christoph Junghans        Prashanth Kanduri        Dimitrios Karkoulis    
       Peter Kasson             Sebastian Kehl           Sebastian Keller     
        Jiri Kraus               Per Larsson              Viveca Lindahl      
      Erik Marklund           Pieter Meulenhoff           Teemu Murtola       
       Julien Nabet              Sander Pronk             Roland Schulz       
      Alfons Sijbers         David van der Spoel          Peter Tieleman      
      Carsten Uphoff             Jon Vincent             Teemu Virolainen     
    Christian Wennberg     Sebastian Wingbermühle         Maarten Wolf       
      Artem Zhmurov       

                  Coordinated by the GROMACS project leaders:
                           Berk Hess and Erik Lindahl

GROMACS:      gmx mdrun, version 2026.3-conda_forge
Executable:   /Users/mattiaapicella/Documents/Codex/2026-10-06/06-10-26-00-55-24/work/molecular/gromacs-env/bin.ARM_NEON_ASIMD/gmx
Data prefix:  /Users/mattiaapicella/Documents/Codex/2026-10-06/06-10-26-00-55-24/work/molecular/gromacs-env
Working dir:  /Users/mattiaapicella/Documents/Codex/2026-10-06/06-10-26-00-55-24/work/molecular/results/gaff-systems/DMF_n0_seed20261006
Process ID:   62519
Command line:
  gmx mdrun -deffnm min -ntmpi 1 -ntomp 2 -pin off -nice 8

GROMACS version:     2026.3-conda_forge
Precision:           mixed
Memory model:        64 bit
MPI library:         thread_mpi
MPI version:         built in
OpenMP support:      enabled (GMX_OPENMP_MAX_THREADS = 128)
GPU support:         disabled
SIMD instructions:   ARM_NEON_ASIMD
CPU FFT library:     fftw-3.3.11
GPU FFT library:     none
Multi-GPU FFT:       none
TNG support:         enabled
Hwloc support:       disabled
Tracing support:     disabled
Colvars support:     enabled (version 2025-10-13)
CP2K support:        disabled
Torch support:       disabled
Plumed support:      enabled
C compiler:          /Users/runner/miniforge3/conda-bld/gromacs_1785262939206/_build_env/bin/arm64-apple-darwin20.0.0-clang Clang 19.1.7
C compiler flags:    -Wno-missing-field-initializers -O3 -DNDEBUG
C++ compiler:        /Users/runner/miniforge3/conda-bld/gromacs_1785262939206/_build_env/bin/arm64-apple-darwin20.0.0-clang++ Clang 19.1.7
C++ compiler flags:  -Wno-reserved-identifier -Wno-missing-field-initializers -Weverything -Wno-c++98-compat -Wno-c++98-compat-pedantic -Wno-source-uses-openmp -Wno-c++17-extensions -Wno-documentation-unknown-command -Wno-covered-switch-default -Wno-switch-enum -Wno-switch-default -Wno-extra-semi-stmt -Wno-weak-vtables -Wno-shadow -Wno-padded -Wno-reserved-id-macro -Wno-double-promotion -Wno-exit-time-destructors -Wno-global-constructors -Wno-documentation -Wno-format-nonliteral -Wno-used-but-marked-unused -Wno-float-equal -Wno-conditional-uninitialized -Wno-conversion -Wno-disabled-macro-expansion -Wno-unused-macros -Wno-unsafe-buffer-usage -Wno-cast-function-type-strict SHELL:-fopenmp=libomp -O3 -DNDEBUG
BLAS library:        External - detected on the system
LAPACK library:      External - detected on the system


Running on 1 node with total 0 processing units
Hardware detected on host Mattias-MacBook-Pro.local:
  CPU info:
    Vendor: ARM
    Brand:  Unknown CPU brand
    Family: 0   Model: 0   Stepping: 0
    Features: neon neon_asimd
  Hardware topology: Only logical processor count
    CPU limit set by OS: -1   Recommended max number of threads: 8


++++ PLEASE READ AND CITE THE FOLLOWING REFERENCE ++++
M. J. Abraham, T. Murtola, R. Schulz, S. Páll, J. C. Smith, B. Hess, E.
Lindahl
GROMACS: High performance molecular simulations through multi-level
parallelism from laptops to supercomputers
SoftwareX (2015)
https://doi.org/10.1016/j.softx.2015.06.001
-------- -------- --- Thank You --- -------- --------


++++ PLEASE READ AND CITE THE FOLLOWING REFERENCE ++++
S. Páll, M. J. Abraham, C. Kutzner, B. Hess, E. Lindahl
Tackling Exascale Software Challenges in Molecular Dynamics Simulations with
GROMACS
In S. Markidis & E. Laure (Eds.), Solving Software Challenges for Exascale (2015)
https://doi.org/10.1007/978-3-319-15976-8_1
-------- -------- --- Thank You --- -------- --------


++++ PLEASE READ AND CITE THE FOLLOWING REFERENCE ++++
S. Pronk, S. Páll, R. Schulz, P. Larsson, P. Bjelkmar, R. Apostolov, M. R.
Shirts, J. C. Smith, P. M. Kasson, D. van der Spoel, B. Hess, E. Lindahl
GROMACS 4.5: a high-throughput and highly parallel open source molecular
simulation toolkit
Bioinformatics (2013)
https://doi.org/10.1093/bioinformatics/btt055
-------- -------- --- Thank You --- -------- --------


++++ PLEASE READ AND CITE THE FOLLOWING REFERENCE ++++
B. Hess, C. Kutzner, D. van der Spoel, E. Lindahl
GROMACS 4: Algorithms for highly efficient, load-balanced, and scalable
molecular simulation
J. Chem. Theory Comput. (2008)
https://doi.org/10.1021/ct700301q
-------- -------- --- Thank You --- -------- --------


++++ PLEASE READ AND CITE THE FOLLOWING REFERENCE ++++
D. van der Spoel, E. Lindahl, B. Hess, G. Groenhof, A. E. Mark, H. J. C.
Berendsen
GROMACS: Fast, Flexible and Free
J. Comp. Chem. (2005)
https://doi.org/10.1002/jcc.20291
-------- -------- --- Thank You --- -------- --------


++++ PLEASE READ AND CITE THE FOLLOWING REFERENCE ++++
E. Lindahl, B. Hess, D. van der Spoel
GROMACS 3.0: A package for molecular simulation and trajectory analysis
J. Mol. Mod. (2001)
https://doi.org/10.1007/s008940100045
-------- -------- --- Thank You --- -------- --------


++++ PLEASE READ AND CITE THE FOLLOWING REFERENCE ++++
H. J. C. Berendsen, D. van der Spoel and R. van Drunen
GROMACS: A message-passing parallel molecular dynamics implementation
Comp. Phys. Comm. (1995)
https://doi.org/10.1016/0010-4655(95)00042-E
-------- -------- --- Thank You --- -------- --------

Input Parameters:
   integrator                     = steep
   tinit                          = 0
   dt                             = 0.001
   nsteps                         = 5000
   init-step                      = 0
   simulation-part                = 1
   mts                            = false
   mass-repartition-factor        = 1
   comm-mode                      = Linear
   nstcomm                        = 100
   bd-fric                        = 0
   ld-seed                        = -84321409
   emtol                          = 500
   emstep                         = 0.005
   niter                          = 20
   fcstep                         = 0
   nstcgsteep                     = 1000
   nbfgscorr                      = 10
   rtpi                           = 0.05
   nstxout                        = 0
   nstvout                        = 0
   nstfout                        = 0
   nstlog                         = 1000
   nstcalcenergy                  = 100
   nstenergy                      = 100
   nstxout-compressed             = 0
   compressed-x-precision         = 1000
   cutoff-scheme                  = Verlet
   nstlist                        = 20
   pbc                            = xyz
   periodic-molecules             = false
   verlet-buffer-tolerance        = 0.005
   verlet-buffer-pressure-tolerance = 0.5
   rlist                          = 1.05
   coulombtype                    = PME
   coulomb-modifier               = Potential-shift
   rcoulomb-switch                = 0
   rcoulomb                       = 1
   epsilon-r                      = 1
   epsilon-rf                     = inf
   vdw-type                       = Cut-off
   vdw-modifier                   = Potential-shift
   rvdw-switch                    = 0
   rvdw                           = 1
   DispCorr                       = EnerPres
   table-extension                = 1
   fourierspacing                 = 0.12
   fourier-nx                     = 24
   fourier-ny                     = 24
   fourier-nz                     = 24
   pme-order                      = 4
   ewald-rtol                     = 0.0001
   ewald-rtol-lj                  = 0.001
   lj-pme-comb-rule               = Geometric
   ewald-geometry                 = 3d
   epsilon-surface                = 0
   ensemble-temperature-setting   = not available
   tcoupl                         = No
   nsttcouple                     = -1
   nh-chain-length                = 0
   print-nose-hoover-chain-variables = false
   pcoupl                         = No
   refcoord-scaling               = No
   posres-com: not available
   posres-comB: not available
   QMMM                           = false
qm-opts:
   ngQM                           = 0
   constraint-algorithm           = Lincs
   continuation                   = false
   Shake-SOR                      = false
   shake-tol                      = 0.0001
   lincs-order                    = 6
   lincs-iter                     = 2
   lincs-warnangle                = 30
   nwall                          = 0
   wall-type                      = 9-3
   wall-r-linpot                  = -1
   wall-atomtype[0]               = -1
   wall-atomtype[1]               = -1
   wall-density[0]                = 0
   wall-density[1]                = 0
   wall-ewald-zfac                = 3
   pull                           = false
   awh                            = false
   rotation                       = false
   interactiveMD                  = false
   disre                          = No
   disre-weighting                = Conservative
   disre-mixed                    = false
   dr-fc                          = 1000
   dr-tau                         = 0
   nstdisreout                    = 100
   orire-fc                       = 0
   orire-tau                      = 0
   nstorireout                    = 100
   free-energy                    = no
   cos-acceleration               = 0
   deform (3x3):
      deform[    0]={ 0.00000e+00,  0.00000e+00,  0.00000e+00}
      deform[    1]={ 0.00000e+00,  0.00000e+00,  0.00000e+00}
      deform[    2]={ 0.00000e+00,  0.00000e+00,  0.00000e+00}
   simulated-tempering            = false
   swapcoords                     = no
   userint1                       = 0
   userint2                       = 0
   userint3                       = 0
   userint4                       = 0
   userreal1                      = 0
   userreal2                      = 0
   userreal3                      = 0
   userreal4                      = 0
   applied-forces:
     electric-field:
       x:
         E0                       = 0
         omega                    = 0
         t0                       = 0
         sigma                    = 0
       y:
         E0                       = 0
         omega                    = 0
         t0                       = 0
         sigma                    = 0
       z:
         E0                       = 0
         omega                    = 0
         t0                       = 0
         sigma                    = 0
     density-guided-simulation:
       active                     = false
       group                      = protein
       similarity-measure         = inner-product
       atom-spreading-weight      = unity
       force-constant             = 1e+09
       gaussian-transform-spreading-width = 0.2
       gaussian-transform-spreading-range-in-multiples-of-width = 4
       reference-density-filename = reference.mrc
       nst                        = 1
       normalize-densities        = true
       adaptive-force-scaling     = false
       adaptive-force-scaling-time-constant = 4
       shift-vector               = 
       transformation-matrix      = 
     qmmm-cp2k:
       active                     = false
       qmgroup                    = System
       qmmethod                   = PBE
       qmfilenames                = 
       qmcharge                   = 0
       qmmultiplicity             = 1
     colvars:
       active                     = false
       configfile                 = 
       seed                       = -1
     nnpot:
       active                     = false
       modelfile                  = model.pt
       input-group                = System
       link-type                  = H
       link-distance              = 0.1
       pair-cutoff                = 0
       embedding                  = mechanical
       nnp-charge                 = 0
       model-input1               = 
       model-input2               = 
       model-input3               = 
       model-input4               = 
       model-input5               = 
       model-input6               = 
       model-input7               = 
       model-input8               = 
       model-input9               = 
   fast-multipole-method:
     fmm:
       backend                    = inactive
       exafmm-order               = 6
       exafmm-direct-range        = 2
       exafmm-direct-provider     = GROMACS
       exafmm-tree-type           = uniform
       exafmm-tree-depth          = 0
       exafmm-max-particles-per-cell = 0
       fmsolvr-order              = 8
       fmsolvr-direct-range       = 1
       fmsolvr-direct-provider    = FMM
       fmsolvr-dipole-compensation = true
       fmsolvr-tree-depth         = 3
       fmsolvr-sparse             = false
grpopts:
   nrdf:        3622
   ref-t:           0
   tau-t:           0
annealing:          No
annealing-npoints:           0
   acc:	           0           0           0
   nfreeze:           N           N           N
   energygrp-flags[  0]: 0

Update groups can not be used for this system because atoms that are (in)directly constrained together are interdispersed with other atoms

Initializing Domain Decomposition on 1 ranks
NOTE: disabling dynamic load balancing as it is only supported with dynamics, not with integrator 'steep'.
Dynamic load balancing: off
Minimum cell size due to atom displacement: 0.050 nm
Initial maximum distances in bonded interactions:
    two-body bonded interactions: 0.358 nm, LJ-14, atoms 855 857
  multi-body bonded interactions: 0.358 nm, Proper Dih., atoms 855 857
Minimum cell size due to bonded interactions: 0.394 nm
Maximum distance for 7 constraints, at 120 deg. angles, all-trans: 0.219 nm
Estimated maximum distance required for P-LINCS: 0.219 nm
Using 0 separate PME ranks because: there are too few total ranks for efficient splitting
Optimizing the DD grid for 1 cells with a minimum initial size of 0.394 nm
The maximum allowed number of cells is: X 6 Y 6 Z 6
Domain decomposition grid 1 x 1 x 1, separate PME ranks 0
PME domain decomposition: 1 x 1 x 1

The initial number of communication pulses is:
The initial domain decomposition cell size is:

The maximum allowed distance for atoms involved in interactions is:
                 non-bonded interactions           1.050 nm
            two-body bonded interactions  (-rdd)   1.050 nm
          multi-body bonded interactions  (-rdd)   1.050 nm
  atoms separated by up to 7 constraints  (-rcon)  2.667 nm

Local state does not use filler particles

Using 1 MPI thread
Using 2 OpenMP threads 

System total charge: -0.000
Will do PME sum in reciprocal space for electrostatic interactions.

++++ PLEASE READ AND CITE THE FOLLOWING REFERENCE ++++
U. Essmann, L. Perera, M. L. Berkowitz, T. Darden, H. Lee, L. G. Pedersen 
A smooth particle mesh Ewald method
J. Chem. Phys. (1995)
https://doi.org/10.1063/1.470117
-------- -------- --- Thank You --- -------- --------

Using a Gaussian width (1/beta) of 0.363496 nm for Ewald
Potential shift: LJ r^-12: -1.000e+00 r^-6: -1.000e+00, Ewald -1.000e-04
Initialized non-bonded Coulomb Ewald tables, spacing: 9.94e-04 size: 1007

Generated table with 1025 data points for 1-4 COUL.
Tabscale = 500 points/nm
Generated table with 1025 data points for 1-4 LJ6.
Tabscale = 500 points/nm
Generated table with 1025 data points for 1-4 LJ12.
Tabscale = 500 points/nm
Long Range LJ corr.: <C6> 6.7158e-04


Using SIMD4xM 4x4 nonbonded short-range kernels

Using a 4x4 pair-list setup:
  updated every 20 steps, buffer 0.050 nm, rlist 1.050 nm

Using Lorentz-Berthelot Lennard-Jones combination rule
Removing pbc first time

Linking all bonded interactions to atoms


Initializing Parallel LINear Constraint Solver

++++ PLEASE READ AND CITE THE FOLLOWING REFERENCE ++++
B. Hess
P-LINCS: A Parallel Linear Constraint Solver for molecular simulation
J. Chem. Theory Comput. (2008)
https://doi.org/10.1021/ct700200b
-------- -------- --- Thank You --- -------- --------

The number of constraints is 875
There are constraints between atoms in different decomposition domains,
will communicate selected coordinates each lincs iteration

Note that activating steepest-descent energy minimization via the integrator .mdp option and the command gmx mdrun may be available in a different form in a future version of GROMACS, e.g. gmx minimize and an .mdp option.
Initiating Steepest Descents

Atom distribution over 1 domains: av 1500 stddev 0 min 1500 max 1500
Started Steepest Descents on rank 0 Tue Oct  6 04:39:41 2026


Steepest Descents:
   Tolerance (Fmax)   =  5.00000e+02
   Number of steps    =         5000
           Step           Time
              0        0.00000

   Energies (kJ/mol)
           Bond          Angle    Proper Dih. Per. Imp. Dih.          LJ-14
    7.24991e+02    5.45953e+02    0.00000e+00    0.00000e+00    8.82599e+02
     Coulomb-14        LJ (SR)  Disper. corr.   Coulomb (SR)   Coul. recip.
    5.04475e+03    6.52713e+03   -3.33236e+02   -6.91690e+03    9.02577e+02
      Potential Pres. DC (bar) Pressure (bar)   Constr. rmsd
    7.37787e+03   -2.92209e+02    7.33020e+04    6.94572e-07

           Step           Time
              1        1.00000

   Energies (kJ/mol)
           Bond          Angle    Proper Dih. Per. Imp. Dih.          LJ-14
    6.51505e+02    4.61697e+02    9.27713e-01    2.40750e+00    8.83024e+02
     Coulomb-14        LJ (SR)  Disper. corr.   Coulomb (SR)   Coul. recip.
    5.03189e+03    5.64953e+03   -3.33236e+02   -6.94511e+03    8.92349e+02
      Potential Pres. DC (bar) Pressure (bar)   Constr. rmsd
    6.29499e+03   -2.92209e+02    6.98269e+04    6.89285e-07

           Step           Time
              2        2.00000

   Energies (kJ/mol)
           Bond          Angle    Proper Dih. Per. Imp. Dih.          LJ-14
    5.98813e+02    3.73587e+02    4.61679e+00    1.16235e+01    8.82415e+02
     Coulomb-14        LJ (SR)  Disper. corr.   Coulomb (SR)   Coul. recip.
    5.01586e+03    4.76595e+03   -3.33236e+02   -6.98165e+03    8.81038e+02
      Potential Pres. DC (bar) Pressure (bar)   Constr. rmsd
    5.21902e+03   -2.92209e+02    6.55210e+04    6.87515e-07

           Step           Time
              3        3.00000

   Energies (kJ/mol)
           Bond          Angle    Proper Dih. Per. Imp. Dih.          LJ-14
    5.25880e+02    3.12544e+02    1.28644e+01    3.06988e+01    8.78313e+02
     Coulomb-14        LJ (SR)  Disper. corr.   Coulomb (SR)   Coul. recip.
    4.99901e+03    3.89435e+03   -3.33236e+02   -7.02706e+03    8.72286e+02
      Potential Pres. DC (bar) Pressure (bar)   Constr. rmsd
    4.16565e+03   -2.92209e+02    5.94469e+04    6.74359e-07

           Step           Time
              4        4.00000

   Energies (kJ/mol)
           Bond          Angle    Proper Dih. Per. Imp. Dih.          LJ-14
    3.52702e+02    3.39697e+02    2.85356e+01    6.09508e+01    8.64988e+02
     Coulomb-14        LJ (SR)  Disper. corr.   Coulomb (SR)   Coul. recip.
    4.98538e+03    2.99013e+03   -3.33236e+02   -7.08186e+03    8.69898e+02
      Potential Pres. DC (bar) Pressure (bar)   Constr. rmsd
    3.07719e+03   -2.92209e+02    5.00393e+04    7.05893e-07

           Step           Time
              5        5.00000

   Energies (kJ/mol)
           Bond          Angle    Proper Dih. Per. Imp. Dih.          LJ-14
    2.62900e+02    4.45193e+02    4.80042e+01    7.75914e+01    8.39775e+02
     Coulomb-14        LJ (SR)  Disper. corr.   Coulomb (SR)   Coul. recip.
    4.96428e+03    2.07029e+03   -3.33236e+02   -7.12763e+03    8.49702e+02
      Potential Pres. DC (bar) Pressure (bar)   Constr. rmsd
    2.09686e+03   -2.92209e+02    4.17736e+04    7.29084e-07

           Step           Time
              6        6.00000

   Energies (kJ/mol)
           Bond          Angle    Proper Dih. Per. Imp. Dih.          LJ-14
    4.97972e+02    6.70265e+02    6.96571e+01    6.58118e+01    7.92423e+02
     Coulomb-14        LJ (SR)  Disper. corr.   Coulomb (SR)   Coul. recip.
    4.96199e+03    1.21320e+03   -3.33236e+02   -7.14351e+03    8.76529e+02
      Potential Pres. DC (bar) Pressure (bar)   Constr. rmsd
    1.67111e+03   -2.92209e+02    3.19643e+04    7.61898e-07

           Step           Time
              7        7.00000

   Energies (kJ/mol)
           Bond          Angle    Proper Dih. Per. Imp. Dih.          LJ-14
    6.01250e+02    5.57325e+02    7.33177e+01    5.99189e+01    7.90336e+02
     Coulomb-14        LJ (SR)  Disper. corr.   Coulomb (SR)   Coul. recip.
    4.92112e+03    9.92088e+02   -3.33236e+02   -7.14714e+03    8.12034e+02
      Potential Pres. DC (bar) Pressure (bar)   Constr. rmsd
    1.32701e+03   -2.92209e+02    3.69332e+04    7.02006e-07

           Step           Time
              8        8.00000

           Step           Time
              9        9.00000

   Energies (kJ/mol)
           Bond          Angle    Proper Dih. Per. Imp. Dih.          LJ-14
    1.74255e+02    5.33797e+02    7.55216e+01    6.14449e+01    7.74520e+02
     Coulomb-14        LJ (SR)  Disper. corr.   Coulomb (SR)   Coul. recip.
    4.94311e+03    1.00043e+03   -3.33236e+02   -7.14353e+03    8.46722e+02
      Potential Pres. DC (bar) Pressure (bar)   Constr. rmsd
    9.33035e+02   -2.92209e+02    3.32595e+04    6.59079e-07

           Step           Time
             10       10.00000

           Step           Time
             11       11.00000

   Energies (kJ/mol)
           Bond          Angle    Proper Dih. Per. Imp. Dih.          LJ-14
    3.07898e+02    5.22432e+02    8.00776e+01    5.82587e+01    7.67492e+02
     Coulomb-14        LJ (SR)  Disper. corr.   Coulomb (SR)   Coul. recip.
    4.92375e+03    8.36058e+02   -3.33236e+02   -7.14965e+03    8.22846e+02
      Potential Pres. DC (bar) Pressure (bar)   Constr. rmsd
    8.35928e+02   -2.92209e+02    3.41767e+04    6.97372e-07

           Step           Time
             12       12.00000

   Energies (kJ/mol)
           Bond          Angle    Proper Dih. Per. Imp. Dih.          LJ-14
    1.70206e+02    5.33546e+02    8.32321e+01    5.86235e+01    7.53961e+02
     Coulomb-14        LJ (SR)  Disper. corr.   Coulomb (SR)   Coul. recip.
    4.93842e+03    8.09306e+02   -3.33236e+02   -7.14802e+03    8.46464e+02
      Potential Pres. DC (bar) Pressure (bar)   Constr. rmsd
    7.12508e+02   -2.92209e+02    3.13941e+04    6.84144e-07

           Step           Time
             13       13.00000

   Energies (kJ/mol)
           Bond          Angle    Proper Dih. Per. Imp. Dih.          LJ-14
    4.03182e+02    5.24545e+02    8.82341e+01    5.52856e+01    7.49665e+02
     Coulomb-14        LJ (SR)  Disper. corr.   Coulomb (SR)   Coul. recip.
    4.91405e+03    6.39376e+02   -3.33236e+02   -7.15443e+03    8.13753e+02
      Potential Pres. DC (bar) Pressure (bar)   Constr. rmsd
    7.00415e+02   -2.92209e+02    3.31946e+04    7.07559e-07

           Step           Time
             14       14.00000

   Energies (kJ/mol)
           Bond          Angle    Proper Dih. Per. Imp. Dih.          LJ-14
    1.89347e+02    5.39151e+02    9.12484e+01    5.63191e+01    7.35774e+02
     Coulomb-14        LJ (SR)  Disper. corr.   Coulomb (SR)   Coul. recip.
    4.93641e+03    6.43031e+02   -3.33236e+02   -7.15216e+03    8.48118e+02
      Potential Pres. DC (bar) Pressure (bar)   Constr. rmsd
    5.54001e+02   -2.92209e+02    2.95956e+04    6.97710e-07

           Step           Time
             15       15.00000

           Step           Time
             16       16.00000

   Energies (kJ/mol)
           Bond          Angle    Proper Dih. Per. Imp. Dih.          LJ-14
    1.94310e+02    5.06068e+02    9.36612e+01    5.45621e+01    7.35011e+02
     Coulomb-14        LJ (SR)  Disper. corr.   Coulomb (SR)   Coul. recip.
    4.92056e+03    5.52445e+02   -3.33236e+02   -7.15564e+03    8.25384e+02
      Potential Pres. DC (bar) Pressure (bar)   Constr. rmsd
    3.93126e+02   -2.92209e+02    3.11362e+04    6.61235e-07

           Step           Time
             17       17.00000

   Energies (kJ/mol)
           Bond          Angle    Proper Dih. Per. Imp. Dih.          LJ-14
    1.98478e+02    5.38517e+02    1.00821e+02    5.40932e+01    7.17612e+02
     Coulomb-14        LJ (SR)  Disper. corr.   Coulomb (SR)   Coul. recip.
    4.93277e+03    4.63424e+02   -3.33236e+02   -7.15769e+03    8.46372e+02
      Potential Pres. DC (bar) Pressure (bar)   Constr. rmsd
    3.61163e+02   -2.92209e+02    2.80145e+04    6.96111e-07

           Step           Time
             18       18.00000

   Energies (kJ/mol)
           Bond          Angle    Proper Dih. Per. Imp. Dih.          LJ-14
    2.49083e+02    5.00576e+02    1.03722e+02    5.22611e+01    7.17968e+02
     Coulomb-14        LJ (SR)  Disper. corr.   Coulomb (SR)   Coul. recip.
    4.91195e+03    3.58509e+02   -3.33236e+02   -7.16183e+03    8.15864e+02
      Potential Pres. DC (bar) Pressure (bar)   Constr. rmsd
    2.14866e+02   -2.92209e+02    3.01880e+04    6.91819e-07

           Step           Time
             19       19.00000

           Step           Time
             20       20.00000

   Energies (kJ/mol)
           Bond          Angle    Proper Dih. Per. Imp. Dih.          LJ-14
    1.32597e+02    5.04722e+02    1.06077e+02    5.25467e+01    7.10916e+02
     Coulomb-14        LJ (SR)  Disper. corr.   Coulomb (SR)   Coul. recip.
    4.92231e+03    3.47639e+02   -3.33236e+02   -7.16198e+03    8.31743e+02
      Potential Pres. DC (bar) Pressure (bar)   Constr. rmsd
    1.13328e+02   -2.92209e+02    2.84324e+04    6.70972e-07

           Step           Time
             21       21.00000

   Energies (kJ/mol)
           Bond          Angle    Proper Dih. Per. Imp. Dih.          LJ-14
    2.98770e+02    4.97124e+02    1.12638e+02    5.08418e+01    7.04790e+02
     Coulomb-14        LJ (SR)  Disper. corr.   Coulomb (SR)   Coul. recip.
    4.90614e+03    2.06780e+02   -3.33236e+02   -7.16777e+03    8.08758e+02
      Potential Pres. DC (bar) Pressure (bar)   Constr. rmsd
    8.48361e+01   -2.92209e+02    2.93736e+04    7.46180e-07

           Step           Time
             22       22.00000

   Energies (kJ/mol)
           Bond          Angle    Proper Dih. Per. Imp. Dih.          LJ-14
    1.30702e+02    5.03494e+02    1.15017e+02    5.13824e+01    6.97078e+02
     Coulomb-14        LJ (SR)  Disper. corr.   Coulomb (SR)   Coul. recip.
    4.92143e+03    2.10058e+02   -3.33236e+02   -7.16782e+03    8.31876e+02
      Potential Pres. DC (bar) Pressure (bar)   Constr. rmsd
   -4.00261e+01   -2.92209e+02    2.70266e+04    6.83945e-07

           Step           Time
             23       23.00000

           Step           Time
             24       24.00000

   Energies (kJ/mol)
           Bond          Angle    Proper Dih. Per. Imp. Dih.          LJ-14
    1.71506e+02    4.86250e+02    1.17671e+02    5.05978e+01    6.95769e+02
     Coulomb-14        LJ (SR)  Disper. corr.   Coulomb (SR)   Coul. recip.
    4.91099e+03    1.44177e+02   -3.33236e+02   -7.17058e+03    8.16232e+02
      Potential Pres. DC (bar) Pressure (bar)   Constr. rmsd
   -1.10622e+02   -2.92209e+02    2.79760e+04    6.75375e-07

           Step           Time
             25       25.00000

   Energies (kJ/mol)
           Bond          Angle    Proper Dih. Per. Imp. Dih.          LJ-14
    1.34189e+02    5.02109e+02    1.22120e+02    5.06876e+01    6.87328e+02
     Coulomb-14        LJ (SR)  Disper. corr.   Coulomb (SR)   Coul. recip.
    4.92074e+03    1.06690e+02   -3.33236e+02   -7.17294e+03    8.31313e+02
      Potential Pres. DC (bar) Pressure (bar)   Constr. rmsd
   -1.50995e+02   -2.92209e+02    2.60322e+04    6.86336e-07

           Step           Time
             26       26.00000

   Energies (kJ/mol)
           Bond          Angle    Proper Dih. Per. Imp. Dih.          LJ-14
    2.03509e+02    4.80473e+02    1.25000e+02    4.98217e+01    6.86843e+02
     Coulomb-14        LJ (SR)  Disper. corr.   Coulomb (SR)   Coul. recip.
    4.90662e+03    3.07104e+01   -3.33236e+02   -7.17611e+03    8.09844e+02
      Potential Pres. DC (bar) Pressure (bar)   Constr. rmsd
   -2.16529e+02   -2.92209e+02    2.74573e+04    6.92766e-07

           Step           Time
             27       27.00000

   Energies (kJ/mol)
           Bond          Angle    Proper Dih. Per. Imp. Dih.          LJ-14
    1.53359e+02    5.05568e+02    1.28661e+02    5.02156e+01    6.78973e+02
     Coulomb-14        LJ (SR)  Disper. corr.   Coulomb (SR)   Coul. recip.
    4.92140e+03    1.89536e+01   -3.33236e+02   -7.17796e+03    8.32425e+02
      Potential Pres. DC (bar) Pressure (bar)   Constr. rmsd
   -2.21641e+02   -2.92209e+02    2.50126e+04    7.03949e-07

           Step           Time
             28       28.00000

   Energies (kJ/mol)
           Bond          Angle    Proper Dih. Per. Imp. Dih.          LJ-14
    2.63002e+02    4.78165e+02    1.31614e+02    4.92429e+01    6.79764e+02
     Coulomb-14        LJ (SR)  Disper. corr.   Coulomb (SR)   Coul. recip.
    4.90205e+03   -6.90341e+01   -3.33236e+02   -7.18143e+03    8.02760e+02
      Potential Pres. DC (bar) Pressure (bar)   Constr. rmsd
   -2.77106e+02   -2.92209e+02    2.71296e+04    6.68508e-07

           Step           Time
             29       29.00000

           Step           Time
             30       30.00000

   Energies (kJ/mol)
           Bond          Angle    Proper Dih. Per. Imp. Dih.          LJ-14
    1.13970e+02    4.77665e+02    1.33217e+02    4.95425e+01    6.75208e+02
     Coulomb-14        LJ (SR)  Disper. corr.   Coulomb (SR)   Coul. recip.
    4.91279e+03   -6.46959e+01   -3.33236e+02   -7.18204e+03    8.18847e+02
      Potential Pres. DC (bar) Pressure (bar)   Constr. rmsd
   -3.98727e+02   -2.92209e+02    2.55597e+04    6.72281e-07

           Step           Time
             31       31.00000

   Energies (kJ/mol)
           Bond          Angle    Proper Dih. Per. Imp. Dih.          LJ-14
    3.18241e+02    4.72436e+02    1.43161e+02    4.85833e+01    6.67603e+02
     Coulomb-14        LJ (SR)  Disper. corr.   Coulomb (SR)   Coul. recip.
    4.89754e+03   -2.25749e+02   -3.33236e+02   -7.19085e+03    7.94616e+02
      Potential Pres. DC (bar) Pressure (bar)   Constr. rmsd
   -4.07649e+02   -2.92209e+02    2.62770e+04    7.14319e-07

           Step           Time
             32       32.00000

   Energies (kJ/mol)
           Bond          Angle    Proper Dih. Per. Imp. Dih.          LJ-14
    1.07332e+02    4.73599e+02    1.44808e+02    4.89885e+01    6.62359e+02
     Coulomb-14        LJ (SR)  Disper. corr.   Coulomb (SR)   Coul. recip.
    4.91321e+03   -2.10125e+02   -3.33236e+02   -7.19160e+03    8.18272e+02
      Potential Pres. DC (bar) Pressure (bar)   Constr. rmsd
   -5.66392e+02   -2.92209e+02    2.40925e+04    7.00051e-07

           Step           Time
             33       33.00000

           Step           Time
             34       34.00000

   Energies (kJ/mol)
           Bond          Angle    Proper Dih. Per. Imp. Dih.          LJ-14
    1.69884e+02    4.59122e+02    1.47506e+02    4.86190e+01    6.61646e+02
     Coulomb-14        LJ (SR)  Disper. corr.   Coulomb (SR)   Coul. recip.
    4.90333e+03   -2.68323e+02   -3.33236e+02   -7.19443e+03    8.02416e+02
      Potential Pres. DC (bar) Pressure (bar)   Constr. rmsd
   -6.03472e+02   -2.92209e+02    2.50659e+04    6.47435e-07

           Step           Time
             35       35.00000

   Energies (kJ/mol)
           Bond          Angle    Proper Dih. Per. Imp. Dih.          LJ-14
    1.12785e+02    4.74084e+02    1.50198e+02    4.88501e+01    6.56923e+02
     Coulomb-14        LJ (SR)  Disper. corr.   Coulomb (SR)   Coul. recip.
    4.91419e+03   -2.75719e+02   -3.33236e+02   -7.19659e+03    8.18816e+02
      Potential Pres. DC (bar) Pressure (bar)   Constr. rmsd
   -6.29700e+02   -2.92209e+02    2.33517e+04    6.46135e-07

           Step           Time
             36       36.00000

   Energies (kJ/mol)
           Bond          Angle    Proper Dih. Per. Imp. Dih.          LJ-14
    2.06925e+02    4.55312e+02    1.52814e+02    4.84058e+01    6.57104e+02
     Coulomb-14        LJ (SR)  Disper. corr.   Coulomb (SR)   Coul. recip.
    4.90047e+03   -3.41499e+02   -3.33236e+02   -7.19948e+03    7.96851e+02
      Potential Pres. DC (bar) Pressure (bar)   Constr. rmsd
   -6.56337e+02   -2.92209e+02    2.48379e+04    6.99938e-07

           Step           Time
             37       37.00000

   Energies (kJ/mol)
           Bond          Angle    Proper Dih. Per. Imp. Dih.          LJ-14
    1.35407e+02    4.79463e+02    1.55324e+02    4.87542e+01    6.51910e+02
     Coulomb-14        LJ (SR)  Disper. corr.   Coulomb (SR)   Coul. recip.
    4.91612e+03   -3.34674e+02   -3.33236e+02   -7.20159e+03    8.20813e+02
      Potential Pres. DC (bar) Pressure (bar)   Constr. rmsd
   -6.61706e+02   -2.92209e+02    2.25251e+04    7.14529e-07

           Step           Time
             38       38.00000

   Energies (kJ/mol)
           Bond          Angle    Proper Dih. Per. Imp. Dih.          LJ-14
    2.75314e+02    4.54943e+02    1.57833e+02    4.82227e+01    6.53263e+02
     Coulomb-14        LJ (SR)  Disper. corr.   Coulomb (SR)   Coul. recip.
    4.89694e+03   -4.11666e+02   -3.33236e+02   -7.20447e+03    7.90192e+02
      Potential Pres. DC (bar) Pressure (bar)   Constr. rmsd
   -6.72665e+02   -2.92209e+02    2.47336e+04    6.69470e-07

           Step           Time
             39       39.00000

           Step           Time
             40       40.00000

   Energies (kJ/mol)
           Bond          Angle    Proper Dih. Per. Imp. Dih.          LJ-14
    1.00072e+02    4.52300e+02    1.58988e+02    4.84397e+01    6.49832e+02
     Coulomb-14        LJ (SR)  Disper. corr.   Coulomb (SR)   Coul. recip.
    4.90815e+03   -4.00540e+02   -3.33236e+02   -7.20536e+03    8.07173e+02
      Potential Pres. DC (bar) Pressure (bar)   Constr. rmsd
   -8.14186e+02   -2.92209e+02    2.32016e+04    6.40163e-07

           Step           Time
             41       41.00000

           Step           Time
             42       42.00000

   Energies (kJ/mol)
           Bond          Angle    Proper Dih. Per. Imp. Dih.          LJ-14
    1.71818e+02    4.42146e+02    1.64562e+02    4.81733e+01    6.46262e+02
     Coulomb-14        LJ (SR)  Disper. corr.   Coulomb (SR)   Coul. recip.
    4.90075e+03   -4.86298e+02   -3.33236e+02   -7.21127e+03    7.93731e+02
      Potential Pres. DC (bar) Pressure (bar)   Constr. rmsd
   -8.63354e+02   -2.92209e+02    2.35915e+04    6.66997e-07

           Step           Time
             43       43.00000

   Energies (kJ/mol)
           Bond          Angle    Proper Dih. Per. Imp. Dih.          LJ-14
    9.35552e+01    4.48281e+02    1.66012e+02    4.83077e+01    6.43543e+02
     Coulomb-14        LJ (SR)  Disper. corr.   Coulomb (SR)   Coul. recip.
    4.90884e+03   -4.85334e+02   -3.33236e+02   -7.21268e+03    8.06085e+02
      Potential Pres. DC (bar) Pressure (bar)   Constr. rmsd
   -9.16624e+02   -2.92209e+02    2.24073e+04    6.58253e-07

           Step           Time
             44       44.00000

   Energies (kJ/mol)
           Bond          Angle    Proper Dih. Per. Imp. Dih.          LJ-14
    2.00087e+02    4.37913e+02    1.69634e+02    4.80670e+01    6.42314e+02
     Coulomb-14        LJ (SR)  Disper. corr.   Coulomb (SR)   Coul. recip.
    4.89879e+03   -5.53525e+02   -3.33236e+02   -7.21679e+03    7.88905e+02
      Potential Pres. DC (bar) Pressure (bar)   Constr. rmsd
   -9.17841e+02   -2.92209e+02    2.33253e+04    6.77236e-07

           Step           Time
             45       45.00000

   Energies (kJ/mol)
           Bond          Angle    Proper Dih. Per. Imp. Dih.          LJ-14
    9.47707e+01    4.48604e+02    1.71146e+02    4.82521e+01    6.39052e+02
     Coulomb-14        LJ (SR)  Disper. corr.   Coulomb (SR)   Coul. recip.
    4.91042e+03   -5.45114e+02   -3.33236e+02   -7.21838e+03    8.06920e+02
      Potential Pres. DC (bar) Pressure (bar)   Constr. rmsd
   -9.77568e+02   -2.92209e+02    2.16815e+04    6.64004e-07

           Step           Time
             46       46.00000

           Step           Time
             47       47.00000

   Energies (kJ/mol)
           Bond          Angle    Proper Dih. Per. Imp. Dih.          LJ-14
    1.19171e+02    4.33776e+02    1.72527e+02    4.81034e+01    6.39008e+02
     Coulomb-14        LJ (SR)  Disper. corr.   Coulomb (SR)   Coul. recip.
    4.90334e+03   -5.79700e+02   -3.33236e+02   -7.22002e+03    7.94955e+02
      Potential Pres. DC (bar) Pressure (bar)   Constr. rmsd
   -1.02207e+03   -2.92209e+02    2.24677e+04    6.40917e-07

           Step           Time
             48       48.00000

   Energies (kJ/mol)
           Bond          Angle    Proper Dih. Per. Imp. Dih.          LJ-14
    9.52892e+01    4.45740e+02    1.75511e+02    4.81873e+01    6.35501e+02
     Coulomb-14        LJ (SR)  Disper. corr.   Coulomb (SR)   Coul. recip.
    4.91056e+03   -5.99529e+02   -3.33236e+02   -7.22353e+03    8.05475e+02
      Potential Pres. DC (bar) Pressure (bar)   Constr. rmsd
   -1.04003e+03   -2.92209e+02    2.12356e+04    6.71508e-07

           Step           Time
             49       49.00000

   Energies (kJ/mol)
           Bond          Angle    Proper Dih. Per. Imp. Dih.          LJ-14
    1.50870e+02    4.28208e+02    1.77175e+02    4.80018e+01    6.35701e+02
     Coulomb-14        LJ (SR)  Disper. corr.   Coulomb (SR)   Coul. recip.
    4.90064e+03   -6.44456e+02   -3.33236e+02   -7.22548e+03    7.88773e+02
      Potential Pres. DC (bar) Pressure (bar)   Constr. rmsd
   -1.07381e+03   -2.92209e+02    2.23556e+04    6.74157e-07

           Step           Time
             50       50.00000

   Energies (kJ/mol)
           Bond          Angle    Proper Dih. Per. Imp. Dih.          LJ-14
    1.01233e+02    4.45653e+02    1.79114e+02    4.81429e+01    6.32567e+02
     Coulomb-14        LJ (SR)  Disper. corr.   Coulomb (SR)   Coul. recip.
    4.91133e+03   -6.43281e+02   -3.33236e+02   -7.22797e+03    8.05282e+02
      Potential Pres. DC (bar) Pressure (bar)   Constr. rmsd
   -1.08117e+03   -2.92209e+02    2.07774e+04    6.38318e-07

           Step           Time
             51       51.00000

   Energies (kJ/mol)
           Bond          Angle    Proper Dih. Per. Imp. Dih.          LJ-14
    2.08835e+02    4.26314e+02    1.80960e+02    4.79176e+01    6.33278e+02
     Coulomb-14        LJ (SR)  Disper. corr.   Coulomb (SR)   Coul. recip.
    4.89751e+03   -6.99639e+02   -3.33236e+02   -7.23011e+03    7.82222e+02
      Potential Pres. DC (bar) Pressure (bar)   Constr. rmsd
   -1.08595e+03   -2.92209e+02    2.23693e+04    6.53611e-07

           Step           Time
             52       52.00000

   Energies (kJ/mol)
           Bond          Angle    Proper Dih. Per. Imp. Dih.          LJ-14
    1.17188e+02    4.48667e+02    1.82527e+02    4.81131e+01    6.29794e+02
     Coulomb-14        LJ (SR)  Disper. corr.   Coulomb (SR)   Coul. recip.
    4.91269e+03   -6.83441e+02   -3.33236e+02   -7.23238e+03    8.06120e+02
      Potential Pres. DC (bar) Pressure (bar)   Constr. rmsd
   -1.10396e+03   -2.92209e+02    2.02536e+04    6.60534e-07

           Step           Time
             53       53.00000

           Step           Time
             54       54.00000

   Energies (kJ/mol)
           Bond          Angle    Proper Dih. Per. Imp. Dih.          LJ-14
    1.06197e+02    4.22048e+02    1.83466e+02    4.79597e+01    6.30235e+02
     Coulomb-14        LJ (SR)  Disper. corr.   Coulomb (SR)   Coul. recip.
    4.90325e+03   -7.19209e+02   -3.33236e+02   -7.23337e+03    7.90177e+02
      Potential Pres. DC (bar) Pressure (bar)   Constr. rmsd
   -1.20248e+03   -2.92209e+02    2.14058e+04    6.58910e-07

           Step           Time
             55       55.00000

           Step           Time
             56       56.00000

   Energies (kJ/mol)
           Bond          Angle    Proper Dih. Per. Imp. Dih.          LJ-14
    8.37666e+01    4.27881e+02    1.85632e+02    4.79812e+01    6.27908e+02
     Coulomb-14        LJ (SR)  Disper. corr.   Coulomb (SR)   Coul. recip.
    4.90764e+03   -7.36790e+02   -3.33236e+02   -7.23637e+03    7.96237e+02
      Potential Pres. DC (bar) Pressure (bar)   Constr. rmsd
   -1.22935e+03   -2.92209e+02    2.06343e+04    6.56165e-07

           Step           Time
             57       57.00000

   Energies (kJ/mol)
           Bond          Angle    Proper Dih. Per. Imp. Dih.          LJ-14
    1.27877e+02    4.16739e+02    1.87210e+02    4.78776e+01    6.27580e+02
     Coulomb-14        LJ (SR)  Disper. corr.   Coulomb (SR)   Coul. recip.
    4.90125e+03   -7.73126e+02   -3.33236e+02   -7.23832e+03    7.85043e+02
      Potential Pres. DC (bar) Pressure (bar)   Constr. rmsd
   -1.25110e+03   -2.92209e+02    2.13005e+04    6.67347e-07

           Step           Time
             58       58.00000

   Energies (kJ/mol)
           Bond          Angle    Proper Dih. Per. Imp. Dih.          LJ-14
    8.29743e+01    4.25483e+02    1.88577e+02    4.79313e+01    6.25570e+02
     Coulomb-14        LJ (SR)  Disper. corr.   Coulomb (SR)   Coul. recip.
    4.90783e+03   -7.75354e+02   -3.33236e+02   -7.24044e+03    7.95067e+02
      Potential Pres. DC (bar) Pressure (bar)   Constr. rmsd
   -1.27560e+03   -2.92209e+02    2.03194e+04    6.44833e-07

           Step           Time
             59       59.00000

   Energies (kJ/mol)
           Bond          Angle    Proper Dih. Per. Imp. Dih.          LJ-14
    1.62048e+02    4.13465e+02    1.90400e+02    4.78078e+01    6.25415e+02
     Coulomb-14        LJ (SR)  Disper. corr.   Coulomb (SR)   Coul. recip.
    4.89912e+03   -8.20653e+02   -3.33236e+02   -7.24267e+03    7.79966e+02
      Potential Pres. DC (bar) Pressure (bar)   Constr. rmsd
   -1.27834e+03   -2.92209e+02    2.12485e+04    6.60624e-07

           Step           Time
             60       60.00000

   Energies (kJ/mol)
           Bond          Angle    Proper Dih. Per. Imp. Dih.          LJ-14
    8.44417e+01    4.24578e+02    1.91544e+02    4.78855e+01    6.23182e+02
     Coulomb-14        LJ (SR)  Disper. corr.   Coulomb (SR)   Coul. recip.
    4.90850e+03   -8.13581e+02   -3.33236e+02   -7.24471e+03    7.94633e+02
      Potential Pres. DC (bar) Pressure (bar)   Constr. rmsd
   -1.31677e+03   -2.92209e+02    1.99345e+04    6.62149e-07

           Step           Time
             61       61.00000

           Step           Time
             62       62.00000

   Energies (kJ/mol)
           Bond          Angle    Proper Dih. Per. Imp. Dih.          LJ-14
    1.04337e+02    4.11138e+02    1.92475e+02    4.78051e+01    6.23195e+02
     Coulomb-14        LJ (SR)  Disper. corr.   Coulomb (SR)   Coul. recip.
    4.90255e+03   -8.41135e+02   -3.33236e+02   -7.24580e+03    7.84319e+02
      Potential Pres. DC (bar) Pressure (bar)   Constr. rmsd
   -1.35435e+03   -2.92209e+02    2.06120e+04    6.63533e-07

           Step           Time
             63       63.00000

   Energies (kJ/mol)
           Bond          Angle    Proper Dih. Per. Imp. Dih.          LJ-14
    8.41072e+01    4.21599e+02    1.94572e+02    4.78242e+01    6.20806e+02
     Coulomb-14        LJ (SR)  Disper. corr.   Coulomb (SR)   Coul. recip.
    4.90848e+03   -8.55207e+02   -3.33236e+02   -7.24924e+03    7.92913e+02
      Potential Pres. DC (bar) Pressure (bar)   Constr. rmsd
   -1.36738e+03   -2.92209e+02    1.96336e+04    6.42559e-07

           Step           Time
             64       64.00000

   Energies (kJ/mol)
           Bond          Angle    Proper Dih. Per. Imp. Dih.          LJ-14
    1.30730e+02    4.06393e+02    1.95710e+02    4.77262e+01    6.20937e+02
     Coulomb-14        LJ (SR)  Disper. corr.   Coulomb (SR)   Coul. recip.
    4.90046e+03   -8.90921e+02   -3.33236e+02   -7.25052e+03    7.79074e+02
      Potential Pres. DC (bar) Pressure (bar)   Constr. rmsd
   -1.39365e+03   -2.92209e+02    2.05472e+04    6.60298e-07

           Step           Time
             65       65.00000

   Energies (kJ/mol)
           Bond          Angle    Proper Dih. Per. Imp. Dih.          LJ-14
    8.85589e+01    4.21432e+02    1.97063e+02    4.77737e+01    6.18784e+02
     Coulomb-14        LJ (SR)  Disper. corr.   Coulomb (SR)   Coul. recip.
    4.90912e+03   -8.88644e+02   -3.33236e+02   -7.25319e+03    7.92541e+02
      Potential Pres. DC (bar) Pressure (bar)   Constr. rmsd
   -1.39980e+03   -2.92209e+02    1.92900e+04    6.60079e-07

           Step           Time
             66       66.00000

   Energies (kJ/mol)
           Bond          Angle    Proper Dih. Per. Imp. Dih.          LJ-14
    1.74605e+02    4.04388e+02    1.98303e+02    4.76572e+01    6.19238e+02
     Coulomb-14        LJ (SR)  Disper. corr.   Coulomb (SR)   Coul. recip.
    4.89817e+03   -9.33161e+02   -3.33236e+02   -7.25444e+03    7.73838e+02
      Potential Pres. DC (bar) Pressure (bar)   Constr. rmsd
   -1.40463e+03   -2.92209e+02    2.05569e+04    6.90403e-07

           Step           Time
             67       67.00000

   Energies (kJ/mol)
           Bond          Angle    Proper Dih. Per. Imp. Dih.          LJ-14
    1.02908e+02    4.24576e+02    1.99438e+02    4.77285e+01    6.16812e+02
     Coulomb-14        LJ (SR)  Disper. corr.   Coulomb (SR)   Coul. recip.
    4.91041e+03   -9.19378e+02   -3.33236e+02   -7.25715e+03    7.93324e+02
      Potential Pres. DC (bar) Pressure (bar)   Constr. rmsd
   -1.41457e+03   -2.92209e+02    1.88620e+04    6.81140e-07

           Step           Time
             68       68.00000

           Step           Time
             69       69.00000

   Energies (kJ/mol)
           Bond          Angle    Proper Dih. Per. Imp. Dih.          LJ-14
    9.26396e+01    4.02079e+02    2.00049e+02    4.76482e+01    6.17072e+02
     Coulomb-14        LJ (SR)  Disper. corr.   Coulomb (SR)   Coul. recip.
    4.90290e+03   -9.47775e+02   -3.33236e+02   -7.25758e+03    7.80369e+02
      Potential Pres. DC (bar) Pressure (bar)   Constr. rmsd
   -1.49583e+03   -2.92209e+02    1.97830e+04    6.24889e-07

           Step           Time
             70       70.00000

           Step           Time
             71       71.00000

   Energies (kJ/mol)
           Bond          Angle    Proper Dih. Per. Imp. Dih.          LJ-14
    7.59827e+01    4.07203e+02    2.01754e+02    4.76184e+01    6.15264e+02
     Coulomb-14        LJ (SR)  Disper. corr.   Coulomb (SR)   Coul. recip.
    4.90640e+03   -9.64270e+02   -3.33236e+02   -7.26078e+03    7.85002e+02
      Potential Pres. DC (bar) Pressure (bar)   Constr. rmsd
   -1.51906e+03   -2.92209e+02    1.91552e+04    6.75652e-07

           Step           Time
             72       72.00000

   Energies (kJ/mol)
           Bond          Angle    Proper Dih. Per. Imp. Dih.          LJ-14
    1.08338e+02    3.97426e+02    2.02734e+02    4.75550e+01    6.15031e+02
     Coulomb-14        LJ (SR)  Disper. corr.   Coulomb (SR)   Coul. recip.
    4.90143e+03   -9.91747e+02   -3.33236e+02   -7.26204e+03    7.76113e+02
      Potential Pres. DC (bar) Pressure (bar)   Constr. rmsd
   -1.53839e+03   -2.92209e+02    1.96829e+04    6.67006e-07

           Step           Time
             73       73.00000

   Energies (kJ/mol)
           Bond          Angle    Proper Dih. Per. Imp. Dih.          LJ-14
    7.59240e+01    4.05627e+02    2.03770e+02    4.75513e+01    6.13548e+02
     Coulomb-14        LJ (SR)  Disper. corr.   Coulomb (SR)   Coul. recip.
    4.90667e+03   -9.94448e+02   -3.33236e+02   -7.26439e+03    7.84067e+02
      Potential Pres. DC (bar) Pressure (bar)   Constr. rmsd
   -1.55491e+03   -2.92209e+02    1.88960e+04    6.74795e-07

           Step           Time
             74       74.00000

   Energies (kJ/mol)
           Bond          Angle    Proper Dih. Per. Imp. Dih.          LJ-14
    1.33042e+02    3.94420e+02    2.04866e+02    4.74758e+01    6.13442e+02
     Coulomb-14        LJ (SR)  Disper. corr.   Coulomb (SR)   Coul. recip.
    4.89987e+03   -1.02867e+03   -3.33236e+02   -7.26570e+03    7.72065e+02
      Potential Pres. DC (bar) Pressure (bar)   Constr. rmsd
   -1.56244e+03   -2.92209e+02    1.96358e+04    6.79379e-07

           Step           Time
             75       75.00000

   Energies (kJ/mol)
           Bond          Angle    Proper Dih. Per. Imp. Dih.          LJ-14
    7.85329e+01    4.05541e+02    2.05733e+02    4.74832e+01    6.11826e+02
     Coulomb-14        LJ (SR)  Disper. corr.   Coulomb (SR)   Coul. recip.
    4.90734e+03   -1.02359e+03   -3.33236e+02   -7.26810e+03    7.83794e+02
      Potential Pres. DC (bar) Pressure (bar)   Constr. rmsd
   -1.58467e+03   -2.92209e+02    1.85834e+04    6.75898e-07

           Step           Time
             76       76.00000

           Step           Time
             77       77.00000

   Energies (kJ/mol)
           Bond          Angle    Proper Dih. Per. Imp. Dih.          LJ-14
    8.88038e+01    3.93464e+02    2.06282e+02    4.74345e+01    6.11816e+02
     Coulomb-14        LJ (SR)  Disper. corr.   Coulomb (SR)   Coul. recip.
    4.90266e+03   -1.04469e+03   -3.33236e+02   -7.26863e+03    7.75565e+02
      Potential Pres. DC (bar) Pressure (bar)   Constr. rmsd
   -1.62052e+03   -2.92209e+02    1.91242e+04    6.24554e-07

           Step           Time
             78       78.00000

   Energies (kJ/mol)
           Bond          Angle    Proper Dih. Per. Imp. Dih.          LJ-14
    7.83967e+01    4.02477e+02    2.08184e+02    4.73759e+01    6.09700e+02
     Coulomb-14        LJ (SR)  Disper. corr.   Coulomb (SR)   Coul. recip.
    4.90725e+03   -1.06352e+03   -3.33236e+02   -7.27287e+03    7.81768e+02
      Potential Pres. DC (bar) Pressure (bar)   Constr. rmsd
   -1.63447e+03   -2.92209e+02    1.83103e+04    6.74873e-07

           Step           Time
             79       79.00000

   Energies (kJ/mol)
           Bond          Angle    Proper Dih. Per. Imp. Dih.          LJ-14
    1.08089e+02    3.88620e+02    2.08844e+02    4.73180e+01    6.09748e+02
     Coulomb-14        LJ (SR)  Disper. corr.   Coulomb (SR)   Coul. recip.
    4.90102e+03   -1.09093e+03   -3.33236e+02   -7.27340e+03    7.70870e+02
      Potential Pres. DC (bar) Pressure (bar)   Constr. rmsd
   -1.66306e+03   -2.92209e+02    1.90271e+04    6.28588e-07

           Step           Time
             80       80.00000

           Step           Time
             81       81.00000

   Energies (kJ/mol)
           Bond          Angle    Proper Dih. Per. Imp. Dih.          LJ-14
    7.34050e+01    3.92150e+02    2.09361e+02    4.73034e+01    6.08872e+02
     Coulomb-14        LJ (SR)  Disper. corr.   Coulomb (SR)   Coul. recip.
    4.90442e+03   -1.09122e+03   -3.33236e+02   -7.27492e+03    7.76047e+02
      Potential Pres. DC (bar) Pressure (bar)   Constr. rmsd
   -1.68782e+03   -2.92209e+02    1.85354e+04    6.04273e-07

           Step           Time
             82       82.00000

   Energies (kJ/mol)
           Bond          Angle    Proper Dih. Per. Imp. Dih.          LJ-14
    1.30353e+02    3.84870e+02    2.11431e+02    4.71814e+01    6.07536e+02
     Coulomb-14        LJ (SR)  Disper. corr.   Coulomb (SR)   Coul. recip.
    4.89968e+03   -1.13879e+03   -3.33236e+02   -7.27860e+03    7.66507e+02
      Potential Pres. DC (bar) Pressure (bar)   Constr. rmsd
   -1.70306e+03   -2.92209e+02    1.88706e+04    6.89529e-07

           Step           Time
             83       83.00000

   Energies (kJ/mol)
           Bond          Angle    Proper Dih. Per. Imp. Dih.          LJ-14
    7.11824e+01    3.88722e+02    2.11883e+02    4.71689e+01    6.06522e+02
     Coulomb-14        LJ (SR)  Disper. corr.   Coulomb (SR)   Coul. recip.
    4.90449e+03   -1.13492e+03   -3.33236e+02   -7.28027e+03    7.74036e+02
      Potential Pres. DC (bar) Pressure (bar)   Constr. rmsd
   -1.74442e+03   -2.92209e+02    1.82099e+04    6.56245e-07

           Step           Time
             84       84.00000

           Step           Time
             85       85.00000

   Energies (kJ/mol)
           Bond          Angle    Proper Dih. Per. Imp. Dih.          LJ-14
    9.86467e+01    3.82462e+02    2.12885e+02    4.70952e+01    6.05889e+02
     Coulomb-14        LJ (SR)  Disper. corr.   Coulomb (SR)   Coul. recip.
    4.90129e+03   -1.16180e+03   -3.33236e+02   -7.28209e+03    7.67789e+02
      Potential Pres. DC (bar) Pressure (bar)   Constr. rmsd
   -1.76107e+03   -2.92209e+02    1.84800e+04    6.37990e-07

           Step           Time
             86       86.00000

   Energies (kJ/mol)
           Bond          Angle    Proper Dih. Per. Imp. Dih.          LJ-14
    6.98585e+01    3.86599e+02    2.13396e+02    4.70690e+01    6.05028e+02
     Coulomb-14        LJ (SR)  Disper. corr.   Coulomb (SR)   Coul. recip.
    4.90455e+03   -1.16312e+03   -3.33236e+02   -7.28378e+03    7.72746e+02
      Potential Pres. DC (bar) Pressure (bar)   Constr. rmsd
   -1.78088e+03   -2.92209e+02    1.79981e+04    6.05032e-07

           Step           Time
             87       87.00000

   Energies (kJ/mol)
           Bond          Angle    Proper Dih. Per. Imp. Dih.          LJ-14
    1.16020e+02    3.79568e+02    2.14508e+02    4.69788e+01    6.04383e+02
     Coulomb-14        LJ (SR)  Disper. corr.   Coulomb (SR)   Coul. recip.
    4.90018e+03   -1.19591e+03   -3.33236e+02   -7.28578e+03    7.64395e+02
      Potential Pres. DC (bar) Pressure (bar)   Constr. rmsd
   -1.78889e+03   -2.92209e+02    1.83906e+04    6.38178e-07

           Step           Time
             88       88.00000

   Energies (kJ/mol)
           Bond          Angle    Proper Dih. Per. Imp. Dih.          LJ-14
    6.84876e+01    3.84855e+02    2.14965e+02    4.69548e+01    6.03401e+02
     Coulomb-14        LJ (SR)  Disper. corr.   Coulomb (SR)   Coul. recip.
    4.90482e+03   -1.19308e+03   -3.33236e+02   -7.28764e+03    7.71675e+02
      Potential Pres. DC (bar) Pressure (bar)   Constr. rmsd
   -1.81881e+03   -2.92209e+02    1.77414e+04    6.42467e-07

           Step           Time
             89       89.00000

           Step           Time
             90       90.00000

   Energies (kJ/mol)
           Bond          Angle    Proper Dih. Per. Imp. Dih.          LJ-14
    8.73906e+01    3.78368e+02    2.15490e+02    4.69022e+01    6.03125e+02
     Coulomb-14        LJ (SR)  Disper. corr.   Coulomb (SR)   Coul. recip.
    4.90183e+03   -1.21185e+03   -3.33236e+02   -7.28851e+03    7.66101e+02
      Potential Pres. DC (bar) Pressure (bar)   Constr. rmsd
   -1.83440e+03   -2.92209e+02    1.80426e+04    6.70518e-07

           Step           Time
             91       91.00000

   Energies (kJ/mol)
           Bond          Angle    Proper Dih. Per. Imp. Dih.          LJ-14
    6.78658e+01    3.83324e+02    2.16114e+02    4.68548e+01    6.02156e+02
     Coulomb-14        LJ (SR)  Disper. corr.   Coulomb (SR)   Coul. recip.
    4.90492e+03   -1.21665e+03   -3.33236e+02   -7.29067e+03    7.70641e+02
      Potential Pres. DC (bar) Pressure (bar)   Constr. rmsd
   -1.84868e+03   -2.92209e+02    1.75563e+04    6.68802e-07

           Step           Time
             92       92.00000

   Energies (kJ/mol)
           Bond          Angle    Proper Dih. Per. Imp. Dih.          LJ-14
    1.01053e+02    3.75575e+02    2.16712e+02    4.67901e+01    6.01888e+02
     Coulomb-14        LJ (SR)  Disper. corr.   Coulomb (SR)   Coul. recip.
    4.90081e+03   -1.24046e+03   -3.33236e+02   -7.29160e+03    7.63094e+02
      Potential Pres. DC (bar) Pressure (bar)   Constr. rmsd
   -1.85937e+03   -2.92209e+02    1.79801e+04    6.67356e-07

           Step           Time
             93       93.00000

   Energies (kJ/mol)
           Bond          Angle    Proper Dih. Per. Imp. Dih.          LJ-14
    6.80944e+01    3.82561e+02    2.17220e+02    4.67509e+01    6.00890e+02
     Coulomb-14        LJ (SR)  Disper. corr.   Coulomb (SR)   Coul. recip.
    4.90526e+03   -1.23973e+03   -3.33236e+02   -7.29380e+03    7.69991e+02
      Potential Pres. DC (bar) Pressure (bar)   Constr. rmsd
   -1.87601e+03   -2.92209e+02    1.73375e+04    6.77458e-07

           Step           Time
             94       94.00000

           Step           Time
             95       95.00000

   Energies (kJ/mol)
           Bond          Angle    Proper Dih. Per. Imp. Dih.          LJ-14
    7.75314e+01    3.75283e+02    2.17520e+02    4.67119e+01    6.00766e+02
     Coulomb-14        LJ (SR)  Disper. corr.   Coulomb (SR)   Coul. recip.
    4.90242e+03   -1.25435e+03   -3.33236e+02   -7.29415e+03    7.64852e+02
      Potential Pres. DC (bar) Pressure (bar)   Constr. rmsd
   -1.89665e+03   -2.92209e+02    1.76492e+04    6.78446e-07

           Step           Time
             96       96.00000

   Energies (kJ/mol)
           Bond          Angle    Proper Dih. Per. Imp. Dih.          LJ-14
    6.76750e+01    3.80177e+02    2.18523e+02    4.66088e+01    5.99362e+02
     Coulomb-14        LJ (SR)  Disper. corr.   Coulomb (SR)   Coul. recip.
    4.90517e+03   -1.26960e+03   -3.33236e+02   -7.29762e+03    7.68305e+02
      Potential Pres. DC (bar) Pressure (bar)   Constr. rmsd
   -1.91463e+03   -2.92209e+02    1.71332e+04    6.61796e-07

           Step           Time
             97       97.00000

   Energies (kJ/mol)
           Bond          Angle    Proper Dih. Per. Imp. Dih.          LJ-14
    8.89372e+01    3.71547e+02    2.18881e+02    4.65586e+01    5.99229e+02
     Coulomb-14        LJ (SR)  Disper. corr.   Coulomb (SR)   Coul. recip.
    4.90134e+03   -1.28890e+03   -3.33236e+02   -7.29798e+03    7.61414e+02
      Potential Pres. DC (bar) Pressure (bar)   Constr. rmsd
   -1.93221e+03   -2.92209e+02    1.75526e+04    6.49495e-07

           Step           Time
             98       98.00000

   Energies (kJ/mol)
           Bond          Angle    Proper Dih. Per. Imp. Dih.          LJ-14
    6.93216e+01    3.79670e+02    2.19448e+02    4.64968e+01    5.98189e+02
     Coulomb-14        LJ (SR)  Disper. corr.   Coulomb (SR)   Coul. recip.
    4.90547e+03   -1.29132e+03   -3.33236e+02   -7.30064e+03    7.67639e+02
      Potential Pres. DC (bar) Pressure (bar)   Constr. rmsd
   -1.93896e+03   -2.92209e+02    1.69282e+04    6.56162e-07

           Step           Time
             99       99.00000

   Energies (kJ/mol)
           Bond          Angle    Proper Dih. Per. Imp. Dih.          LJ-14
    1.07788e+02    3.69346e+02    2.19821e+02    4.64388e+01    5.98138e+02
     Coulomb-14        LJ (SR)  Disper. corr.   Coulomb (SR)   Coul. recip.
    4.90020e+03   -1.31555e+03   -3.33236e+02   -7.30077e+03    7.58319e+02
      Potential Pres. DC (bar) Pressure (bar)   Constr. rmsd
   -1.94951e+03   -2.92209e+02    1.75168e+04    6.13859e-07

           Step           Time
            100      100.00000

   Energies (kJ/mol)
           Bond          Angle    Proper Dih. Per. Imp. Dih.          LJ-14
    7.51701e+01    3.80775e+02    2.20297e+02    4.63864e+01    5.97053e+02
     Coulomb-14        LJ (SR)  Disper. corr.   Coulomb (SR)   Coul. recip.
    4.90608e+03   -1.31139e+03   -3.33236e+02   -7.30367e+03    7.67565e+02
      Potential Pres. DC (bar) Pressure (bar)   Constr. rmsd
   -1.95496e+03   -2.92209e+02    1.66839e+04    6.31491e-07

           Step           Time
            101      101.00000

           Step           Time
            102      102.00000

   Energies (kJ/mol)
           Bond          Angle    Proper Dih. Per. Imp. Dih.          LJ-14
    7.24796e+01    3.69278e+02    2.20467e+02    4.63505e+01    5.97015e+02
     Coulomb-14        LJ (SR)  Disper. corr.   Coulomb (SR)   Coul. recip.
    4.90245e+03   -1.32680e+03   -3.33236e+02   -7.30346e+03    7.61134e+02
      Potential Pres. DC (bar) Pressure (bar)   Constr. rmsd
   -1.99433e+03   -2.92209e+02    1.71157e+04    6.51641e-07

           Step           Time
            103      103.00000

   Energies (kJ/mol)
           Bond          Angle    Proper Dih. Per. Imp. Dih.          LJ-14
    7.43213e+01    3.76542e+02    2.21974e+02    4.61202e+01    5.94740e+02
     Coulomb-14        LJ (SR)  Disper. corr.   Coulomb (SR)   Coul. recip.
    4.90566e+03   -1.35794e+03   -3.33236e+02   -7.30970e+03    7.64337e+02
      Potential Pres. DC (bar) Pressure (bar)   Constr. rmsd
   -2.01719e+03   -2.92209e+02    1.64078e+04    6.83523e-07

           Step           Time
            104      104.00000

   Energies (kJ/mol)
           Bond          Angle    Proper Dih. Per. Imp. Dih.          LJ-14
    8.78288e+01    3.64078e+02    2.22154e+02    4.60786e+01    5.94699e+02
     Coulomb-14        LJ (SR)  Disper. corr.   Coulomb (SR)   Coul. recip.
    4.90105e+03   -1.37771e+03   -3.33236e+02   -7.30925e+03    7.56298e+02
      Potential Pres. DC (bar) Pressure (bar)   Constr. rmsd
   -2.04801e+03   -2.92209e+02    1.69433e+04    6.42094e-07

           Step           Time
            105      105.00000

           Step           Time
            106      106.00000

   Energies (kJ/mol)
           Bond          Angle    Proper Dih. Per. Imp. Dih.          LJ-14
    6.37116e+01    3.67539e+02    2.22406e+02    4.60328e+01    5.94098e+02
     Coulomb-14        LJ (SR)  Disper. corr.   Coulomb (SR)   Coul. recip.
    4.90358e+03   -1.37838e+03   -3.33236e+02   -7.31103e+03    7.60064e+02
      Potential Pres. DC (bar) Pressure (bar)   Constr. rmsd
   -2.06521e+03   -2.92209e+02    1.65707e+04    6.34378e-07

           Step           Time
            107      107.00000

   Energies (kJ/mol)
           Bond          Angle    Proper Dih. Per. Imp. Dih.          LJ-14
    1.02273e+02    3.62126e+02    2.22874e+02    4.59294e+01    5.93560e+02
     Coulomb-14        LJ (SR)  Disper. corr.   Coulomb (SR)   Coul. recip.
    4.90022e+03   -1.40391e+03   -3.33236e+02   -7.31220e+03    7.53673e+02
      Potential Pres. DC (bar) Pressure (bar)   Constr. rmsd
   -2.06869e+03   -2.92209e+02    1.68643e+04    6.38760e-07

           Step           Time
            108      108.00000

   Energies (kJ/mol)
           Bond          Angle    Proper Dih. Per. Imp. Dih.          LJ-14
    6.32105e+01    3.66606e+02    2.23114e+02    4.58832e+01    5.92868e+02
     Coulomb-14        LJ (SR)  Disper. corr.   Coulomb (SR)   Coul. recip.
    4.90385e+03   -1.40154e+03   -3.33236e+02   -7.31432e+03    7.59219e+02
      Potential Pres. DC (bar) Pressure (bar)   Constr. rmsd
   -2.09435e+03   -2.92209e+02    1.63583e+04    6.27366e-07

           Step           Time
            109      109.00000

           Step           Time
            110      110.00000

   Energies (kJ/mol)
           Bond          Angle    Proper Dih. Per. Imp. Dih.          LJ-14
    7.66988e+01    3.61157e+02    2.23303e+02    4.58284e+01    5.92636e+02
     Coulomb-14        LJ (SR)  Disper. corr.   Coulomb (SR)   Coul. recip.
    4.90153e+03   -1.41583e+03   -3.33236e+02   -7.31463e+03    7.54959e+02
      Potential Pres. DC (bar) Pressure (bar)   Constr. rmsd
   -2.10759e+03   -2.92209e+02    1.65920e+04    6.37264e-07

           Step           Time
            111      111.00000

   Energies (kJ/mol)
           Bond          Angle    Proper Dih. Per. Imp. Dih.          LJ-14
    6.33329e+01    3.65715e+02    2.23621e+02    4.57529e+01    5.91897e+02
     Coulomb-14        LJ (SR)  Disper. corr.   Coulomb (SR)   Coul. recip.
    4.90396e+03   -1.42025e+03   -3.33236e+02   -7.31695e+03    7.58364e+02
      Potential Pres. DC (bar) Pressure (bar)   Constr. rmsd
   -2.11779e+03   -2.92209e+02    1.62023e+04    6.47782e-07

           Step           Time
            112      112.00000

   Energies (kJ/mol)
           Bond          Angle    Proper Dih. Per. Imp. Dih.          LJ-14
    8.77915e+01    3.59107e+02    2.23815e+02    4.56884e+01    5.91671e+02
     Coulomb-14        LJ (SR)  Disper. corr.   Coulomb (SR)   Coul. recip.
    4.90076e+03   -1.43826e+03   -3.33236e+02   -7.31711e+03    7.52597e+02
      Potential Pres. DC (bar) Pressure (bar)   Constr. rmsd
   -2.12719e+03   -2.92209e+02    1.65341e+04    6.70869e-07

           Step           Time
            113      113.00000

   Energies (kJ/mol)
           Bond          Angle    Proper Dih. Per. Imp. Dih.          LJ-14
    6.51052e+01    3.65648e+02    2.24082e+02    4.56243e+01    5.90941e+02
     Coulomb-14        LJ (SR)  Disper. corr.   Coulomb (SR)   Coul. recip.
    4.90427e+03   -1.43803e+03   -3.33236e+02   -7.31962e+03    7.57858e+02
      Potential Pres. DC (bar) Pressure (bar)   Constr. rmsd
   -2.13736e+03   -2.92209e+02    1.60213e+04    6.47992e-07

           Step           Time
            114      114.00000

           Step           Time
            115      115.00000

   Energies (kJ/mol)
           Bond          Angle    Proper Dih. Per. Imp. Dih.          LJ-14
    6.78789e+01    3.59023e+02    2.24163e+02    4.55866e+01    5.90815e+02
     Coulomb-14        LJ (SR)  Disper. corr.   Coulomb (SR)   Coul. recip.
    4.90205e+03   -1.44923e+03   -3.33236e+02   -7.31948e+03    7.53906e+02
      Potential Pres. DC (bar) Pressure (bar)   Constr. rmsd
   -2.15854e+03   -2.92209e+02    1.62684e+04    6.29679e-07

           Step           Time
            116      116.00000

   Energies (kJ/mol)
           Bond          Angle    Proper Dih. Per. Imp. Dih.          LJ-14
    6.49965e+01    3.63234e+02    2.24768e+02    4.53971e+01    5.89396e+02
     Coulomb-14        LJ (SR)  Disper. corr.   Coulomb (SR)   Coul. recip.
    4.90410e+03   -1.46902e+03   -3.33236e+02   -7.32380e+03    7.55849e+02
      Potential Pres. DC (bar) Pressure (bar)   Constr. rmsd
   -2.17832e+03   -2.92209e+02    1.58144e+04    6.86653e-07

           Step           Time
            117      117.00000

   Energies (kJ/mol)
           Bond          Angle    Proper Dih. Per. Imp. Dih.          LJ-14
    7.72467e+01    3.55520e+02    2.24845e+02    4.53480e+01    5.89246e+02
     Coulomb-14        LJ (SR)  Disper. corr.   Coulomb (SR)   Coul. recip.
    4.90114e+03   -1.48383e+03   -3.33236e+02   -7.32351e+03    7.50641e+02
      Potential Pres. DC (bar) Pressure (bar)   Constr. rmsd
   -2.19659e+03   -2.92209e+02    1.61402e+04    6.77138e-07

           Step           Time
            118      118.00000

           Step           Time
            119      119.00000

   Energies (kJ/mol)
           Bond          Angle    Proper Dih. Per. Imp. Dih.          LJ-14
    6.12749e+01    3.57665e+02    2.24978e+02    4.53017e+01    5.88818e+02
     Coulomb-14        LJ (SR)  Disper. corr.   Coulomb (SR)   Coul. recip.
    4.90274e+03   -1.48548e+03   -3.33236e+02   -7.32499e+03    7.52906e+02
      Potential Pres. DC (bar) Pressure (bar)   Constr. rmsd
   -2.21002e+03   -2.92209e+02    1.58947e+04    6.49798e-07

           Step           Time
            120      120.00000

   Energies (kJ/mol)
           Bond          Angle    Proper Dih. Per. Imp. Dih.          LJ-14
    8.71211e+01    3.53487e+02    2.25254e+02    4.51634e+01    5.88091e+02
     Coulomb-14        LJ (SR)  Disper. corr.   Coulomb (SR)   Coul. recip.
    4.90049e+03   -1.50939e+03   -3.33236e+02   -7.32653e+03    7.48276e+02
      Potential Pres. DC (bar) Pressure (bar)   Constr. rmsd
   -2.22127e+03   -2.92209e+02    1.60380e+04    6.27149e-07

           Step           Time
            121      121.00000

   Energies (kJ/mol)
           Bond          Angle    Proper Dih. Per. Imp. Dih.          LJ-14
    6.02657e+01    3.56182e+02    2.25379e+02    4.51185e+01    5.87618e+02
     Coulomb-14        LJ (SR)  Disper. corr.   Coulomb (SR)   Coul. recip.
    4.90280e+03   -1.50890e+03   -3.33236e+02   -7.32830e+03    7.51674e+02
      Potential Pres. DC (bar) Pressure (bar)   Constr. rmsd
   -2.24140e+03   -2.92209e+02    1.57083e+04    6.17276e-07

           Step           Time
            122      122.00000

           Step           Time
            123      123.00000

   Energies (kJ/mol)
           Bond          Angle    Proper Dih. Per. Imp. Dih.          LJ-14
    7.15807e+01    3.52596e+02    2.25479e+02    4.50432e+01    5.87269e+02
     Coulomb-14        LJ (SR)  Disper. corr.   Coulomb (SR)   Coul. recip.
    4.90126e+03   -1.52209e+03   -3.33236e+02   -7.32888e+03    7.48672e+02
      Potential Pres. DC (bar) Pressure (bar)   Constr. rmsd
   -2.25229e+03   -2.92209e+02    1.58335e+04    6.42963e-07

           Step           Time
            124      124.00000

   Energies (kJ/mol)
           Bond          Angle    Proper Dih. Per. Imp. Dih.          LJ-14
    5.97737e+01    3.55167e+02    2.25607e+02    4.49816e+01    5.86784e+02
     Coulomb-14        LJ (SR)  Disper. corr.   Coulomb (SR)   Coul. recip.
    4.90283e+03   -1.52533e+03   -3.33236e+02   -7.33062e+03    7.50782e+02
      Potential Pres. DC (bar) Pressure (bar)   Constr. rmsd
   -2.26326e+03   -2.92209e+02    1.55795e+04    6.59996e-07

           Step           Time
            125      125.00000

   Energies (kJ/mol)
           Bond          Angle    Proper Dih. Per. Imp. Dih.          LJ-14
    7.94376e+01    3.50882e+02    2.25695e+02    4.48920e+01    5.86403e+02
     Coulomb-14        LJ (SR)  Disper. corr.   Coulomb (SR)   Coul. recip.
    4.90070e+03   -1.54165e+03   -3.33236e+02   -7.33113e+03    7.46747e+02
      Potential Pres. DC (bar) Pressure (bar)   Constr. rmsd
   -2.27126e+03   -2.92209e+02    1.57652e+04    6.61542e-07

           Step           Time
            126      126.00000

   Energies (kJ/mol)
           Bond          Angle    Proper Dih. Per. Imp. Dih.          LJ-14
    5.96620e+01    3.54478e+02    2.25814e+02    4.48364e+01    5.85905e+02
     Coulomb-14        LJ (SR)  Disper. corr.   Coulomb (SR)   Coul. recip.
    4.90296e+03   -1.54226e+03   -3.33236e+02   -7.33313e+03    7.50023e+02
      Potential Pres. DC (bar) Pressure (bar)   Constr. rmsd
   -2.28494e+03   -2.92209e+02    1.54291e+04    6.43910e-07

           Step           Time
            127      127.00000

           Step           Time
            128      128.00000

   Energies (kJ/mol)
           Bond          Angle    Proper Dih. Per. Imp. Dih.          LJ-14
    6.59191e+01    3.50530e+02    2.25838e+02    4.47860e+01    5.85708e+02
     Coulomb-14        LJ (SR)  Disper. corr.   Coulomb (SR)   Coul. recip.
    4.90148e+03   -1.55193e+03   -3.33236e+02   -7.33321e+03    7.47308e+02
      Potential Pres. DC (bar) Pressure (bar)   Constr. rmsd
   -2.29679e+03   -2.92209e+02    1.55742e+04    6.31706e-07

           Step           Time
            129      129.00000

   Energies (kJ/mol)
           Bond          Angle    Proper Dih. Per. Imp. Dih.          LJ-14
    5.95796e+01    3.53378e+02    2.25983e+02    4.46811e+01    5.85019e+02
     Coulomb-14        LJ (SR)  Disper. corr.   Coulomb (SR)   Coul. recip.
    4.90295e+03   -1.55990e+03   -3.33236e+02   -7.33563e+03    7.48988e+02
      Potential Pres. DC (bar) Pressure (bar)   Constr. rmsd
   -2.30819e+03   -2.92209e+02    1.52956e+04    6.39087e-07

           Step           Time
            130      130.00000

   Energies (kJ/mol)
           Bond          Angle    Proper Dih. Per. Imp. Dih.          LJ-14
    7.24097e+01    3.48531e+02    2.25992e+02    4.46169e+01    5.84788e+02
     Coulomb-14        LJ (SR)  Disper. corr.   Coulomb (SR)   Coul. recip.
    4.90090e+03   -1.57255e+03   -3.33236e+02   -7.33560e+03    7.45292e+02
      Potential Pres. DC (bar) Pressure (bar)   Constr. rmsd
   -2.31886e+03   -2.92209e+02    1.54997e+04    6.33987e-07

           Step           Time
            131      131.00000

   Energies (kJ/mol)
           Bond          Angle    Proper Dih. Per. Imp. Dih.          LJ-14
    6.05369e+01    3.53008e+02    2.26101e+02    4.45430e+01    5.84234e+02
     Coulomb-14        LJ (SR)  Disper. corr.   Coulomb (SR)   Coul. recip.
    4.90309e+03   -1.57508e+03   -3.33236e+02   -7.33794e+03    7.48323e+02
      Potential Pres. DC (bar) Pressure (bar)   Constr. rmsd
   -2.32642e+03   -2.92209e+02    1.51564e+04    6.58694e-07

           Step           Time
            132      132.00000

   Energies (kJ/mol)
           Bond          Angle    Proper Dih. Per. Imp. Dih.          LJ-14
    8.38184e+01    3.47187e+02    2.26081e+02    4.44691e+01    5.84018e+02
     Coulomb-14        LJ (SR)  Disper. corr.   Coulomb (SR)   Coul. recip.
    4.90024e+03   -1.59074e+03   -3.33236e+02   -7.33758e+03    7.43322e+02
      Potential Pres. DC (bar) Pressure (bar)   Constr. rmsd
   -2.33242e+03   -2.92209e+02    1.54520e+04    6.88589e-07

           Step           Time
            133      133.00000

   Energies (kJ/mol)
           Bond          Angle    Proper Dih. Per. Imp. Dih.          LJ-14
    6.40334e+01    3.53521e+02    2.26194e+02    4.44061e+01    5.83458e+02
     Coulomb-14        LJ (SR)  Disper. corr.   Coulomb (SR)   Coul. recip.
    4.90341e+03   -1.58966e+03   -3.33236e+02   -7.34034e+03    7.47943e+02
      Potential Pres. DC (bar) Pressure (bar)   Constr. rmsd
   -2.34027e+03   -2.92209e+02    1.49940e+04    7.06256e-07

           Step           Time
            134      134.00000

           Step           Time
            135      135.00000

   Energies (kJ/mol)
           Bond          Angle    Proper Dih. Per. Imp. Dih.          LJ-14
    6.26633e+01    3.46949e+02    2.26157e+02    4.43626e+01    5.83325e+02
     Coulomb-14        LJ (SR)  Disper. corr.   Coulomb (SR)   Coul. recip.
    4.90142e+03   -1.59943e+03   -3.33236e+02   -7.33984e+03    7.44494e+02
      Potential Pres. DC (bar) Pressure (bar)   Constr. rmsd
   -2.36314e+03   -2.92209e+02    1.52183e+04    6.45359e-07

           Step           Time
            136      136.00000

   Energies (kJ/mol)
           Bond          Angle    Proper Dih. Per. Imp. Dih.          LJ-14
    6.49620e+01    3.51879e+02    2.26288e+02    4.41488e+01    5.82127e+02
     Coulomb-14        LJ (SR)  Disper. corr.   Coulomb (SR)   Coul. recip.
    4.90329e+03   -1.61661e+03   -3.33236e+02   -7.34418e+03    7.46151e+02
      Potential Pres. DC (bar) Pressure (bar)   Constr. rmsd
   -2.37519e+03   -2.92209e+02    1.48034e+04    6.47858e-07

           Step           Time
            137      137.00000

   Energies (kJ/mol)
           Bond          Angle    Proper Dih. Per. Imp. Dih.          LJ-14
    7.17817e+01    3.44167e+02    2.26215e+02    4.40942e+01    5.81972e+02
     Coulomb-14        LJ (SR)  Disper. corr.   Coulomb (SR)   Coul. recip.
    4.90061e+03   -1.62945e+03   -3.33236e+02   -7.34336e+03    7.41605e+02
      Potential Pres. DC (bar) Pressure (bar)   Constr. rmsd
   -2.39560e+03   -2.92209e+02    1.51022e+04    6.33439e-07

           Step           Time
            138      138.00000

           Step           Time
            139      139.00000

   Energies (kJ/mol)
           Bond          Angle    Proper Dih. Per. Imp. Dih.          LJ-14
    5.71681e+01    3.46264e+02    2.26252e+02    4.40460e+01    5.81618e+02
     Coulomb-14        LJ (SR)  Disper. corr.   Coulomb (SR)   Coul. recip.
    4.90208e+03   -1.63074e+03   -3.33236e+02   -7.34500e+03    7.43581e+02
      Potential Pres. DC (bar) Pressure (bar)   Constr. rmsd
   -2.40798e+03   -2.92209e+02    1.48787e+04    6.38934e-07

           Step           Time
            140      140.00000

   Energies (kJ/mol)
           Bond          Angle    Proper Dih. Per. Imp. Dih.          LJ-14
    8.12284e+01    3.42878e+02    2.26183e+02    4.39191e+01    5.81122e+02
     Coulomb-14        LJ (SR)  Disper. corr.   Coulomb (SR)   Coul. recip.
    4.90007e+03   -1.64867e+03   -3.33236e+02   -7.34562e+03    7.39738e+02
      Potential Pres. DC (bar) Pressure (bar)   Constr. rmsd
   -2.41238e+03   -2.92209e+02    1.50278e+04    6.49441e-07

           Step           Time
            141      141.00000

   Energies (kJ/mol)
           Bond          Angle    Proper Dih. Per. Imp. Dih.          LJ-14
    5.69982e+01    3.45579e+02    2.26229e+02    4.38739e+01    5.80731e+02
     Coulomb-14        LJ (SR)  Disper. corr.   Coulomb (SR)   Coul. recip.
    4.90219e+03   -1.64811e+03   -3.33236e+02   -7.34766e+03    7.42716e+02
      Potential Pres. DC (bar) Pressure (bar)   Constr. rmsd
   -2.43069e+03   -2.92209e+02    1.47251e+04    6.25801e-07

           Step           Time
            142      142.00000

           Step           Time
            143      143.00000

   Energies (kJ/mol)
           Bond          Angle    Proper Dih. Per. Imp. Dih.          LJ-14
    6.49820e+01    3.42141e+02    2.26165e+02    4.38073e+01    5.80495e+02
     Coulomb-14        LJ (SR)  Disper. corr.   Coulomb (SR)   Coul. recip.
    4.90081e+03   -1.65800e+03   -3.33236e+02   -7.34768e+03    7.40197e+02
      Potential Pres. DC (bar) Pressure (bar)   Constr. rmsd
   -2.44032e+03   -2.92209e+02    1.48520e+04    6.23855e-07

           Step           Time
            144      144.00000

   Energies (kJ/mol)
           Bond          Angle    Proper Dih. Per. Imp. Dih.          LJ-14
    5.71912e+01    3.44992e+02    2.26174e+02    4.37312e+01    5.80039e+02
     Coulomb-14        LJ (SR)  Disper. corr.   Coulomb (SR)   Coul. recip.
    4.90224e+03   -1.66187e+03   -3.33236e+02   -7.34974e+03    7.41957e+02
      Potential Pres. DC (bar) Pressure (bar)   Constr. rmsd
   -2.44852e+03   -2.92209e+02    1.46104e+04    6.01664e-07

           Step           Time
            145      145.00000

   Energies (kJ/mol)
           Bond          Angle    Proper Dih. Per. Imp. Dih.          LJ-14
    7.22483e+01    3.40815e+02    2.26076e+02    4.36515e+01    5.79784e+02
     Coulomb-14        LJ (SR)  Disper. corr.   Coulomb (SR)   Coul. recip.
    4.90030e+03   -1.67428e+03   -3.33236e+02   -7.34953e+03    7.38544e+02
      Potential Pres. DC (bar) Pressure (bar)   Constr. rmsd
   -2.45562e+03   -2.92209e+02    1.47957e+04    6.37497e-07

           Step           Time
            146      146.00000

   Energies (kJ/mol)
           Bond          Angle    Proper Dih. Per. Imp. Dih.          LJ-14
    5.86089e+01    3.44921e+02    2.26099e+02    4.35903e+01    5.79354e+02
     Coulomb-14        LJ (SR)  Disper. corr.   Coulomb (SR)   Coul. recip.
    4.90240e+03   -1.67519e+03   -3.33236e+02   -7.35189e+03    7.41387e+02
      Potential Pres. DC (bar) Pressure (bar)   Constr. rmsd
   -2.46395e+03   -2.92209e+02    1.44800e+04    6.51320e-07

           Step           Time
            147      147.00000

   Energies (kJ/mol)
           Bond          Angle    Proper Dih. Per. Imp. Dih.          LJ-14
    8.52515e+01    3.40050e+02    2.25959e+02    4.35021e+01    5.79126e+02
     Coulomb-14        LJ (SR)  Disper. corr.   Coulomb (SR)   Coul. recip.
    4.89970e+03   -1.69012e+03   -3.33236e+02   -7.35122e+03    7.36788e+02
      Potential Pres. DC (bar) Pressure (bar)   Constr. rmsd
   -2.46419e+03   -2.92209e+02    1.47545e+04    6.00116e-07

           Step           Time
            148      148.00000

   Energies (kJ/mol)
           Bond          Angle    Proper Dih. Per. Imp. Dih.          LJ-14
    6.32787e+01    3.45784e+02    2.26007e+02    4.34503e+01    5.78672e+02
     Coulomb-14        LJ (SR)  Disper. corr.   Coulomb (SR)   Coul. recip.
    4.90272e+03   -1.68813e+03   -3.33236e+02   -7.35418e+03    7.41069e+02
      Potential Pres. DC (bar) Pressure (bar)   Constr. rmsd
   -2.47457e+03   -2.92209e+02    1.43258e+04    6.31404e-07

           Step           Time
            149      149.00000

           Step           Time
            150      150.00000

   Energies (kJ/mol)
           Bond          Angle    Proper Dih. Per. Imp. Dih.          LJ-14
    6.06061e+01    3.39358e+02    2.25906e+02    4.33989e+01    5.78525e+02
     Coulomb-14        LJ (SR)  Disper. corr.   Coulomb (SR)   Coul. recip.
    4.90082e+03   -1.69736e+03   -3.33236e+02   -7.35344e+03    7.37887e+02
      Potential Pres. DC (bar) Pressure (bar)   Constr. rmsd
   -2.49754e+03   -2.92209e+02    1.45392e+04    6.44345e-07

           Step           Time
            151      151.00000

   Energies (kJ/mol)
           Bond          Angle    Proper Dih. Per. Imp. Dih.          LJ-14
    6.58826e+01    3.45240e+02    2.25820e+02    4.32267e+01    5.77680e+02
     Coulomb-14        LJ (SR)  Disper. corr.   Coulomb (SR)   Coul. recip.
    4.90272e+03   -1.70828e+03   -3.33236e+02   -7.35725e+03    7.39820e+02
      Potential Pres. DC (bar) Pressure (bar)   Constr. rmsd
   -2.49837e+03   -2.92209e+02    1.41654e+04    6.72100e-07

           Step           Time
            152      152.00000

   Energies (kJ/mol)
           Bond          Angle    Proper Dih. Per. Imp. Dih.          LJ-14
    7.01078e+01    3.37455e+02    2.25671e+02    4.31640e+01    5.77516e+02
     Coulomb-14        LJ (SR)  Disper. corr.   Coulomb (SR)   Coul. recip.
    4.90012e+03   -1.72033e+03   -3.33236e+02   -7.35605e+03    7.35557e+02
      Potential Pres. DC (bar) Pressure (bar)   Constr. rmsd
   -2.52003e+03   -2.92209e+02    1.44580e+04    6.30088e-07

           Step           Time
            153      153.00000

           Step           Time
            154      154.00000

   Energies (kJ/mol)
           Bond          Angle    Proper Dih. Per. Imp. Dih.          LJ-14
    5.49709e+01    3.39443e+02    2.25664e+02    4.31201e+01    5.77209e+02
     Coulomb-14        LJ (SR)  Disper. corr.   Coulomb (SR)   Coul. recip.
    4.90156e+03   -1.72112e+03   -3.33236e+02   -7.35781e+03    7.37429e+02
      Potential Pres. DC (bar) Pressure (bar)   Constr. rmsd
   -2.53278e+03   -2.92209e+02    1.42428e+04    6.40115e-07

           Step           Time
            155      155.00000

   Energies (kJ/mol)
           Bond          Angle    Proper Dih. Per. Imp. Dih.          LJ-14
    8.04006e+01    3.36569e+02    2.25453e+02    4.29883e+01    5.76774e+02
     Coulomb-14        LJ (SR)  Disper. corr.   Coulomb (SR)   Coul. recip.
    4.89962e+03   -1.73736e+03   -3.33236e+02   -7.35803e+03    7.33849e+02
      Potential Pres. DC (bar) Pressure (bar)   Constr. rmsd
   -2.53299e+03   -2.92209e+02    1.43934e+04    6.62305e-07

           Step           Time
            156      156.00000

   Energies (kJ/mol)
           Bond          Angle    Proper Dih. Per. Imp. Dih.          LJ-14
    5.54300e+01    3.39106e+02    2.25461e+02    4.29494e+01    5.76431e+02
     Coulomb-14        LJ (SR)  Disper. corr.   Coulomb (SR)   Coul. recip.
    4.90170e+03   -1.73643e+03   -3.33236e+02   -7.36029e+03    7.36674e+02
      Potential Pres. DC (bar) Pressure (bar)   Constr. rmsd
   -2.55221e+03   -2.92209e+02    1.40992e+04    6.57167e-07

           Step           Time
            157      157.00000

           Step           Time
            158      158.00000

   Energies (kJ/mol)
           Bond          Angle    Proper Dih. Per. Imp. Dih.          LJ-14
    6.22414e+01    3.35690e+02    2.25331e+02    4.28806e+01    5.76223e+02
     Coulomb-14        LJ (SR)  Disper. corr.   Coulomb (SR)   Coul. recip.
    4.90035e+03   -1.74535e+03   -3.33236e+02   -7.36004e+03    7.34321e+02
      Potential Pres. DC (bar) Pressure (bar)   Constr. rmsd
   -2.56159e+03   -2.92209e+02    1.42278e+04    6.61084e-07

           Step           Time
            159      159.00000

   Energies (kJ/mol)
           Bond          Angle    Proper Dih. Per. Imp. Dih.          LJ-14
    5.61910e+01    3.38788e+02    2.25269e+02    4.28046e+01    5.75813e+02
     Coulomb-14        LJ (SR)  Disper. corr.   Coulomb (SR)   Coul. recip.
    4.90176e+03   -1.74883e+03   -3.33236e+02   -7.36225e+03    7.35987e+02
      Potential Pres. DC (bar) Pressure (bar)   Constr. rmsd
   -2.56771e+03   -2.92209e+02    1.39906e+04    6.39392e-07

           Step           Time
            160      160.00000

   Energies (kJ/mol)
           Bond          Angle    Proper Dih. Per. Imp. Dih.          LJ-14
    6.98429e+01    3.34632e+02    2.25095e+02    4.27232e+01    5.75590e+02
     Coulomb-14        LJ (SR)  Disper. corr.   Coulomb (SR)   Coul. recip.
    4.89987e+03   -1.76001e+03   -3.33236e+02   -7.36169e+03    7.32790e+02
      Potential Pres. DC (bar) Pressure (bar)   Constr. rmsd
   -2.57439e+03   -2.92209e+02    1.41783e+04    6.28701e-07

           Step           Time
            161      161.00000

   Energies (kJ/mol)
           Bond          Angle    Proper Dih. Per. Imp. Dih.          LJ-14
    5.88611e+01    3.39089e+02    2.25067e+02    4.26669e+01    5.75213e+02
     Coulomb-14        LJ (SR)  Disper. corr.   Coulomb (SR)   Coul. recip.
    4.90193e+03   -1.76059e+03   -3.33236e+02   -7.36428e+03    7.35499e+02
      Potential Pres. DC (bar) Pressure (bar)   Constr. rmsd
   -2.57978e+03   -2.92209e+02    1.38671e+04    6.49404e-07

           Step           Time
            162      162.00000

           Step           Time
            163      163.00000

   Energies (kJ/mol)
           Bond          Angle    Proper Dih. Per. Imp. Dih.          LJ-14
    5.63686e+01    3.34472e+02    2.24953e+02    4.26179e+01    5.75071e+02
     Coulomb-14        LJ (SR)  Disper. corr.   Coulomb (SR)   Coul. recip.
    4.90061e+03   -1.76758e+03   -3.33236e+02   -7.36369e+03    7.33297e+02
      Potential Pres. DC (bar) Pressure (bar)   Constr. rmsd
   -2.59712e+03   -2.92209e+02    1.40120e+04    6.61121e-07

           Step           Time
            164      164.00000

   Energies (kJ/mol)
           Bond          Angle    Proper Dih. Per. Imp. Dih.          LJ-14
    5.90011e+01    3.37530e+02    2.24615e+02    4.23763e+01    5.74018e+02
     Coulomb-14        LJ (SR)  Disper. corr.   Coulomb (SR)   Coul. recip.
    4.90177e+03   -1.78523e+03   -3.33236e+02   -7.36790e+03    7.33706e+02
      Potential Pres. DC (bar) Pressure (bar)   Constr. rmsd
   -2.61335e+03   -2.92209e+02    1.36927e+04    6.62149e-07

           Step           Time
            165      165.00000

   Energies (kJ/mol)
           Bond          Angle    Proper Dih. Per. Imp. Dih.          LJ-14
    6.28456e+01    3.32167e+02    2.24444e+02    4.23116e+01    5.73843e+02
     Coulomb-14        LJ (SR)  Disper. corr.   Coulomb (SR)   Coul. recip.
    4.89996e+03   -1.79459e+03   -3.33236e+02   -7.36700e+03    7.30768e+02
      Potential Pres. DC (bar) Pressure (bar)   Constr. rmsd
   -2.62848e+03   -2.92209e+02    1.38881e+04    6.55357e-07

           Step           Time
            166      166.00000

           Step           Time
            167      167.00000

   Energies (kJ/mol)
           Bond          Angle    Proper Dih. Per. Imp. Dih.          LJ-14
    5.30661e+01    3.33602e+02    2.24393e+02    4.22708e+01    5.73599e+02
     Coulomb-14        LJ (SR)  Disper. corr.   Coulomb (SR)   Coul. recip.
    4.90094e+03   -1.79613e+03   -3.33236e+02   -7.36850e+03    7.31922e+02
      Potential Pres. DC (bar) Pressure (bar)   Constr. rmsd
   -2.63808e+03   -2.92209e+02    1.37321e+04    6.10982e-07

           Step           Time
            168      168.00000

   Energies (kJ/mol)
           Bond          Angle    Proper Dih. Per. Imp. Dih.          LJ-14
    6.95318e+01    3.31194e+02    2.24104e+02    4.21372e+01    5.73159e+02
     Coulomb-14        LJ (SR)  Disper. corr.   Coulomb (SR)   Coul. recip.
    4.89955e+03   -1.81008e+03   -3.33236e+02   -7.36887e+03    7.29281e+02
      Potential Pres. DC (bar) Pressure (bar)   Constr. rmsd
   -2.64322e+03   -2.92209e+02    1.38199e+04    6.63102e-07

           Step           Time
            169      169.00000

   Energies (kJ/mol)
           Bond          Angle    Proper Dih. Per. Imp. Dih.          LJ-14
    5.29782e+01    3.33031e+02    2.24068e+02    4.21022e+01    5.72899e+02
     Coulomb-14        LJ (SR)  Disper. corr.   Coulomb (SR)   Coul. recip.
    4.90099e+03   -1.81033e+03   -3.33236e+02   -7.37077e+03    7.31079e+02
      Potential Pres. DC (bar) Pressure (bar)   Constr. rmsd
   -2.65720e+03   -2.92209e+02    1.36098e+04    6.79379e-07

           Step           Time
            170      170.00000

           Step           Time
            171      171.00000

   Energies (kJ/mol)
           Bond          Angle    Proper Dih. Per. Imp. Dih.          LJ-14
    5.83453e+01    3.30616e+02    2.23901e+02    4.20301e+01    5.72680e+02
     Coulomb-14        LJ (SR)  Disper. corr.   Coulomb (SR)   Coul. recip.
    4.90002e+03   -1.81797e+03   -3.33236e+02   -7.37069e+03    7.29371e+02
      Potential Pres. DC (bar) Pressure (bar)   Constr. rmsd
   -2.66493e+03   -2.92209e+02    1.36895e+04    6.72743e-07

           Step           Time
            172      172.00000

   Energies (kJ/mol)
           Bond          Angle    Proper Dih. Per. Imp. Dih.          LJ-14
    5.31071e+01    3.32565e+02    2.23791e+02    4.19643e+01    5.72357e+02
     Coulomb-14        LJ (SR)  Disper. corr.   Coulomb (SR)   Coul. recip.
    4.90100e+03   -1.82144e+03   -3.33236e+02   -7.37252e+03    7.30378e+02
      Potential Pres. DC (bar) Pressure (bar)   Constr. rmsd
   -2.67204e+03   -2.92209e+02    1.35178e+04    6.45635e-07

           Step           Time
            173      173.00000

   Energies (kJ/mol)
           Bond          Angle    Proper Dih. Per. Imp. Dih.          LJ-14
    6.35578e+01    3.29638e+02    2.23577e+02    4.18772e+01    5.72110e+02
     Coulomb-14        LJ (SR)  Disper. corr.   Coulomb (SR)   Coul. recip.
    4.89965e+03   -1.83101e+03   -3.33236e+02   -7.37222e+03    7.28067e+02
      Potential Pres. DC (bar) Pressure (bar)   Constr. rmsd
   -2.67799e+03   -2.92209e+02    1.36372e+04    6.48105e-07

           Step           Time
            174      174.00000

   Energies (kJ/mol)
           Bond          Angle    Proper Dih. Per. Imp. Dih.          LJ-14
    5.40904e+01    3.32444e+02    2.23503e+02    4.18287e+01    5.71815e+02
     Coulomb-14        LJ (SR)  Disper. corr.   Coulomb (SR)   Coul. recip.
    4.90108e+03   -1.83238e+03   -3.33236e+02   -7.37437e+03    7.29789e+02
      Potential Pres. DC (bar) Pressure (bar)   Constr. rmsd
   -2.68543e+03   -2.92209e+02    1.34144e+04    6.59526e-07

           Step           Time
            175      175.00000

   Energies (kJ/mol)
           Bond          Angle    Proper Dih. Per. Imp. Dih.          LJ-14
    7.30040e+01    3.29062e+02    2.23242e+02    4.17295e+01    5.71573e+02
     Coulomb-14        LJ (SR)  Disper. corr.   Coulomb (SR)   Coul. recip.
    4.89919e+03   -1.84379e+03   -3.33236e+02   -7.37362e+03    7.26693e+02
      Potential Pres. DC (bar) Pressure (bar)   Constr. rmsd
   -2.68614e+03   -2.92209e+02    1.35958e+04    6.38674e-07

           Step           Time
            176      176.00000

   Energies (kJ/mol)
           Bond          Angle    Proper Dih. Per. Imp. Dih.          LJ-14
    5.73316e+01    3.32957e+02    2.23201e+02    4.16937e+01    5.71273e+02
     Coulomb-14        LJ (SR)  Disper. corr.   Coulomb (SR)   Coul. recip.
    4.90128e+03   -1.84315e+03   -3.33236e+02   -7.37636e+03    7.29351e+02
      Potential Pres. DC (bar) Pressure (bar)   Constr. rmsd
   -2.69566e+03   -2.92209e+02    1.32937e+04    6.20880e-07

           Step           Time
            177      177.00000

           Step           Time
            178      178.00000

   Energies (kJ/mol)
           Bond          Angle    Proper Dih. Per. Imp. Dih.          LJ-14
    5.55145e+01    3.28485e+02    2.23043e+02    4.16351e+01    5.71123e+02
     Coulomb-14        LJ (SR)  Disper. corr.   Coulomb (SR)   Coul. recip.
    4.89995e+03   -1.85008e+03   -3.33236e+02   -7.37559e+03    7.27222e+02
      Potential Pres. DC (bar) Pressure (bar)   Constr. rmsd
   -2.71194e+03   -2.92209e+02    1.34382e+04    6.47187e-07

           Step           Time
            179      179.00000

   Energies (kJ/mol)
           Bond          Angle    Proper Dih. Per. Imp. Dih.          LJ-14
    5.92431e+01    3.32623e+02    2.22757e+02    4.14944e+01    5.70536e+02
     Coulomb-14        LJ (SR)  Disper. corr.   Coulomb (SR)   Coul. recip.
    4.90128e+03   -1.85849e+03   -3.33236e+02   -7.37882e+03    7.28334e+02
      Potential Pres. DC (bar) Pressure (bar)   Constr. rmsd
   -2.71428e+03   -2.92209e+02    1.31672e+04    6.56604e-07

           Step           Time
            180      180.00000

   Energies (kJ/mol)
           Bond          Angle    Proper Dih. Per. Imp. Dih.          LJ-14
    6.24547e+01    3.27153e+02    2.22543e+02    4.14211e+01    5.70361e+02
     Coulomb-14        LJ (SR)  Disper. corr.   Coulomb (SR)   Coul. recip.
    4.89942e+03   -1.86757e+03   -3.33236e+02   -7.37762e+03    7.25443e+02
      Potential Pres. DC (bar) Pressure (bar)   Constr. rmsd
   -2.72963e+03   -2.92209e+02    1.33703e+04    6.42199e-07

           Step           Time
            181      181.00000

           Step           Time
            182      182.00000

   Energies (kJ/mol)
           Bond          Angle    Proper Dih. Per. Imp. Dih.          LJ-14
    5.13680e+01    3.28513e+02    2.22478e+02    4.13877e+01    5.70147e+02
     Coulomb-14        LJ (SR)  Disper. corr.   Coulomb (SR)   Coul. recip.
    4.90044e+03   -1.86856e+03   -3.33236e+02   -7.37922e+03    7.26620e+02
      Potential Pres. DC (bar) Pressure (bar)   Constr. rmsd
   -2.74006e+03   -2.92209e+02    1.32138e+04    6.43916e-07

           Step           Time
            183      183.00000

   Energies (kJ/mol)
           Bond          Angle    Proper Dih. Per. Imp. Dih.          LJ-14
    7.02598e+01    3.26450e+02    2.22099e+02    4.12431e+01    5.69726e+02
     Coulomb-14        LJ (SR)  Disper. corr.   Coulomb (SR)   Coul. recip.
    4.89901e+03   -1.88211e+03   -3.33236e+02   -7.37937e+03    7.24001e+02
      Potential Pres. DC (bar) Pressure (bar)   Constr. rmsd
   -2.74193e+03   -2.92209e+02    1.33073e+04    6.51838e-07

           Step           Time
            184      184.00000

   Energies (kJ/mol)
           Bond          Angle    Proper Dih. Per. Imp. Dih.          LJ-14
    5.15800e+01    3.28132e+02    2.22053e+02    4.12175e+01    5.69494e+02
     Coulomb-14        LJ (SR)  Disper. corr.   Coulomb (SR)   Coul. recip.
    4.90050e+03   -1.88190e+03   -3.33236e+02   -7.38145e+03    7.25812e+02
      Potential Pres. DC (bar) Pressure (bar)   Constr. rmsd
   -2.75781e+03   -2.92209e+02    1.30939e+04    6.35800e-07

           Step           Time
            185      185.00000

           Step           Time
            186      186.00000

   Energies (kJ/mol)
           Bond          Angle    Proper Dih. Per. Imp. Dih.          LJ-14
    5.69985e+01    3.25723e+02    2.21849e+02    4.11416e+01    5.69290e+02
     Coulomb-14        LJ (SR)  Disper. corr.   Coulomb (SR)   Coul. recip.
    4.89952e+03   -1.88915e+03   -3.33236e+02   -7.38119e+03    7.24131e+02
      Potential Pres. DC (bar) Pressure (bar)   Constr. rmsd
   -2.76493e+03   -2.92209e+02    1.31796e+04    6.22079e-07

           Step           Time
            187      187.00000

   Energies (kJ/mol)
           Bond          Angle    Proper Dih. Per. Imp. Dih.          LJ-14
    5.20468e+01    3.27860e+02    2.21714e+02    4.10838e+01    5.69006e+02
     Coulomb-14        LJ (SR)  Disper. corr.   Coulomb (SR)   Coul. recip.
    4.90053e+03   -1.89198e+03   -3.33236e+02   -7.38312e+03    7.25174e+02
      Potential Pres. DC (bar) Pressure (bar)   Constr. rmsd
   -2.77092e+03   -2.92209e+02    1.30060e+04    6.30503e-07

           Step           Time
            188      188.00000

   Energies (kJ/mol)
           Bond          Angle    Proper Dih. Per. Imp. Dih.          LJ-14
    6.27847e+01    3.24955e+02    2.21459e+02    4.09930e+01    5.68783e+02
     Coulomb-14        LJ (SR)  Disper. corr.   Coulomb (SR)   Coul. recip.
    4.89915e+03   -1.90095e+03   -3.33236e+02   -7.38255e+03    7.22908e+02
      Potential Pres. DC (bar) Pressure (bar)   Constr. rmsd
   -2.77571e+03   -2.92209e+02    1.31346e+04    6.16427e-07

           Step           Time
            189      189.00000

   Energies (kJ/mol)
           Bond          Angle    Proper Dih. Per. Imp. Dih.          LJ-14
    5.37905e+01    3.27994e+02    2.21367e+02    4.09533e+01    5.68522e+02
     Coulomb-14        LJ (SR)  Disper. corr.   Coulomb (SR)   Coul. recip.
    4.90064e+03   -1.90184e+03   -3.33236e+02   -7.38490e+03    7.24654e+02
      Potential Pres. DC (bar) Pressure (bar)   Constr. rmsd
   -2.78206e+03   -2.92209e+02    1.29060e+04    6.44663e-07

           Step           Time
            190      190.00000

           Step           Time
            191      191.00000

   Energies (kJ/mol)
           Bond          Angle    Proper Dih. Per. Imp. Dih.          LJ-14
    5.26584e+01    3.24751e+02    2.21212e+02    4.08988e+01    5.68385e+02
     Coulomb-14        LJ (SR)  Disper. corr.   Coulomb (SR)   Coul. recip.
    4.89966e+03   -1.90734e+03   -3.33236e+02   -7.38432e+03    7.23102e+02
      Potential Pres. DC (bar) Pressure (bar)   Constr. rmsd
   -2.79423e+03   -2.92209e+02    1.30077e+04    6.40743e-07

           Step           Time
            192      192.00000

   Energies (kJ/mol)
           Bond          Angle    Proper Dih. Per. Imp. Dih.          LJ-14
    5.42459e+01    3.27202e+02    2.20786e+02    4.07343e+01    5.67750e+02
     Coulomb-14        LJ (SR)  Disper. corr.   Coulomb (SR)   Coul. recip.
    4.90056e+03   -1.91812e+03   -3.33236e+02   -7.38745e+03    7.23448e+02
      Potential Pres. DC (bar) Pressure (bar)   Constr. rmsd
   -2.80408e+03   -2.92209e+02    1.27818e+04    6.56647e-07

           Step           Time
            193      193.00000

   Energies (kJ/mol)
           Bond          Angle    Proper Dih. Per. Imp. Dih.          LJ-14
    5.73667e+01    3.23301e+02    2.20573e+02    4.06628e+01    5.67581e+02
     Coulomb-14        LJ (SR)  Disper. corr.   Coulomb (SR)   Coul. recip.
    4.89920e+03   -1.92546e+03   -3.33236e+02   -7.38657e+03    7.21330e+02
      Potential Pres. DC (bar) Pressure (bar)   Constr. rmsd
   -2.81526e+03   -2.92209e+02    1.29246e+04    6.73585e-07

           Step           Time
            194      194.00000

           Step           Time
            195      195.00000

   Energies (kJ/mol)
           Bond          Angle    Proper Dih. Per. Imp. Dih.          LJ-14
    4.99713e+01    3.24333e+02    2.20485e+02    4.06308e+01    5.67401e+02
     Coulomb-14        LJ (SR)  Disper. corr.   Coulomb (SR)   Coul. recip.
    4.89993e+03   -1.92692e+03   -3.33236e+02   -7.38792e+03    7.22088e+02
      Potential Pres. DC (bar) Pressure (bar)   Constr. rmsd
   -2.82324e+03   -2.92209e+02    1.28054e+04    6.63292e-07

           Step           Time
            196      196.00000

   Energies (kJ/mol)
           Bond          Angle    Proper Dih. Per. Imp. Dih.          LJ-14
    6.26216e+01    3.22500e+02    2.20065e+02    4.04864e+01    5.66981e+02
     Coulomb-14        LJ (SR)  Disper. corr.   Coulomb (SR)   Coul. recip.
    4.89885e+03   -1.93912e+03   -3.33236e+02   -7.38829e+03    7.20006e+02
      Potential Pres. DC (bar) Pressure (bar)   Constr. rmsd
   -2.82913e+03   -2.92209e+02    1.28590e+04    6.39427e-07

           Step           Time
            197      197.00000

   Energies (kJ/mol)
           Bond          Angle    Proper Dih. Per. Imp. Dih.          LJ-14
    4.98081e+01    3.23784e+02    2.19995e+02    4.04623e+01    5.66793e+02
     Coulomb-14        LJ (SR)  Disper. corr.   Coulomb (SR)   Coul. recip.
    4.89993e+03   -1.93963e+03   -3.33236e+02   -7.39002e+03    7.21218e+02
      Potential Pres. DC (bar) Pressure (bar)   Constr. rmsd
   -2.84090e+03   -2.92209e+02    1.26987e+04    6.44209e-07

           Step           Time
            198      198.00000

           Step           Time
            199      199.00000

   Energies (kJ/mol)
           Bond          Angle    Proper Dih. Per. Imp. Dih.          LJ-14
    5.42563e+01    3.22004e+02    2.19767e+02    4.03839e+01    5.66583e+02
     Coulomb-14        LJ (SR)  Disper. corr.   Coulomb (SR)   Coul. recip.
    4.89919e+03   -1.94621e+03   -3.33236e+02   -7.38996e+03    7.19903e+02
      Potential Pres. DC (bar) Pressure (bar)   Constr. rmsd
   -2.84732e+03   -2.92209e+02    1.27527e+04    6.17884e-07

           Step           Time
            200      200.00000

   Energies (kJ/mol)
           Bond          Angle    Proper Dih. Per. Imp. Dih.          LJ-14
    4.98311e+01    3.23396e+02    2.19621e+02    4.03344e+01    5.66353e+02
     Coulomb-14        LJ (SR)  Disper. corr.   Coulomb (SR)   Coul. recip.
    4.89992e+03   -1.94892e+03   -3.33236e+02   -7.39154e+03    7.20567e+02
      Potential Pres. DC (bar) Pressure (bar)   Constr. rmsd
   -2.85367e+03   -2.92209e+02    1.26219e+04    6.34787e-07

           Step           Time
            201      201.00000

   Energies (kJ/mol)
           Bond          Angle    Proper Dih. Per. Imp. Dih.          LJ-14
    5.83564e+01    3.21260e+02    2.19339e+02    4.02397e+01    5.66113e+02
     Coulomb-14        LJ (SR)  Disper. corr.   Coulomb (SR)   Coul. recip.
    4.89888e+03   -1.95705e+03   -3.33236e+02   -7.39128e+03    7.18806e+02
      Potential Pres. DC (bar) Pressure (bar)   Constr. rmsd
   -2.85857e+03   -2.92209e+02    1.27055e+04    6.57630e-07

           Step           Time
            202      202.00000

   Energies (kJ/mol)
           Bond          Angle    Proper Dih. Per. Imp. Dih.          LJ-14
    5.03936e+01    3.23228e+02    2.19230e+02    4.02053e+01    5.65900e+02
     Coulomb-14        LJ (SR)  Disper. corr.   Coulomb (SR)   Coul. recip.
    4.89996e+03   -1.95835e+03   -3.33236e+02   -7.39320e+03    7.19972e+02
      Potential Pres. DC (bar) Pressure (bar)   Constr. rmsd
   -2.86590e+03   -2.92209e+02    1.25346e+04    6.19272e-07

           Step           Time
            203      203.00000

   Energies (kJ/mol)
           Bond          Angle    Proper Dih. Per. Imp. Dih.          LJ-14
    6.57566e+01    3.20808e+02    2.18902e+02    4.00968e+01    5.65660e+02
     Coulomb-14        LJ (SR)  Disper. corr.   Coulomb (SR)   Coul. recip.
    4.89851e+03   -1.96788e+03   -3.33236e+02   -7.39251e+03    7.17645e+02
      Potential Pres. DC (bar) Pressure (bar)   Constr. rmsd
   -2.86624e+03   -2.92209e+02    1.26660e+04    6.53828e-07

           Step           Time
            204      204.00000

   Energies (kJ/mol)
           Bond          Angle    Proper Dih. Per. Imp. Dih.          LJ-14
    5.24644e+01    3.23498e+02    2.18825e+02    4.00766e+01    5.65445e+02
     Coulomb-14        LJ (SR)  Disper. corr.   Coulomb (SR)   Coul. recip.
    4.90009e+03   -1.96777e+03   -3.33236e+02   -7.39500e+03    7.19473e+02
      Potential Pres. DC (bar) Pressure (bar)   Constr. rmsd
   -2.87613e+03   -2.92209e+02    1.24339e+04    6.66623e-07

           Step           Time
            205      205.00000

           Step           Time
            206      206.00000

   Energies (kJ/mol)
           Bond          Angle    Proper Dih. Per. Imp. Dih.          LJ-14
    5.22733e+01    3.20298e+02    2.18638e+02    4.00129e+01    5.65303e+02
     Coulomb-14        LJ (SR)  Disper. corr.   Coulomb (SR)   Coul. recip.
    4.89907e+03   -1.97339e+03   -3.33236e+02   -7.39429e+03    7.17895e+02
      Potential Pres. DC (bar) Pressure (bar)   Constr. rmsd
   -2.88743e+03   -2.92209e+02    1.25411e+04    6.61910e-07

           Step           Time
            207      207.00000

   Energies (kJ/mol)
           Bond          Angle    Proper Dih. Per. Imp. Dih.          LJ-14
    5.38900e+01    3.23332e+02    2.18332e+02    3.99149e+01    5.64910e+02
     Coulomb-14        LJ (SR)  Disper. corr.   Coulomb (SR)   Coul. recip.
    4.90010e+03   -1.97911e+03   -3.33236e+02   -7.39695e+03    7.18687e+02
      Potential Pres. DC (bar) Pressure (bar)   Constr. rmsd
   -2.89013e+03   -2.92209e+02    1.23358e+04    6.32143e-07

           Step           Time
            208      208.00000

   Energies (kJ/mol)
           Bond          Angle    Proper Dih. Per. Imp. Dih.          LJ-14
    5.76961e+01    3.19385e+02    2.18088e+02    3.98348e+01    5.64746e+02
     Coulomb-14        LJ (SR)  Disper. corr.   Coulomb (SR)   Coul. recip.
    4.89866e+03   -1.98642e+03   -3.33236e+02   -7.39583e+03    7.16524e+02
      Potential Pres. DC (bar) Pressure (bar)   Constr. rmsd
   -2.90055e+03   -2.92209e+02    1.24897e+04    6.38489e-07

           Step           Time
            209      209.00000

           Step           Time
            210      210.00000

   Energies (kJ/mol)
           Bond          Angle    Proper Dih. Per. Imp. Dih.          LJ-14
    4.86241e+01    3.20333e+02    2.18004e+02    3.98120e+01    5.64589e+02
     Coulomb-14        LJ (SR)  Disper. corr.   Coulomb (SR)   Coul. recip.
    4.89944e+03   -1.98734e+03   -3.33236e+02   -7.39726e+03    7.17343e+02
      Potential Pres. DC (bar) Pressure (bar)   Constr. rmsd
   -2.90968e+03   -2.92209e+02    1.23674e+04    6.33510e-07

           Step           Time
            211      211.00000

   Energies (kJ/mol)
           Bond          Angle    Proper Dih. Per. Imp. Dih.          LJ-14
    6.41837e+01    3.18750e+02    2.17483e+02    3.96456e+01    5.64142e+02
     Coulomb-14        LJ (SR)  Disper. corr.   Coulomb (SR)   Coul. recip.
    4.89829e+03   -2.00029e+03   -3.33236e+02   -7.39760e+03    7.15143e+02
      Potential Pres. DC (bar) Pressure (bar)   Constr. rmsd
   -2.91349e+03   -2.92209e+02    1.24230e+04    6.44600e-07

           Step           Time
            212      212.00000

   Energies (kJ/mol)
           Bond          Angle    Proper Dih. Per. Imp. Dih.          LJ-14
    4.85344e+01    3.19838e+02    2.17418e+02    3.96320e+01    5.63974e+02
     Coulomb-14        LJ (SR)  Disper. corr.   Coulomb (SR)   Coul. recip.
    4.89945e+03   -2.00034e+03   -3.33236e+02   -7.39948e+03    7.16419e+02
      Potential Pres. DC (bar) Pressure (bar)   Constr. rmsd
   -2.92779e+03   -2.92209e+02    1.22562e+04    6.53583e-07

           Step           Time
            213      213.00000

           Step           Time
            214      214.00000

   Energies (kJ/mol)
           Bond          Angle    Proper Dih. Per. Imp. Dih.          LJ-14
    5.38135e+01    3.18092e+02    2.17152e+02    3.95455e+01    5.63764e+02
     Coulomb-14        LJ (SR)  Disper. corr.   Coulomb (SR)   Coul. recip.
    4.89866e+03   -2.00698e+03   -3.33236e+02   -7.39932e+03    7.15066e+02
      Potential Pres. DC (bar) Pressure (bar)   Constr. rmsd
   -2.93345e+03   -2.92209e+02    1.23155e+04    6.53958e-07

           Step           Time
            215      215.00000

   Energies (kJ/mol)
           Bond          Angle    Proper Dih. Per. Imp. Dih.          LJ-14
    4.87160e+01    3.19570e+02    2.17012e+02    3.95076e+01    5.63568e+02
     Coulomb-14        LJ (SR)  Disper. corr.   Coulomb (SR)   Coul. recip.
    4.89945e+03   -2.00897e+03   -3.33236e+02   -7.40098e+03    7.15813e+02
      Potential Pres. DC (bar) Pressure (bar)   Constr. rmsd
   -2.93954e+03   -2.92209e+02    1.21813e+04    6.16279e-07

           Step           Time
            216      216.00000

   Energies (kJ/mol)
           Bond          Angle    Proper Dih. Per. Imp. Dih.          LJ-14
    5.86046e+01    3.17517e+02    2.16696e+02    3.94063e+01    5.63340e+02
     Coulomb-14        LJ (SR)  Disper. corr.   Coulomb (SR)   Coul. recip.
    4.89835e+03   -2.01696e+03   -3.33236e+02   -7.40053e+03    7.14016e+02
      Potential Pres. DC (bar) Pressure (bar)   Constr. rmsd
   -2.94279e+03   -2.92209e+02    1.22740e+04    6.27725e-07

           Step           Time
            217      217.00000

   Energies (kJ/mol)
           Bond          Angle    Proper Dih. Per. Imp. Dih.          LJ-14
    4.96694e+01    3.19562e+02    2.16589e+02    3.93827e+01    5.63152e+02
     Coulomb-14        LJ (SR)  Disper. corr.   Coulomb (SR)   Coul. recip.
    4.89952e+03   -2.01774e+03   -3.33236e+02   -7.40261e+03    7.15260e+02
      Potential Pres. DC (bar) Pressure (bar)   Constr. rmsd
   -2.95045e+03   -2.92209e+02    1.20953e+04    6.65074e-07

           Step           Time
            218      218.00000

           Step           Time
            219      219.00000

   Energies (kJ/mol)
           Bond          Angle    Proper Dih. Per. Imp. Dih.          LJ-14
    5.02780e+01    3.17265e+02    2.16409e+02    3.93233e+01    5.63021e+02
     Coulomb-14        LJ (SR)  Disper. corr.   Coulomb (SR)   Coul. recip.
    4.89874e+03   -2.02243e+03   -3.33236e+02   -7.40211e+03    7.14054e+02
      Potential Pres. DC (bar) Pressure (bar)   Constr. rmsd
   -2.95869e+03   -2.92209e+02    1.21714e+04    6.33882e-07

           Step           Time
            220      220.00000

   Energies (kJ/mol)
           Bond          Angle    Proper Dih. Per. Imp. Dih.          LJ-14
    5.02009e+01    3.19209e+02    2.16080e+02    3.92298e+01    5.62664e+02
     Coulomb-14        LJ (SR)  Disper. corr.   Coulomb (SR)   Coul. recip.
    4.89949e+03   -2.02823e+03   -3.33236e+02   -7.40440e+03    7.14472e+02
      Potential Pres. DC (bar) Pressure (bar)   Constr. rmsd
   -2.96451e+03   -2.92209e+02    1.20088e+04    6.35008e-07

           Step           Time
            221      221.00000

   Energies (kJ/mol)
           Bond          Angle    Proper Dih. Per. Imp. Dih.          LJ-14
    5.40101e+01    3.16379e+02    2.15842e+02    3.91533e+01    5.62507e+02
     Coulomb-14        LJ (SR)  Disper. corr.   Coulomb (SR)   Coul. recip.
    4.89840e+03   -2.03439e+03   -3.33236e+02   -7.40360e+03    7.12813e+02
      Potential Pres. DC (bar) Pressure (bar)   Constr. rmsd
   -2.97213e+03   -2.92209e+02    1.21190e+04    6.39487e-07

           Step           Time
            222      222.00000

   Energies (kJ/mol)
           Bond          Angle    Proper Dih. Per. Imp. Dih.          LJ-14
    5.22305e+01    3.19394e+02    2.15660e+02    3.91109e+01    5.62273e+02
     Coulomb-14        LJ (SR)  Disper. corr.   Coulomb (SR)   Coul. recip.
    4.89957e+03   -2.03656e+03   -3.33236e+02   -7.40600e+03    7.13945e+02
      Potential Pres. DC (bar) Pressure (bar)   Constr. rmsd
   -2.97361e+03   -2.92209e+02    1.19246e+04    6.52538e-07

           Step           Time
            223      223.00000

   Energies (kJ/mol)
           Bond          Angle    Proper Dih. Per. Imp. Dih.          LJ-14
    6.11934e+01    3.15957e+02    2.15369e+02    3.90159e+01    5.62103e+02
     Coulomb-14        LJ (SR)  Disper. corr.   Coulomb (SR)   Coul. recip.
    4.89801e+03   -2.04424e+03   -3.33236e+02   -7.40468e+03    7.11698e+02
      Potential Pres. DC (bar) Pressure (bar)   Constr. rmsd
   -2.97881e+03   -2.92209e+02    1.20873e+04    6.39570e-07

           Step           Time
            224      224.00000

           Step           Time
            225      225.00000

   Energies (kJ/mol)
           Bond          Angle    Proper Dih. Per. Imp. Dih.          LJ-14
    4.74962e+01    3.16446e+02    2.15308e+02    3.90066e+01    5.61972e+02
     Coulomb-14        LJ (SR)  Disper. corr.   Coulomb (SR)   Coul. recip.
    4.89887e+03   -2.04444e+03   -3.33236e+02   -7.40617e+03    7.12602e+02
      Potential Pres. DC (bar) Pressure (bar)   Constr. rmsd
   -2.99215e+03   -2.92209e+02    1.19627e+04    6.27777e-07


Steepest Descents converged to Fmax < 500 in 226 steps
Potential Energy  = -2.9921455e+03
Maximum force     =  4.7859875e+02 on atom 257
Norm of force     =  5.0482976e+01

    D O M A I N   D E C O M P O S I T I O N   S T A T I S T I C S

 av. #atoms communicated per step for force:  2 x 0.0
 av. #atoms communicated per step for LINCS:  3 x 0.0

Finished mdrun on rank 0 Tue Oct  6 04:39:41 2026

